"study","wave","source_var","member_rule","gate_var","gate_code","source_code","n"
"qes2022","cps","cps_age_in_years",,,,"18",8
"qes2022","cps","cps_age_in_years",,,,"19",10
"qes2022","cps","cps_age_in_years",,,,"20",15
"qes2022","cps","cps_age_in_years",,,,"21",14
"qes2022","cps","cps_age_in_years",,,,"22",30
"qes2022","cps","cps_age_in_years",,,,"23",25
"qes2022","cps","cps_age_in_years",,,,"24",20
"qes2022","cps","cps_age_in_years",,,,"25",20
"qes2022","cps","cps_age_in_years",,,,"26",32
"qes2022","cps","cps_age_in_years",,,,"27",24
"qes2022","cps","cps_age_in_years",,,,"28",27
"qes2022","cps","cps_age_in_years",,,,"29",31
"qes2022","cps","cps_age_in_years",,,,"30",32
"qes2022","cps","cps_age_in_years",,,,"31",27
"qes2022","cps","cps_age_in_years",,,,"32",30
"qes2022","cps","cps_age_in_years",,,,"33",13
"qes2022","cps","cps_age_in_years",,,,"34",27
"qes2022","cps","cps_age_in_years",,,,"35",19
"qes2022","cps","cps_age_in_years",,,,"36",17
"qes2022","cps","cps_age_in_years",,,,"37",23
"qes2022","cps","cps_age_in_years",,,,"38",21
"qes2022","cps","cps_age_in_years",,,,"39",30
"qes2022","cps","cps_age_in_years",,,,"40",28
"qes2022","cps","cps_age_in_years",,,,"41",19
"qes2022","cps","cps_age_in_years",,,,"42",37
"qes2022","cps","cps_age_in_years",,,,"43",34
"qes2022","cps","cps_age_in_years",,,,"44",27
"qes2022","cps","cps_age_in_years",,,,"45",25
"qes2022","cps","cps_age_in_years",,,,"46",23
"qes2022","cps","cps_age_in_years",,,,"47",22
"qes2022","cps","cps_age_in_years",,,,"48",19
"qes2022","cps","cps_age_in_years",,,,"49",14
"qes2022","cps","cps_age_in_years",,,,"50",25
"qes2022","cps","cps_age_in_years",,,,"51",25
"qes2022","cps","cps_age_in_years",,,,"52",20
"qes2022","cps","cps_age_in_years",,,,"53",30
"qes2022","cps","cps_age_in_years",,,,"54",33
"qes2022","cps","cps_age_in_years",,,,"55",20
"qes2022","cps","cps_age_in_years",,,,"56",19
"qes2022","cps","cps_age_in_years",,,,"57",15
"qes2022","cps","cps_age_in_years",,,,"58",30
"qes2022","cps","cps_age_in_years",,,,"59",29
"qes2022","cps","cps_age_in_years",,,,"60",35
"qes2022","cps","cps_age_in_years",,,,"61",31
"qes2022","cps","cps_age_in_years",,,,"62",33
"qes2022","cps","cps_age_in_years",,,,"63",28
"qes2022","cps","cps_age_in_years",,,,"64",31
"qes2022","cps","cps_age_in_years",,,,"65",30
"qes2022","cps","cps_age_in_years",,,,"66",22
"qes2022","cps","cps_age_in_years",,,,"67",21
"qes2022","cps","cps_age_in_years",,,,"68",19
"qes2022","cps","cps_age_in_years",,,,"69",18
"qes2022","cps","cps_age_in_years",,,,"70",26
"qes2022","cps","cps_age_in_years",,,,"71",38
"qes2022","cps","cps_age_in_years",,,,"72",31
"qes2022","cps","cps_age_in_years",,,,"73",33
"qes2022","cps","cps_age_in_years",,,,"74",20
"qes2022","cps","cps_age_in_years",,,,"75",24
"qes2022","cps","cps_age_in_years",,,,"76",16
"qes2022","cps","cps_age_in_years",,,,"77",16
"qes2022","cps","cps_age_in_years",,,,"78",14
"qes2022","cps","cps_age_in_years",,,,"79",16
"qes2022","cps","cps_age_in_years",,,,"80",12
"qes2022","cps","cps_age_in_years",,,,"81",6
"qes2022","cps","cps_age_in_years",,,,"82",2
"qes2022","cps","cps_age_in_years",,,,"83",5
"qes2022","cps","cps_age_in_years",,,,"85",1
"qes2022","cps","cps_age_in_years",,,,"86",1
"qes2022","cps","cps_age_in_years",,,,"87",1
"qes2022","cps","cps_age_in_years",,,,"88",1
"qes2022","cps","cps_age_in_years",,,,"91",1
"qes2022","cps","cps_borncda",,,,"1",1416
"qes2022","cps","cps_borncda",,,,"2",105
"qes2022","cps","cps_citizen",,,,"1",1521
"qes2022","cps","cps_edu",,,,"2",3
"qes2022","cps","cps_edu",,,,"3",11
"qes2022","cps","cps_edu",,,,"4",49
"qes2022","cps","cps_edu",,,,"5",219
"qes2022","cps","cps_edu",,,,"6",165
"qes2022","cps","cps_edu",,,,"7",328
"qes2022","cps","cps_edu",,,,"8",174
"qes2022","cps","cps_edu",,,,"9",375
"qes2022","cps","cps_edu",,,,"10",145
"qes2022","cps","cps_edu",,,,"11",52
"qes2022","cps","cps_fedpid",,,,"-99",1
"qes2022","cps","cps_fedpid",,,,"1",399
"qes2022","cps","cps_fedpid",,,,"2",232
"qes2022","cps","cps_fedpid",,,,"3",217
"qes2022","cps","cps_fedpid",,,,"4",45
"qes2022","cps","cps_fedpid",,,,"5",9
"qes2022","cps","cps_fedpid",,,,"6",146
"qes2022","cps","cps_fedpid",,,,"7",28
"qes2022","cps","cps_fedpid",,,,"8",444
"qes2022","cps","cps_genderid",,,,"1",724
"qes2022","cps","cps_genderid",,,,"2",791
"qes2022","cps","cps_genderid",,,,"3",5
"qes2022","cps","cps_genderid",,,,"4",1
"qes2022","cps","cps_ideoself_1",,,,"-99",34
"qes2022","cps","cps_ideoself_1",,,,"0",32
"qes2022","cps","cps_ideoself_1",,,,"1",36
"qes2022","cps","cps_ideoself_1",,,,"2",111
"qes2022","cps","cps_ideoself_1",,,,"3",165
"qes2022","cps","cps_ideoself_1",,,,"4",182
"qes2022","cps","cps_ideoself_1",,,,"5",418
"qes2022","cps","cps_ideoself_1",,,,"6",221
"qes2022","cps","cps_ideoself_1",,,,"7",183
"qes2022","cps","cps_ideoself_1",,,,"8",84
"qes2022","cps","cps_ideoself_1",,,,"9",25
"qes2022","cps","cps_ideoself_1",,,,"10",30
"qes2022","cps","cps_interest_1",,,,"-99",13
"qes2022","cps","cps_interest_1",,,,"0",40
"qes2022","cps","cps_interest_1",,,,"1",40
"qes2022","cps","cps_interest_1",,,,"2",69
"qes2022","cps","cps_interest_1",,,,"3",89
"qes2022","cps","cps_interest_1",,,,"4",69
"qes2022","cps","cps_interest_1",,,,"5",130
"qes2022","cps","cps_interest_1",,,,"6",172
"qes2022","cps","cps_interest_1",,,,"7",257
"qes2022","cps","cps_interest_1",,,,"8",296
"qes2022","cps","cps_interest_1",,,,"9",167
"qes2022","cps","cps_interest_1",,,,"10",179
"qes2022","cps","cps_provpid",,,,"1",211
"qes2022","cps","cps_provpid",,,,"2",221
"qes2022","cps","cps_provpid",,,,"3",472
"qes2022","cps","cps_provpid",,,,"4",257
"qes2022","cps","cps_provpid",,,,"5",15
"qes2022","cps","cps_provpid",,,,"6",169
"qes2022","cps","cps_provpid",,,,"7",176
"qes2022","cps","cps_qc_referendum",,,,"1",467
"qes2022","cps","cps_qc_referendum",,,,"2",817
"qes2022","cps","cps_qc_referendum",,,,"3",237
"qes2022","cps","cps_turnout",,,,"1",1295
"qes2022","cps","cps_turnout",,,,"2",137
"qes2022","cps","cps_turnout",,,,"3",62
"qes2022","cps","cps_turnout",,,,"4",26
"qes2022","cps","cps_turnout",,,,"5",1
"qes2022","cps","cps_votechoice1",,"cps_turnout","1","1",112
"qes2022","cps","cps_votechoice1",,"cps_turnout","1","2",153
"qes2022","cps","cps_votechoice1",,"cps_turnout","1","3",420
"qes2022","cps","cps_votechoice1",,"cps_turnout","1","4",239
"qes2022","cps","cps_votechoice1",,"cps_turnout","1","5",182
"qes2022","cps","cps_votechoice1",,"cps_turnout","1","8",15
"qes2022","cps","cps_votechoice1",,"cps_turnout","1","9",33
"qes2022","cps","cps_votechoice1",,"cps_turnout","1","10",141
"qes2022","cps","cps_votechoice1",,"cps_turnout","2","1",18
"qes2022","cps","cps_votechoice1",,"cps_turnout","2","2",11
"qes2022","cps","cps_votechoice1",,"cps_turnout","2","3",30
"qes2022","cps","cps_votechoice1",,"cps_turnout","2","4",24
"qes2022","cps","cps_votechoice1",,"cps_turnout","2","5",7
"qes2022","cps","cps_votechoice1",,"cps_turnout","2","8",6
"qes2022","cps","cps_votechoice1",,"cps_turnout","2","9",3
"qes2022","cps","cps_votechoice1",,"cps_turnout","2","10",38
"qes2022","cps","cps_votechoice1",,"cps_turnout","3","NA",62
"qes2022","cps","cps_votechoice1",,"cps_turnout","4","NA",26
"qes2022","cps","cps_votechoice1",,"cps_turnout","5","NA",1
"qes2022","cps","cps_votechoice1_8_TEXT",,"cps_turnout","1","-99",1280
"qes2022","cps","cps_votechoice1_8_TEXT",,"cps_turnout","1","<text>",15
"qes2022","cps","cps_votechoice1_8_TEXT",,"cps_turnout","2","-99",131
"qes2022","cps","cps_votechoice1_8_TEXT",,"cps_turnout","2","<text>",6
"qes2022","cps","cps_votechoice1_8_TEXT",,"cps_turnout","3","NA",62
"qes2022","cps","cps_votechoice1_8_TEXT",,"cps_turnout","4","NA",26
"qes2022","cps","cps_votechoice1_8_TEXT",,"cps_turnout","5","NA",1
"qes2022","cps","cps_yob",,,,"-99",2
"qes2022","cps","cps_yob",,,,"12",1
"qes2022","cps","cps_yob",,,,"15",1
"qes2022","cps","cps_yob",,,,"16",1
"qes2022","cps","cps_yob",,,,"17",2
"qes2022","cps","cps_yob",,,,"19",3
"qes2022","cps","cps_yob",,,,"20",2
"qes2022","cps","cps_yob",,,,"21",2
"qes2022","cps","cps_yob",,,,"22",8
"qes2022","cps","cps_yob",,,,"23",14
"qes2022","cps","cps_yob",,,,"24",14
"qes2022","cps","cps_yob",,,,"25",18
"qes2022","cps","cps_yob",,,,"26",11
"qes2022","cps","cps_yob",,,,"27",19
"qes2022","cps","cps_yob",,,,"28",26
"qes2022","cps","cps_yob",,,,"29",23
"qes2022","cps","cps_yob",,,,"30",35
"qes2022","cps","cps_yob",,,,"31",28
"qes2022","cps","cps_yob",,,,"32",34
"qes2022","cps","cps_yob",,,,"33",26
"qes2022","cps","cps_yob",,,,"34",18
"qes2022","cps","cps_yob",,,,"35",20
"qes2022","cps","cps_yob",,,,"36",28
"qes2022","cps","cps_yob",,,,"37",22
"qes2022","cps","cps_yob",,,,"38",28
"qes2022","cps","cps_yob",,,,"39",29
"qes2022","cps","cps_yob",,,,"40",27
"qes2022","cps","cps_yob",,,,"41",39
"qes2022","cps","cps_yob",,,,"42",27
"qes2022","cps","cps_yob",,,,"43",29
"qes2022","cps","cps_yob",,,,"44",31
"qes2022","cps","cps_yob",,,,"45",26
"qes2022","cps","cps_yob",,,,"46",16
"qes2022","cps","cps_yob",,,,"47",19
"qes2022","cps","cps_yob",,,,"48",26
"qes2022","cps","cps_yob",,,,"49",30
"qes2022","cps","cps_yob",,,,"50",30
"qes2022","cps","cps_yob",,,,"51",19
"qes2022","cps","cps_yob",,,,"52",25
"qes2022","cps","cps_yob",,,,"53",17
"qes2022","cps","cps_yob",,,,"54",22
"qes2022","cps","cps_yob",,,,"55",20
"qes2022","cps","cps_yob",,,,"56",19
"qes2022","cps","cps_yob",,,,"57",24
"qes2022","cps","cps_yob",,,,"58",22
"qes2022","cps","cps_yob",,,,"59",37
"qes2022","cps","cps_yob",,,,"60",32
"qes2022","cps","cps_yob",,,,"61",35
"qes2022","cps","cps_yob",,,,"62",18
"qes2022","cps","cps_yob",,,,"63",31
"qes2022","cps","cps_yob",,,,"64",24
"qes2022","cps","cps_yob",,,,"65",22
"qes2022","cps","cps_yob",,,,"66",22
"qes2022","cps","cps_yob",,,,"67",14
"qes2022","cps","cps_yob",,,,"68",19
"qes2022","cps","cps_yob",,,,"69",31
"qes2022","cps","cps_yob",,,,"70",16
"qes2022","cps","cps_yob",,,,"71",27
"qes2022","cps","cps_yob",,,,"72",26
"qes2022","cps","cps_yob",,,,"73",42
"qes2022","cps","cps_yob",,,,"74",23
"qes2022","cps","cps_yob",,,,"75",26
"qes2022","cps","cps_yob",,,,"76",23
"qes2022","cps","cps_yob",,,,"77",32
"qes2022","cps","cps_yob",,,,"78",23
"qes2022","cps","cps_yob",,,,"79",20
"qes2022","cps","cps_yob",,,,"80",27
"qes2022","cps","cps_yob",,,,"81",26
"qes2022","cps","cps_yob",,,,"82",16
"qes2022","cps","cps_yob",,,,"83",10
"qes2022","cps","cps_yob",,,,"84",11
"qes2022","cps","cps_yob",,,,"85",5
"qes2022","pes","pes_turnout","pes_StartDate=!NA",,,"1",1109
"qes2022","pes","pes_turnout","pes_StartDate=!NA",,,"2",47
"qes2022","pes","pes_turnout","pes_StartDate=!NA",,,"3",47
"qes2022","pes","pes_turnout","pes_StartDate=!NA",,,"4",12
"qes2022","pes","pes_turnout","pes_StartDate=!NA",,,"5",3
"qes2022","pes","pes_turnout","pes_StartDate=!NA",,,"6",2
"qes2022","pes","pes_votechoice","pes_StartDate=!NA","pes_turnout","1","1",146
"qes2022","pes","pes_votechoice","pes_StartDate=!NA","pes_turnout","1","2",206
"qes2022","pes","pes_votechoice","pes_StartDate=!NA","pes_turnout","1","3",364
"qes2022","pes","pes_votechoice","pes_StartDate=!NA","pes_turnout","1","4",209
"qes2022","pes","pes_votechoice","pes_StartDate=!NA","pes_turnout","1","5",31
"qes2022","pes","pes_votechoice","pes_StartDate=!NA","pes_turnout","1","6",8
"qes2022","pes","pes_votechoice","pes_StartDate=!NA","pes_turnout","1","7",145
"qes2022","pes","pes_votechoice","pes_StartDate=!NA","pes_turnout","2","NA",47
"qes2022","pes","pes_votechoice","pes_StartDate=!NA","pes_turnout","3","NA",47
"qes2022","pes","pes_votechoice","pes_StartDate=!NA","pes_turnout","4","NA",12
"qes2022","pes","pes_votechoice","pes_StartDate=!NA","pes_turnout","5","NA",3
"qes2022","pes","pes_votechoice","pes_StartDate=!NA","pes_turnout","6","NA",2
