"study","wave","target","source_var","value","na_reason","n"
"qes2022","pes","vote_prov_recall","pes_votechoice","PLQ",,146
"qes2022","pes","vote_prov_recall","pes_votechoice","PQ",,206
"qes2022","pes","vote_prov_recall","pes_votechoice","CAQ",,364
"qes2022","pes","vote_prov_recall","pes_votechoice","QS",,209
"qes2022","pes","vote_prov_recall","pes_votechoice","PCQ",,145
"qes2022","pes","vote_prov_recall","pes_votechoice","other",,31
"qes2022","pes","vote_prov_recall","pes_votechoice",,"dk",2
"qes2022","pes","vote_prov_recall","pes_votechoice",,"not_voted",106
"qes2022","pes","vote_prov_recall","pes_votechoice",,"spoiled",8
"qes2022","pes","vote_prov_recall","pes_votechoice",,"not_registered",3
"qes2022","pes","turnout_prov_recall","pes_turnout","yes",,1109
"qes2022","pes","turnout_prov_recall","pes_turnout","no",,106
"qes2022","pes","turnout_prov_recall","pes_turnout",,"dk",2
"qes2022","pes","turnout_prov_recall","pes_turnout",,"not_registered",3
"qes2022","cps","vote_prov_intent","cps_votechoice1","PLQ",,130
"qes2022","cps","vote_prov_intent","cps_votechoice1","PQ",,164
"qes2022","cps","vote_prov_intent","cps_votechoice1","CAQ",,450
"qes2022","cps","vote_prov_intent","cps_votechoice1","QS",,263
"qes2022","cps","vote_prov_intent","cps_votechoice1","PCQ",,189
"qes2022","cps","vote_prov_intent","cps_votechoice1","other",,21
"qes2022","cps","vote_prov_intent","cps_votechoice1",,"dk",179
"qes2022","cps","vote_prov_intent","cps_votechoice1",,"refused",36
"qes2022","cps","vote_prov_intent","cps_votechoice1",,"inapplicable",89
"qes2022","cps","lr_self","cps_ideoself_1","0",,32
"qes2022","cps","lr_self","cps_ideoself_1","1",,36
"qes2022","cps","lr_self","cps_ideoself_1","2",,111
"qes2022","cps","lr_self","cps_ideoself_1","3",,165
"qes2022","cps","lr_self","cps_ideoself_1","4",,182
"qes2022","cps","lr_self","cps_ideoself_1","5",,418
"qes2022","cps","lr_self","cps_ideoself_1","6",,221
"qes2022","cps","lr_self","cps_ideoself_1","7",,183
"qes2022","cps","lr_self","cps_ideoself_1","8",,84
"qes2022","cps","lr_self","cps_ideoself_1","9",,25
"qes2022","cps","lr_self","cps_ideoself_1","10",,30
"qes2022","cps","lr_self","cps_ideoself_1",,"no_answer",34
"qes2022","cps","birth_year","cps_yob","1931",,1
"qes2022","cps","birth_year","cps_yob","1934",,1
"qes2022","cps","birth_year","cps_yob","1935",,1
"qes2022","cps","birth_year","cps_yob","1936",,2
"qes2022","cps","birth_year","cps_yob","1938",,3
"qes2022","cps","birth_year","cps_yob","1939",,2
"qes2022","cps","birth_year","cps_yob","1940",,2
"qes2022","cps","birth_year","cps_yob","1941",,8
"qes2022","cps","birth_year","cps_yob","1942",,14
"qes2022","cps","birth_year","cps_yob","1943",,14
"qes2022","cps","birth_year","cps_yob","1944",,18
"qes2022","cps","birth_year","cps_yob","1945",,11
"qes2022","cps","birth_year","cps_yob","1946",,19
"qes2022","cps","birth_year","cps_yob","1947",,26
"qes2022","cps","birth_year","cps_yob","1948",,23
"qes2022","cps","birth_year","cps_yob","1949",,35
"qes2022","cps","birth_year","cps_yob","1950",,28
"qes2022","cps","birth_year","cps_yob","1951",,34
"qes2022","cps","birth_year","cps_yob","1952",,26
"qes2022","cps","birth_year","cps_yob","1953",,18
"qes2022","cps","birth_year","cps_yob","1954",,20
"qes2022","cps","birth_year","cps_yob","1955",,28
"qes2022","cps","birth_year","cps_yob","1956",,22
"qes2022","cps","birth_year","cps_yob","1957",,28
"qes2022","cps","birth_year","cps_yob","1958",,29
"qes2022","cps","birth_year","cps_yob","1959",,27
"qes2022","cps","birth_year","cps_yob","1960",,39
"qes2022","cps","birth_year","cps_yob","1961",,27
"qes2022","cps","birth_year","cps_yob","1962",,29
"qes2022","cps","birth_year","cps_yob","1963",,31
"qes2022","cps","birth_year","cps_yob","1964",,26
"qes2022","cps","birth_year","cps_yob","1965",,16
"qes2022","cps","birth_year","cps_yob","1966",,19
"qes2022","cps","birth_year","cps_yob","1967",,26
"qes2022","cps","birth_year","cps_yob","1968",,30
"qes2022","cps","birth_year","cps_yob","1969",,30
"qes2022","cps","birth_year","cps_yob","1970",,19
"qes2022","cps","birth_year","cps_yob","1971",,25
"qes2022","cps","birth_year","cps_yob","1972",,17
"qes2022","cps","birth_year","cps_yob","1973",,22
"qes2022","cps","birth_year","cps_yob","1974",,20
"qes2022","cps","birth_year","cps_yob","1975",,19
"qes2022","cps","birth_year","cps_yob","1976",,24
"qes2022","cps","birth_year","cps_yob","1977",,22
"qes2022","cps","birth_year","cps_yob","1978",,37
"qes2022","cps","birth_year","cps_yob","1979",,32
"qes2022","cps","birth_year","cps_yob","1980",,35
"qes2022","cps","birth_year","cps_yob","1981",,18
"qes2022","cps","birth_year","cps_yob","1982",,31
"qes2022","cps","birth_year","cps_yob","1983",,24
"qes2022","cps","birth_year","cps_yob","1984",,22
"qes2022","cps","birth_year","cps_yob","1985",,22
"qes2022","cps","birth_year","cps_yob","1986",,14
"qes2022","cps","birth_year","cps_yob","1987",,19
"qes2022","cps","birth_year","cps_yob","1988",,31
"qes2022","cps","birth_year","cps_yob","1989",,16
"qes2022","cps","birth_year","cps_yob","1990",,27
"qes2022","cps","birth_year","cps_yob","1991",,26
"qes2022","cps","birth_year","cps_yob","1992",,42
"qes2022","cps","birth_year","cps_yob","1993",,23
"qes2022","cps","birth_year","cps_yob","1994",,26
"qes2022","cps","birth_year","cps_yob","1995",,23
"qes2022","cps","birth_year","cps_yob","1996",,32
"qes2022","cps","birth_year","cps_yob","1997",,23
"qes2022","cps","birth_year","cps_yob","1998",,20
"qes2022","cps","birth_year","cps_yob","1999",,27
"qes2022","cps","birth_year","cps_yob","2000",,26
"qes2022","cps","birth_year","cps_yob","2001",,16
"qes2022","cps","birth_year","cps_yob","2002",,10
"qes2022","cps","birth_year","cps_yob","2003",,11
"qes2022","cps","birth_year","cps_yob","2004",,5
"qes2022","cps","birth_year","cps_yob",,"no_answer",2
"qes2022","cps","sov_indep","cps_qc_referendum","yes",,467
"qes2022","cps","sov_indep","cps_qc_referendum","no",,817
"qes2022","cps","sov_indep","cps_qc_referendum",,"dk",237
"qes2022","cps","pid_prov","cps_provpid","PLQ",,211
"qes2022","cps","pid_prov","cps_provpid","PQ",,221
"qes2022","cps","pid_prov","cps_provpid","CAQ",,472
"qes2022","cps","pid_prov","cps_provpid","QS",,257
"qes2022","cps","pid_prov","cps_provpid","PCQ",,176
"qes2022","cps","pid_prov","cps_provpid","other",,15
"qes2022","cps","pid_prov","cps_provpid","none",,169
"qes2022","cps","age","cps_age_in_years","18",,8
"qes2022","cps","age","cps_age_in_years","19",,10
"qes2022","cps","age","cps_age_in_years","20",,15
"qes2022","cps","age","cps_age_in_years","21",,14
"qes2022","cps","age","cps_age_in_years","22",,30
"qes2022","cps","age","cps_age_in_years","23",,25
"qes2022","cps","age","cps_age_in_years","24",,20
"qes2022","cps","age","cps_age_in_years","25",,20
"qes2022","cps","age","cps_age_in_years","26",,32
"qes2022","cps","age","cps_age_in_years","27",,24
"qes2022","cps","age","cps_age_in_years","28",,27
"qes2022","cps","age","cps_age_in_years","29",,31
"qes2022","cps","age","cps_age_in_years","30",,32
"qes2022","cps","age","cps_age_in_years","31",,27
"qes2022","cps","age","cps_age_in_years","32",,30
"qes2022","cps","age","cps_age_in_years","33",,13
"qes2022","cps","age","cps_age_in_years","34",,27
"qes2022","cps","age","cps_age_in_years","35",,19
"qes2022","cps","age","cps_age_in_years","36",,17
"qes2022","cps","age","cps_age_in_years","37",,23
"qes2022","cps","age","cps_age_in_years","38",,21
"qes2022","cps","age","cps_age_in_years","39",,30
"qes2022","cps","age","cps_age_in_years","40",,28
"qes2022","cps","age","cps_age_in_years","41",,19
"qes2022","cps","age","cps_age_in_years","42",,37
"qes2022","cps","age","cps_age_in_years","43",,34
"qes2022","cps","age","cps_age_in_years","44",,27
"qes2022","cps","age","cps_age_in_years","45",,25
"qes2022","cps","age","cps_age_in_years","46",,23
"qes2022","cps","age","cps_age_in_years","47",,22
"qes2022","cps","age","cps_age_in_years","48",,19
"qes2022","cps","age","cps_age_in_years","49",,14
"qes2022","cps","age","cps_age_in_years","50",,25
"qes2022","cps","age","cps_age_in_years","51",,25
"qes2022","cps","age","cps_age_in_years","52",,20
"qes2022","cps","age","cps_age_in_years","53",,30
"qes2022","cps","age","cps_age_in_years","54",,33
"qes2022","cps","age","cps_age_in_years","55",,20
"qes2022","cps","age","cps_age_in_years","56",,19
"qes2022","cps","age","cps_age_in_years","57",,15
"qes2022","cps","age","cps_age_in_years","58",,30
"qes2022","cps","age","cps_age_in_years","59",,29
"qes2022","cps","age","cps_age_in_years","60",,35
"qes2022","cps","age","cps_age_in_years","61",,31
"qes2022","cps","age","cps_age_in_years","62",,33
"qes2022","cps","age","cps_age_in_years","63",,28
"qes2022","cps","age","cps_age_in_years","64",,31
"qes2022","cps","age","cps_age_in_years","65",,30
"qes2022","cps","age","cps_age_in_years","66",,22
"qes2022","cps","age","cps_age_in_years","67",,21
"qes2022","cps","age","cps_age_in_years","68",,19
"qes2022","cps","age","cps_age_in_years","69",,18
"qes2022","cps","age","cps_age_in_years","70",,26
"qes2022","cps","age","cps_age_in_years","71",,38
"qes2022","cps","age","cps_age_in_years","72",,31
"qes2022","cps","age","cps_age_in_years","73",,33
"qes2022","cps","age","cps_age_in_years","74",,20
"qes2022","cps","age","cps_age_in_years","75",,24
"qes2022","cps","age","cps_age_in_years","76",,16
"qes2022","cps","age","cps_age_in_years","77",,16
"qes2022","cps","age","cps_age_in_years","78",,14
"qes2022","cps","age","cps_age_in_years","79",,16
"qes2022","cps","age","cps_age_in_years","80",,12
"qes2022","cps","age","cps_age_in_years","81",,6
"qes2022","cps","age","cps_age_in_years","82",,2
"qes2022","cps","age","cps_age_in_years","83",,5
"qes2022","cps","age","cps_age_in_years","85",,1
"qes2022","cps","age","cps_age_in_years","86",,1
"qes2022","cps","age","cps_age_in_years","87",,1
"qes2022","cps","age","cps_age_in_years","88",,1
"qes2022","cps","age","cps_age_in_years","91",,1
"qes2022","cps","citizen","cps_citizen","yes",,1521
"qes2022","cps","gender","cps_genderid","man",,724
"qes2022","cps","gender","cps_genderid","woman",,791
"qes2022","cps","gender","cps_genderid","nonbinary",,5
"qes2022","cps","gender","cps_genderid","other",,1
"qes2022","cps","education4","cps_edu","primary",,14
"qes2022","cps","education4","cps_edu","secondary",,268
"qes2022","cps","education4","cps_edu","college",,493
"qes2022","cps","education4","cps_edu","university",,746
"qes2022","cps","born_canada","cps_borncda","yes",,1416
"qes2022","cps","born_canada","cps_borncda","no",,105
"qes2022","cps","pid_fed","cps_fedpid","LPC",,399
"qes2022","cps","pid_fed","cps_fedpid","CPC",,232
"qes2022","cps","pid_fed","cps_fedpid","NDP",,217
"qes2022","cps","pid_fed","cps_fedpid","BQ",,444
"qes2022","cps","pid_fed","cps_fedpid","GPC",,45
"qes2022","cps","pid_fed","cps_fedpid","PPC",,28
"qes2022","cps","pid_fed","cps_fedpid","other",,9
"qes2022","cps","pid_fed","cps_fedpid","none",,146
"qes2022","cps","pid_fed","cps_fedpid",,"no_answer",1
"qes2022","cps","turnout_prov_likely","cps_turnout","already_voted",,1
"qes2022","cps","turnout_prov_likely","cps_turnout","certain",,1295
"qes2022","cps","turnout_prov_likely","cps_turnout","likely",,137
"qes2022","cps","turnout_prov_likely","cps_turnout","unlikely",,62
"qes2022","cps","turnout_prov_likely","cps_turnout","certain_not",,26
"qes2022","cps","interest_0_10","cps_interest_1","0",,40
"qes2022","cps","interest_0_10","cps_interest_1","1",,40
"qes2022","cps","interest_0_10","cps_interest_1","2",,69
"qes2022","cps","interest_0_10","cps_interest_1","3",,89
"qes2022","cps","interest_0_10","cps_interest_1","4",,69
"qes2022","cps","interest_0_10","cps_interest_1","5",,130
"qes2022","cps","interest_0_10","cps_interest_1","6",,172
"qes2022","cps","interest_0_10","cps_interest_1","7",,257
"qes2022","cps","interest_0_10","cps_interest_1","8",,296
"qes2022","cps","interest_0_10","cps_interest_1","9",,167
"qes2022","cps","interest_0_10","cps_interest_1","10",,179
"qes2022","cps","interest_0_10","cps_interest_1",,"no_answer",13
