"study","variable","type","na_values"
"qes2022","cps_StartDate","datetime",
"qes2022","cps_EndDate","datetime",
"qes2022","cps_Duration__in_seconds_","numeric",
"qes2022","cps_time","numeric",
"qes2022","cps_RecordedDate","datetime",
"qes2022","ResponseId","character",
"qes2022","cps_UserLanguage","character",
"qes2022","cps_consent","numeric",
"qes2022","cps_citizen","numeric",
"qes2022","cps_province","numeric",
"qes2022","cps_age_in_years","numeric",
"qes2022","cps_genderid","numeric",
"qes2022","cps_genderid_4_TEXT","character",
"qes2022","cps_trans","numeric",
"qes2022","cps_edu","numeric",
"qes2022","cps_satis_can","numeric",
"qes2022","cps_satis_prov","numeric",
"qes2022","cps_impissue_matrix","numeric",
"qes2022","cps_impissue_matrix_DO_1","numeric",
"qes2022","cps_impissue_matrix_DO_2","numeric",
"qes2022","cps_impissue_matrix_DO_3","numeric",
"qes2022","cps_impissue_matrix_DO_4","numeric",
"qes2022","cps_impissue_matrix_DO_5","numeric",
"qes2022","cps_impissue_matrix_DO_6","numeric",
"qes2022","cps_impissue_matrix_DO_7","numeric",
"qes2022","cps_impissue_matrix_DO_8","numeric",
"qes2022","cps_impissue_matrix_DO_9","numeric",
"qes2022","cps_impissue_matrix_DO_10","numeric",
"qes2022","cps_impissue_matrix_DO_11","numeric",
"qes2022","cps_impissue_matrix_DO_12","numeric",
"qes2022","cps_impissue_matrix_DO_13","numeric",
"qes2022","cps_impissue_matrix_DO_14","numeric",
"qes2022","cps_partybest","numeric",
"qes2022","cps_partybest_8_TEXT","character",
"qes2022","cps_partybest_DO_1","numeric",
"qes2022","cps_partybest_DO_2","numeric",
"qes2022","cps_partybest_DO_3","numeric",
"qes2022","cps_partybest_DO_4","numeric",
"qes2022","cps_partybest_DO_5","numeric",
"qes2022","cps_partybest_DO_8","numeric",
"qes2022","cps_interest_1","numeric",
"qes2022","cps_intelection_1","numeric",
"qes2022","cps_turnout","numeric",
"qes2022","cps_howvote1","numeric",
"qes2022","cps_howvote2","numeric",
"qes2022","cps_howvote3","numeric",
"qes2022","cps_votechoice1","numeric",
"qes2022","cps_votechoice1_8_TEXT","character",
"qes2022","cps_votechoice1_DO_1","numeric",
"qes2022","cps_votechoice1_DO_2","numeric",
"qes2022","cps_votechoice1_DO_3","numeric",
"qes2022","cps_votechoice1_DO_4","numeric",
"qes2022","cps_votechoice1_DO_5","numeric",
"qes2022","cps_votechoice1_DO_8","numeric",
"qes2022","cps_votechoice1_DO_9","numeric",
"qes2022","cps_votechoice1_DO_10","numeric",
"qes2022","cps_votechoice2","numeric",
"qes2022","cps_votechoice2_8_TEXT","character",
"qes2022","cps_votechoice2_DO_1","numeric",
"qes2022","cps_votechoice2_DO_2","numeric",
"qes2022","cps_votechoice2_DO_3","numeric",
"qes2022","cps_votechoice2_DO_4","numeric",
"qes2022","cps_votechoice2_DO_5","numeric",
"qes2022","cps_votechoice2_DO_8","numeric",
"qes2022","cps_votechoice2_DO_9","numeric",
"qes2022","cps_votechoice2_DO_10","numeric",
"qes2022","cps_votechoice3","numeric",
"qes2022","cps_votechoice3_5_TEXT","character",
"qes2022","cps_votechoice3_DO_1","numeric",
"qes2022","cps_votechoice3_DO_2","numeric",
"qes2022","cps_votechoice3_DO_3","numeric",
"qes2022","cps_votechoice3_DO_4","numeric",
"qes2022","cps_votechoice3_DO_7","numeric",
"qes2022","cps_votechoice3_DO_5","numeric",
"qes2022","cps_votechoice3_DO_6","numeric",
"qes2022","cps_votelean","numeric",
"qes2022","cps_votelean_8_TEXT","character",
"qes2022","cps_votelean_DO_1","numeric",
"qes2022","cps_votelean_DO_2","numeric",
"qes2022","cps_votelean_DO_3","numeric",
"qes2022","cps_votelean_DO_4","numeric",
"qes2022","cps_votelean_DO_5","numeric",
"qes2022","cps_votelean_DO_8","numeric",
"qes2022","cps_votelean_DO_9","numeric",
"qes2022","cps_votelean_DO_10","numeric",
"qes2022","cps_votesecond","numeric",
"qes2022","cps_votesecond_5_TEXT","character",
"qes2022","cps_votesecond_DO_1","numeric",
"qes2022","cps_votesecond_DO_2","numeric",
"qes2022","cps_votesecond_DO_3","numeric",
"qes2022","cps_votesecond_DO_4","numeric",
"qes2022","cps_votesecond_DO_7","numeric",
"qes2022","cps_votesecond_DO_5","numeric",
"qes2022","cps_votesecond_DO_6","numeric",
"qes2022","cps_negativevote_1","numeric",
"qes2022","cps_negativevote_2","numeric",
"qes2022","cps_negativevote_3","numeric",
"qes2022","cps_negativevote_4","numeric",
"qes2022","cps_negativevote_7","numeric",
"qes2022","cps_negativevote_5","numeric",
"qes2022","cps_negativevote_6","numeric",
"qes2022","cps_negativevote_5_TEXT","character",
"qes2022","cps_negativevote_DO_1","numeric",
"qes2022","cps_negativevote_DO_2","numeric",
"qes2022","cps_negativevote_DO_3","numeric",
"qes2022","cps_negativevote_DO_4","numeric",
"qes2022","cps_negativevote_DO_7","numeric",
"qes2022","cps_negativevote_DO_5","numeric",
"qes2022","cps_negativevote_DO_6","numeric",
"qes2022","cps_covid_votecomf1","numeric",
"qes2022","cps_covid_votecomf2","numeric",
"qes2022","cps_covid_votecomf3","numeric",
"qes2022","cps_province_gov_sat","numeric",
"qes2022","cps_partytherm_23","numeric",
"qes2022","cps_partytherm_25","numeric",
"qes2022","cps_partytherm_27","numeric",
"qes2022","cps_partytherm_30","numeric",
"qes2022","cps_partytherm_33","numeric",
"qes2022","cps_partytherm_DO_23","numeric",
"qes2022","cps_partytherm_DO_25","numeric",
"qes2022","cps_partytherm_DO_27","numeric",
"qes2022","cps_partytherm_DO_30","numeric",
"qes2022","cps_partytherm_DO_33","numeric",
"qes2022","cps_leadertherm_1","numeric",
"qes2022","cps_leadertherm_2","numeric",
"qes2022","cps_leadertherm_3","numeric",
"qes2022","cps_leadertherm_7","numeric",
"qes2022","cps_leadertherm_8","numeric",
"qes2022","cps_leadertherm_DO_1","numeric",
"qes2022","cps_leadertherm_DO_2","numeric",
"qes2022","cps_leadertherm_DO_3","numeric",
"qes2022","cps_leadertherm_DO_7","numeric",
"qes2022","cps_leadertherm_DO_8","numeric",
"qes2022","cps_candtherm_23","numeric",
"qes2022","cps_candtherm_25","numeric",
"qes2022","cps_candtherm_27","numeric",
"qes2022","cps_candtherm_29","numeric",
"qes2022","cps_candtherm_30","numeric",
"qes2022","cps_candtherm_DO_23","numeric",
"qes2022","cps_candtherm_DO_25","numeric",
"qes2022","cps_candtherm_DO_27","numeric",
"qes2022","cps_candtherm_DO_29","numeric",
"qes2022","cps_candtherm_DO_30","numeric",
"qes2022","cps_govperf_1","numeric",
"qes2022","cps_govperf_2","numeric",
"qes2022","cps_govperf_3","numeric",
"qes2022","cps_govperf_4","numeric",
"qes2022","cps_intelligent_1","numeric",
"qes2022","cps_intelligent_2","numeric",
"qes2022","cps_intelligent_3","numeric",
"qes2022","cps_intelligent_4","numeric",
"qes2022","cps_intelligent_5","numeric",
"qes2022","cps_intelligent_DO_1","numeric",
"qes2022","cps_intelligent_DO_2","numeric",
"qes2022","cps_intelligent_DO_3","numeric",
"qes2022","cps_intelligent_DO_4","numeric",
"qes2022","cps_intelligent_DO_5","numeric",
"qes2022","cps_stronglead_1","numeric",
"qes2022","cps_stronglead_2","numeric",
"qes2022","cps_stronglead_3","numeric",
"qes2022","cps_stronglead_4","numeric",
"qes2022","cps_stronglead_5","numeric",
"qes2022","cps_stronglead_DO_1","numeric",
"qes2022","cps_stronglead_DO_2","numeric",
"qes2022","cps_stronglead_DO_3","numeric",
"qes2022","cps_stronglead_DO_4","numeric",
"qes2022","cps_stronglead_DO_5","numeric",
"qes2022","cps_trustworthy_74","numeric",
"qes2022","cps_trustworthy_75","numeric",
"qes2022","cps_trustworthy_76","numeric",
"qes2022","cps_trustworthy_77","numeric",
"qes2022","cps_trustworthy_82","numeric",
"qes2022","cps_trustworthy_DO_74","numeric",
"qes2022","cps_trustworthy_DO_75","numeric",
"qes2022","cps_trustworthy_DO_76","numeric",
"qes2022","cps_trustworthy_DO_77","numeric",
"qes2022","cps_trustworthy_DO_82","numeric",
"qes2022","cps_cares_1","numeric",
"qes2022","cps_cares_2","numeric",
"qes2022","cps_cares_3","numeric",
"qes2022","cps_cares_4","numeric",
"qes2022","cps_cares_5","numeric",
"qes2022","cps_cares_DO_1","numeric",
"qes2022","cps_cares_DO_2","numeric",
"qes2022","cps_cares_DO_3","numeric",
"qes2022","cps_cares_DO_4","numeric",
"qes2022","cps_cares_DO_5","numeric",
"qes2022","cps_ideoself_1","numeric",
"qes2022","cps_ideoparty_1","numeric",
"qes2022","cps_ideoparty_3","numeric",
"qes2022","cps_ideoparty_5","numeric",
"qes2022","cps_ideoparty_7","numeric",
"qes2022","cps_ideoparty_8","numeric",
"qes2022","cps_ideoparty_DO_1","numeric",
"qes2022","cps_ideoparty_DO_3","numeric",
"qes2022","cps_ideoparty_DO_5","numeric",
"qes2022","cps_ideoparty_DO_7","numeric",
"qes2022","cps_ideoparty_DO_8","numeric",
"qes2022","cps_partybest_issues_1","numeric",
"qes2022","cps_partybest_issues_2","numeric",
"qes2022","cps_partybest_issues_3","numeric",
"qes2022","cps_partybest_issues_4","numeric",
"qes2022","cps_partybest_issues_5","numeric",
"qes2022","cps_partybest_issues_6","numeric",
"qes2022","cps_partybest_issues_7","numeric",
"qes2022","cps_partybest_issues_8","numeric",
"qes2022","cps_partybest_issues_9","numeric",
"qes2022","cps_partybest_issues_10","numeric",
"qes2022","cps_partybest_issues_DO_1","numeric",
"qes2022","cps_partybest_issues_DO_2","numeric",
"qes2022","cps_partybest_issues_DO_3","numeric",
"qes2022","cps_partybest_issues_DO_4","numeric",
"qes2022","cps_partybest_issues_DO_5","numeric",
"qes2022","cps_partybest_issues_DO_6","numeric",
"qes2022","cps_partybest_issues_DO_7","numeric",
"qes2022","cps_partybest_issues_DO_8","numeric",
"qes2022","cps_partybest_issues_DO_9","numeric",
"qes2022","cps_partybest_issues_DO_10","numeric",
"qes2022","cps_partybest_issues_ADO_1","numeric",
"qes2022","cps_partybest_issues_ADO_2","numeric",
"qes2022","cps_partybest_issues_ADO_3","numeric",
"qes2022","cps_partybest_issues_ADO_4","numeric",
"qes2022","cps_partybest_issues_ADO_5","numeric",
"qes2022","cps_spendedu","numeric",
"qes2022","cps_spendenv","numeric",
"qes2022","cps_spendcrime","numeric",
"qes2022","cps_spendhealth","numeric",
"qes2022","cps_spendsocial","numeric",
"qes2022","cps_qc_carbon","numeric",
"qes2022","cps_qc_energy","numeric",
"qes2022","cps_qc_env","numeric",
"qes2022","cps_jobsfirst","numeric",
"qes2022","cps_qc_attach","numeric",
"qes2022","cps_can_attach","numeric",
"qes2022","cps_provecon","numeric",
"qes2022","cps_proveconblame","numeric",
"qes2022","cps_ownfin","numeric",
"qes2022","cps_ownfinblame","numeric",
"qes2022","cps_immig","numeric",
"qes2022","cps_refugee","numeric",
"qes2022","cps_attractimm","numeric",
"qes2022","cps_respect","numeric",
"qes2022","cps_share","numeric",
"qes2022","cps_treat","numeric",
"qes2022","cps_provinequality","numeric",
"qes2022","cps_qc_choose","numeric",
"qes2022","cps_qc_decisions_1","numeric",
"qes2022","cps_qc_decisions_2","numeric",
"qes2022","cps_qc_decisions_3","numeric",
"qes2022","cps_qc_decisions_4","numeric",
"qes2022","cps_langQC","numeric",
"qes2022","cps_valuesQC","numeric",
"qes2022","cps_groups2_6","numeric",
"qes2022","cps_groups2_7","numeric",
"qes2022","cps_groups2_11","numeric",
"qes2022","cps_groups2_12","numeric",
"qes2022","cps_groups2_13","numeric",
"qes2022","cps_groups2_8","numeric",
"qes2022","cps_groups2_16","numeric",
"qes2022","cps_groups2_17","numeric",
"qes2022","cps_groups2_18","numeric",
"qes2022","cps_covid_handle_1","numeric",
"qes2022","cps_covid_handle_2","numeric",
"qes2022","cps_covid_handle_3","numeric",
"qes2022","cps_covid_compare","numeric",
"qes2022","cps_covid_risk","numeric",
"qes2022","cps_vaccine1","numeric",
"qes2022","cps_qc_pol_independ","numeric",
"qes2022","cps_qc_referendum","numeric",
"qes2022","cps_govresp_1","numeric",
"qes2022","cps_govresp_2","numeric",
"qes2022","cps_govresp_3","numeric",
"qes2022","cps_govresp_4","numeric",
"qes2022","cps_govresp_5","numeric",
"qes2022","cps_govresp_6","numeric",
"qes2022","timer_govresp_First_Click","numeric",
"qes2022","timer_govresp_Last_Click","numeric",
"qes2022","timer_govresp_Page_Submit","numeric",
"qes2022","timer_govresp_Click_Count","numeric",
"qes2022","cps_complicated","numeric",
"qes2022","cps_nosay","numeric",
"qes2022","cps_newstime","numeric",
"qes2022","cps_socialmediatime","numeric",
"qes2022","cps_socialmedia_1","numeric",
"qes2022","cps_socialmedia_2","numeric",
"qes2022","cps_socialmedia_3","numeric",
"qes2022","cps_socialmedia_4","numeric",
"qes2022","cps_socialmedia_5","numeric",
"qes2022","cps_socialmedia_6","numeric",
"qes2022","cps_socialmedia_7","numeric",
"qes2022","cps_socialmedia_8","numeric",
"qes2022","cps_socialmedia_9","numeric",
"qes2022","cps_socialmedia_10","numeric",
"qes2022","cps_socialmedia_9_TEXT","character",
"qes2022","cps_socialmedia_DO_1","numeric",
"qes2022","cps_socialmedia_DO_2","numeric",
"qes2022","cps_socialmedia_DO_3","numeric",
"qes2022","cps_socialmedia_DO_4","numeric",
"qes2022","cps_socialmedia_DO_5","numeric",
"qes2022","cps_socialmedia_DO_6","numeric",
"qes2022","cps_socialmedia_DO_7","numeric",
"qes2022","cps_socialmedia_DO_8","numeric",
"qes2022","cps_socialmedia_DO_9","numeric",
"qes2022","cps_socialmedia_DO_10","numeric",
"qes2022","pes_identity_qc_ca","numeric",
"qes2022","pes_identity_qc_ca_DO_1","numeric",
"qes2022","pes_identity_qc_ca_DO_2","numeric",
"qes2022","pes_identity_qc_ca_DO_3","numeric",
"qes2022","pes_identity_qc_ca_DO_4","numeric",
"qes2022","pes_identity_qc_ca_DO_5","numeric",
"qes2022","pes_identity_qc_ca_DO_6","numeric",
"qes2022","cps_fedpid","numeric",
"qes2022","cps_fedpid_5_TEXT","character",
"qes2022","cps_fedpid_DO_1","numeric",
"qes2022","cps_fedpid_DO_2","numeric",
"qes2022","cps_fedpid_DO_3","numeric",
"qes2022","cps_fedpid_DO_4","numeric",
"qes2022","cps_fedpid_DO_8","numeric",
"qes2022","cps_fedpid_DO_7","numeric",
"qes2022","cps_fedpid_DO_5","numeric",
"qes2022","cps_fedpid_DO_6","numeric",
"qes2022","cps_fedpidstr","numeric",
"qes2022","cps_provpid","numeric",
"qes2022","cps_provpid_5_TEXT","character",
"qes2022","cps_provpid_DO_1","numeric",
"qes2022","cps_provpid_DO_2","numeric",
"qes2022","cps_provpid_DO_3","numeric",
"qes2022","cps_provpid_DO_4","numeric",
"qes2022","cps_provpid_DO_7","numeric",
"qes2022","cps_provpid_DO_5","numeric",
"qes2022","cps_provpid_DO_6","numeric",
"qes2022","cps_provpidstr","numeric",
"qes2022","cps_donateparty","numeric",
"qes2022","cps_volunteer","numeric",
"qes2022","cps_pastvote","numeric",
"qes2022","cps_pastpartyvote","numeric",
"qes2022","cps_pastpartyvote_5_TEXT","character",
"qes2022","cps_pastpartyvote_DO_1","numeric",
"qes2022","cps_pastpartyvote_DO_2","numeric",
"qes2022","cps_pastpartyvote_DO_3","numeric",
"qes2022","cps_pastpartyvote_DO_4","numeric",
"qes2022","cps_pastpartyvote_DO_7","numeric",
"qes2022","cps_pastpartyvote_DO_6","numeric",
"qes2022","cps_pastpartyvote_DO_5","numeric",
"qes2022","cps_qc_turnout_2018","numeric",
"qes2022","cps_qc_vote_2018","numeric",
"qes2022","cps_qc_vote_2018_5_TEXT","character",
"qes2022","cps_qc_vote_2018_DO_1","numeric",
"qes2022","cps_qc_vote_2018_DO_2","numeric",
"qes2022","cps_qc_vote_2018_DO_3","numeric",
"qes2022","cps_qc_vote_2018_DO_4","numeric",
"qes2022","cps_qc_vote_2018_DO_5","numeric",
"qes2022","cps_duty","numeric",
"qes2022","cps_qc_independent","numeric",
"qes2022","cps_religion","numeric",
"qes2022","cps_religion_22_TEXT","character",
"qes2022","cps_religimp","numeric",
"qes2022","cps_borncda","numeric",
"qes2022","cps_borncountry","numeric",
"qes2022","cps_comecda","numeric",
"qes2022","cps_lang_1","numeric",
"qes2022","cps_lang_2","numeric",
"qes2022","cps_lang_3","numeric",
"qes2022","cps_lang_3_TEXT","character",
"qes2022","cps_income","numeric",
"qes2022","cps_income2","numeric",
"qes2022","cps_yob","numeric",
"qes2022","pid_fr","character",
"qes2022","fr_pid_pr","character",
"qes2022","Spending_DO_cps_spendenv","numeric",
"qes2022","Spending_DO_cps_spendedu","numeric",
"qes2022","Spending_DO_cps_spendsocial","numeric",
"qes2022","Spending_DO_cps_spendhealth","numeric",
"qes2022","Spending_DO_cps_spendcrime","numeric",
"qes2022","Environmentalism_DO_cps_qc_energ","numeric",
"qes2022","Environmentalism_DO_cps_qc_carbo","numeric",
"qes2022","Environmental_Pt2_DO_cps_qc_env","numeric",
"qes2022","Environmental_Pt2_DO_cps_jobsfis","numeric",
"qes2022","pes_StartDate","datetime",
"qes2022","pes_EndDate","datetime",
"qes2022","pes_Duration__in_seconds_","numeric",
"qes2022","pes_time","numeric",
"qes2022","pes_RecordedDate","datetime",
"qes2022","pes_UserLanguage","character",
"qes2022","pes_consent","numeric",
"qes2022","pes_provsatis","numeric",
"qes2022","pes_mostimpissue","character",
"qes2022","pes_turnout","numeric",
"qes2022","pes_votechoice","numeric",
"qes2022","pes_votechoice_5_TEXT","character",
"qes2022","pes_votechoice_DO_1","numeric",
"qes2022","pes_votechoice_DO_2","numeric",
"qes2022","pes_votechoice_DO_3","numeric",
"qes2022","pes_votechoice_DO_4","numeric",
"qes2022","pes_votechoice_DO_7","numeric",
"qes2022","pes_votechoice_DO_5","numeric",
"qes2022","pes_votechoice_DO_6","numeric",
"qes2022","pes_q7","numeric",
"qes2022","pes_q8","numeric",
"qes2022","pes_q8_7_TEXT","character",
"qes2022","pes_q8_DO_1","numeric",
"qes2022","pes_q8_DO_4","numeric",
"qes2022","pes_q8_DO_5","numeric",
"qes2022","pes_q8_DO_6","numeric",
"qes2022","pes_q8_DO_9","numeric",
"qes2022","pes_q8_DO_7","numeric",
"qes2022","pes_q8_DO_8","numeric",
"qes2022","pes_howvote","numeric",
"qes2022","pes_whymail","character",
"qes2022","pes_maileasy","numeric",
"qes2022","pes_maildifficult_1","numeric",
"qes2022","pes_maildifficult_2","numeric",
"qes2022","pes_maildifficult_3","numeric",
"qes2022","pes_maildifficult_4","numeric",
"qes2022","pes_maildifficult_5","numeric",
"qes2022","pes_maildifficult_6","numeric",
"qes2022","pes_maildifficult_7","numeric",
"qes2022","pes_maildifficult_8","numeric",
"qes2022","pes_maildifficult_9","numeric",
"qes2022","pes_maildifficult_10","numeric",
"qes2022","pes_maildifficult_11","numeric",
"qes2022","pes_maildifficult_12","numeric",
"qes2022","pes_maildifficult_11_TEXT","character",
"qes2022","pes_votingsafe","numeric",
"qes2022","pes_reasonnotvote","numeric",
"qes2022","pes_reasonnotvote_17_TEXT","character",
"qes2022","pes_attention_1","numeric",
"qes2022","pes_contact","numeric",
"qes2022","pes_contactparty_1","numeric",
"qes2022","pes_contactparty_2","numeric",
"qes2022","pes_contactparty_3","numeric",
"qes2022","pes_contactparty_4","numeric",
"qes2022","pes_contactparty_5","numeric",
"qes2022","pes_contactparty_8","numeric",
"qes2022","pes_contactparty_9","numeric",
"qes2022","pes_contactparty_8_TEXT","character",
"qes2022","pes_contactparty_DO_1","numeric",
"qes2022","pes_contactparty_DO_2","numeric",
"qes2022","pes_contactparty_DO_3","numeric",
"qes2022","pes_contactparty_DO_4","numeric",
"qes2022","pes_contactparty_DO_5","numeric",
"qes2022","pes_contactparty_DO_8","numeric",
"qes2022","pes_contactparty_DO_9","numeric",
"qes2022","pes_provlosetouch","numeric",
"qes2022","pes_medical","numeric",
"qes2022","pes_womenhome","numeric",
"qes2022","pes_govtcare","numeric",
"qes2022","pes_pollie","numeric",
"qes2022","pes_newlifestyles","numeric",
"qes2022","pes_biling","numeric",
"qes2022","pes_familyvalues","numeric",
"qes2022","pes_equalrights","numeric",
"qes2022","pes_immfitin","numeric",
"qes2022","pes_immjobs","numeric",
"qes2022","pes_familyvalues_qc","numeric",
"qes2022","pes_equalrights_qc","numeric",
"qes2022","pes_immfitin_qc","numeric",
"qes2022","pes_immjobs_qc","numeric",
"qes2022","pes_confidence_1","numeric",
"qes2022","pes_confidence_2","numeric",
"qes2022","pes_confidence_3","numeric",
"qes2022","pes_confidence_4","numeric",
"qes2022","pes_confidence_DO_1","numeric",
"qes2022","pes_confidence_DO_2","numeric",
"qes2022","pes_confidence_DO_3","numeric",
"qes2022","pes_confidence_DO_4","numeric",
"qes2022","pes_groups_2","numeric",
"qes2022","pes_groups_4","numeric",
"qes2022","pes_groups_5","numeric",
"qes2022","pes_groups_DO_2","numeric",
"qes2022","pes_groups_DO_4","numeric",
"qes2022","pes_groups_DO_5","numeric",
"qes2022","pes_emb_satis","numeric",
"qes2022","pes_emb_fair","numeric",
"qes2022","pes_emb_safe","numeric",
"qes2022","pes_mailtrust","numeric",
"qes2022","pes_mailrequest","numeric",
"qes2022","pes_ENBhands","numeric",
"qes2022","pes_ENBmask","numeric",
"qes2022","pes_emb_card","numeric",
"qes2022","pes_emb_cardcorrect","numeric",
"qes2022","pes_emb_register","numeric",
"qes2022","pes_emb_registerhow","numeric",
"qes2022","pes_emb_registerhow_4_TEXT","character",
"qes2022","pes_emb_votehard","numeric",
"qes2022","pes_emb_voteinfo_1","numeric",
"qes2022","pes_emb_voteinfo_2","numeric",
"qes2022","pes_emb_voteinfo_3","numeric",
"qes2022","pes_emb_voteinfo_4","numeric",
"qes2022","pes_emb_voteinfo_5","numeric",
"qes2022","pes_emb_voteinfo_6","numeric",
"qes2022","pes_emb_voteinfo_7","numeric",
"qes2022","pes_emb_voteinfo_8","numeric",
"qes2022","pes_emb_voteinfo_9","numeric",
"qes2022","pes_emb_voteinfo_10","numeric",
"qes2022","pes_emb_voteinfo_11","numeric",
"qes2022","pes_emb_voteinfo_12","numeric",
"qes2022","pes_emb_voteinfo_13","numeric",
"qes2022","pes_emb_voteinfo_14","numeric",
"qes2022","pes_emb_voteinfo_14_TEXT","character",
"qes2022","pes_voteoptions_1","numeric",
"qes2022","pes_voteoptions_2","numeric",
"qes2022","pes_voteoptions_3","numeric",
"qes2022","pes_voteoptions_4","numeric",
"qes2022","pes_voteoptions_5","numeric",
"qes2022","pes_voteoptions_6","numeric",
"qes2022","pes_voteoptions_7","numeric",
"qes2022","pes_voteoptions_8","numeric",
"qes2022","pes_emb_info_2","numeric",
"qes2022","pes_emb_info_3","numeric",
"qes2022","pes_emb_info_5","numeric",
"qes2022","pes_emb_info_6","numeric",
"qes2022","pes_emb_info_7","numeric",
"qes2022","pes_emb_info_DO_2","numeric",
"qes2022","pes_emb_info_DO_3","numeric",
"qes2022","pes_emb_info_DO_5","numeric",
"qes2022","pes_emb_info_DO_6","numeric",
"qes2022","pes_emb_info_DO_7","numeric",
"qes2022","pes_emb_infohard","numeric",
"qes2022","pes_embsatisfy","numeric",
"qes2022","pes_identify_1","numeric",
"qes2022","pes_identify_2","numeric",
"qes2022","pes_identify_3","numeric",
"qes2022","pes_identify_DO_1","numeric",
"qes2022","pes_identify_DO_2","numeric",
"qes2022","pes_identify_DO_3","numeric",
"qes2022","pes_provcommon","numeric",
"qes2022","pes_provid_fact","numeric",
"qes2022","pes_provid_glad","numeric",
"qes2022","pes_nativism_1","numeric",
"qes2022","pes_nativism_2","numeric",
"qes2022","pes_nativism_3","numeric",
"qes2022","pes_nativism_4","numeric",
"qes2022","pes_nativism_5","numeric",
"qes2022","pes_nativism_6","numeric",
"qes2022","pes_nativism_7","numeric",
"qes2022","pes_nativism_8","numeric",
"qes2022","pes_nativism_9","numeric",
"qes2022","pes_racism_qc","numeric",
"qes2022","pes_emb_age","numeric",
"qes2022","pes_provlegis_women","numeric",
"qes2022","pes_politprob","numeric",
"qes2022","pes_bendrules","numeric",
"qes2022","pes_peopledecide","numeric",
"qes2022","pes_richinterests","numeric",
"qes2022","pes_minoritiesadapt","numeric",
"qes2022","pes_willmajority","numeric",
"qes2022","pes_immecon","numeric",
"qes2022","pes_cultureharm","numeric",
"qes2022","pes_immigrantcrime","numeric",
"qes2022","pes_reducegap","numeric",
"qes2022","pes_dominorities","numeric",
"qes2022","pes_doindigenous","numeric",
"qes2022","pes_dowomen","numeric",
"qes2022","pes_dogays","numeric",
"qes2022","pes_dolangmin","numeric",
"qes2022","pes_resent1","numeric",
"qes2022","pes_resent2","numeric",
"qes2022","pes_resent3","numeric",
"qes2022","pes_resent4","numeric",
"qes2022","pes_groupdiscrim_1","numeric",
"qes2022","pes_groupdiscrim_2","numeric",
"qes2022","pes_groupdiscrim_3","numeric",
"qes2022","pes_groupdiscrim_4","numeric",
"qes2022","pes_groupdiscrim_5","numeric",
"qes2022","pes_groupdiscrim_6","numeric",
"qes2022","pes_groupdiscrim_7","numeric",
"qes2022","pes_groupdiscrim_DO_1","numeric",
"qes2022","pes_groupdiscrim_DO_2","numeric",
"qes2022","pes_groupdiscrim_DO_3","numeric",
"qes2022","pes_groupdiscrim_DO_4","numeric",
"qes2022","pes_groupdiscrim_DO_5","numeric",
"qes2022","pes_groupdiscrim_DO_6","numeric",
"qes2022","pes_groupdiscrim_DO_7","numeric",
"qes2022","pes_fedpower","numeric",
"qes2022","pes_fedpower_DO_1","numeric",
"qes2022","pes_fedpower_DO_2","numeric",
"qes2022","pes_privjobs","numeric",
"qes2022","pes_fallingbehind","numeric",
"qes2022","pes_othersahead","numeric",
"qes2022","pes_zerosum","numeric",
"qes2022","pes_stdofliving","numeric",
"qes2022","pes_provspend","numeric",
"qes2022","pes_qc_priorities2","numeric",
"qes2022","pes_qc_priorities2_8_TEXT","character",
"qes2022","pes_qc_priorities2_DO_1","numeric",
"qes2022","pes_qc_priorities2_DO_2","numeric",
"qes2022","pes_qc_priorities2_DO_3","numeric",
"qes2022","pes_qc_priorities2_DO_4","numeric",
"qes2022","pes_qc_priorities2_DO_5","numeric",
"qes2022","pes_qc_priorities2_DO_6","numeric",
"qes2022","pes_qc_priorities2_DO_7","numeric",
"qes2022","pes_qc_priorities2_DO_8","numeric",
"qes2022","pes_q23","numeric",
"qes2022","pes_q24","numeric",
"qes2022","pes_discussfriends","numeric",
"qes2022","pes_network","numeric",
"qes2022","pes_friendsethnic","numeric",
"qes2022","pes_disagreefriends","numeric",
"qes2022","pes_gettogether","numeric",
"qes2022","pes_trust","numeric",
"qes2022","pes_trust_DO_1","numeric",
"qes2022","pes_trust_DO_2","numeric",
"qes2022","pes_participation1_1","numeric",
"qes2022","pes_participation1_2","numeric",
"qes2022","pes_participation1_3","numeric",
"qes2022","pes_participation1_DO_1","numeric",
"qes2022","pes_participation1_DO_2","numeric",
"qes2022","pes_participation1_DO_3","numeric",
"qes2022","pes_participation2_1","numeric",
"qes2022","pes_participation2_2","numeric",
"qes2022","pes_participation2_3","numeric",
"qes2022","pes_participation2_4","numeric",
"qes2022","pes_participation2_DO_1","numeric",
"qes2022","pes_participation2_DO_2","numeric",
"qes2022","pes_participation2_DO_3","numeric",
"qes2022","pes_participation2_DO_4","numeric",
"qes2022","pes_participation3_1","numeric",
"qes2022","pes_participation3_2","numeric",
"qes2022","pes_participation3_3","numeric",
"qes2022","pes_participation3_4","numeric",
"qes2022","pes_participation3_5","numeric",
"qes2022","pes_participation3_6","numeric",
"qes2022","pes_participation3_DO_1","numeric",
"qes2022","pes_participation3_DO_2","numeric",
"qes2022","pes_participation3_DO_3","numeric",
"qes2022","pes_participation3_DO_4","numeric",
"qes2022","pes_participation3_DO_5","numeric",
"qes2022","pes_participation3_DO_6","numeric",
"qes2022","pes_votemail","numeric",
"qes2022","pes_partymember","numeric",
"qes2022","pes_feminine_1","numeric",
"qes2022","pes_masculine_1","numeric",
"qes2022","pes_langhome_2","numeric",
"qes2022","pes_langhome_1","numeric",
"qes2022","pes_langhome_3","numeric",
"qes2022","pes_langhome_4","numeric",
"qes2022","pes_langhome_5","numeric",
"qes2022","pes_langhome_6","numeric",
"qes2022","pes_langhome_7","numeric",
"qes2022","pes_langhome_8","numeric",
"qes2022","pes_langhome_9","numeric",
"qes2022","pes_langhome_10","numeric",
"qes2022","pes_langhome_11","numeric",
"qes2022","pes_langhome_12","numeric",
"qes2022","pes_langhome_13","numeric",
"qes2022","pes_langhome_14","numeric",
"qes2022","pes_langhome_15","numeric",
"qes2022","pes_langhome_16","numeric",
"qes2022","pes_langhome_17","numeric",
"qes2022","pes_langhome_3_TEXT","character",
"qes2022","pes_langhome_17_TEXT","character",
"qes2022","pes_employed","numeric",
"qes2022","pes_employed_12_TEXT","character",
"qes2022","pes_work","numeric",
"qes2022","pes_union","numeric",
"qes2022","pes_covid_employ","numeric",
"qes2022","pes_covid_employ2_1","numeric",
"qes2022","pes_covid_employ2_2","numeric",
"qes2022","pes_covid_employ2_3","numeric",
"qes2022","pes_covid_employ2_4","numeric",
"qes2022","pes_covid_employ2_5","numeric",
"qes2022","pes_covid_employ2_5_TEXT","character",
"qes2022","pes_covidwork","numeric",
"qes2022","pes_covidincome","numeric",
"qes2022","pes_own_1","numeric",
"qes2022","pes_own_2","numeric",
"qes2022","pes_own_3","numeric",
"qes2022","pes_own_4","numeric",
"qes2022","pes_own_5","numeric",
"qes2022","pes_married","numeric",
"qes2022","pes_kids","numeric",
"qes2022","pes_schoolkids","numeric",
"qes2022","pes_household","numeric",
"qes2022","pes_orientation","numeric",
"qes2022","pes_orientation_4_TEXT","character",
"qes2022","pes_immparents","numeric",
"qes2022","pes_rural","numeric",
"qes2022","pes_livedincomm","numeric",
"qes2022","pes_yearsprov","numeric",
"qes2022","pes_otherprov_1","numeric",
"qes2022","pes_otherprov_2","numeric",
"qes2022","pes_otherprov_3","numeric",
"qes2022","pes_otherprov_4","numeric",
"qes2022","pes_otherprov_5","numeric",
"qes2022","pes_otherprov_6","numeric",
"qes2022","pes_otherprov_7","numeric",
"qes2022","pes_otherprov_8","numeric",
"qes2022","pes_otherprov_9","numeric",
"qes2022","pes_otherprov_10","numeric",
"qes2022","pes_otherprov_11","numeric",
"qes2022","pes_otherprov_12","numeric",
"qes2022","pes_otherprov_13","numeric",
"qes2022","pes_race_1","numeric",
"qes2022","pes_race_2","numeric",
"qes2022","pes_race_3","numeric",
"qes2022","pes_race_4","numeric",
"qes2022","pes_race_5","numeric",
"qes2022","pes_race_6","numeric",
"qes2022","pes_race_7","numeric",
"qes2022","pes_race_8","numeric",
"qes2022","pes_race_9","numeric",
"qes2022","pes_race_10","numeric",
"qes2022","pes_race_11","numeric",
"qes2022","pes_race_12","numeric",
"qes2022","pes_race_13","numeric",
"qes2022","pes_race_13_TEXT","character",
"qes2022","FL_361_DO_Issues_Canada_","numeric",
"qes2022","FL_361_DO_Issues_Quebec_","numeric",
"qes2022","GenderID_DO_pes_masculine","numeric",
"qes2022","GenderID_DO_pes_feminine","numeric",
"qes2022","feduid","numeric",
"qes2022","fedname","character",
"qes2022","pccf_problem","numeric",
"qes2022","cps_weight_general","numeric",
"qes2022","cps_weight_general_trimmed","numeric",
"qes2022","pes_weight_general","numeric",
"qes2022","pes_weight_general_trimmed","numeric",
