"study","variable","value","label_hash","label_number","missing_type","n"
"qes2022","pes_votechoice","1","efca7c6a0a804cb3314179961a4a7837",,,146
"qes2022","pes_votechoice","2","83d63ca9d74444b6b703b53b355d8a5f",,,206
"qes2022","pes_votechoice","3","993ac46dff8fba8b5bfb525f4156fe38",,,364
"qes2022","pes_votechoice","4","edd9bc3e344810721746df356f171ab5",,,209
"qes2022","pes_votechoice","5","314d9b284b0395a9d42da30046beefb2",,,31
"qes2022","pes_votechoice","6","d813198a60dfa5e65282aae72893819e",,,8
"qes2022","pes_votechoice","7","c13233be77f1eca8b73432d69a5dd291",,,145
"qes2022","pes_turnout","1","a6105c0a611b41b08f1209506350279e",,,1109
"qes2022","pes_turnout","2","7fa3b767c460b54a2be4d49030b349c7",,,47
"qes2022","pes_turnout","3","a0a666901bcce49588cba3879f536cd1",,,47
"qes2022","pes_turnout","4","3390384f05f08cdd9e133419d401f8f5",,,12
"qes2022","pes_turnout","5","5e1a5fa3e931487e217ec595a56ee320",,,3
"qes2022","pes_turnout","6","02d8ac2c16e199480af3e56590821cd3",,,2
"qes2022","cps_votechoice1","1","efca7c6a0a804cb3314179961a4a7837",,,130
"qes2022","cps_votechoice1","10","53a389b3ee87145e930313f547d4610a",,,179
"qes2022","cps_votechoice1","2","83d63ca9d74444b6b703b53b355d8a5f",,,164
"qes2022","cps_votechoice1","3","993ac46dff8fba8b5bfb525f4156fe38",,,450
"qes2022","cps_votechoice1","4","edd9bc3e344810721746df356f171ab5",,,263
"qes2022","cps_votechoice1","5","c13233be77f1eca8b73432d69a5dd291",,,189
"qes2022","cps_votechoice1","8","f056a4e46899b46b5df37c7c285f5fee",,,21
"qes2022","cps_votechoice1","9","c51f4753e9d6b3eb96d0da46f8bb078c",,,36
"qes2022","cps_ideoself_1","-99",,,,34
"qes2022","cps_ideoself_1","0",,,,32
"qes2022","cps_ideoself_1","1",,,,36
"qes2022","cps_ideoself_1","10",,,,30
"qes2022","cps_ideoself_1","2",,,,111
"qes2022","cps_ideoself_1","3",,,,165
"qes2022","cps_ideoself_1","4",,,,182
"qes2022","cps_ideoself_1","5",,,,418
"qes2022","cps_ideoself_1","6",,,,221
"qes2022","cps_ideoself_1","7",,,,183
"qes2022","cps_ideoself_1","8",,,,84
"qes2022","cps_ideoself_1","9",,,,25
"qes2022","cps_yob","-99",,,,2
"qes2022","cps_yob","12","15d185eaa7c954e77f5343d941e25fbd",1931,,1
"qes2022","cps_yob","15","8562ae5e286544710b2e7ebe9858833b",1934,,1
"qes2022","cps_yob","16","8d55a249e6baa5c06772297520da2051",1935,,1
"qes2022","cps_yob","17","11108a3dbfe4636cb40b84b803b2fff6",1936,,2
"qes2022","cps_yob","19","ad4cc1fb9b068faecfb70914acc63395",1938,,3
"qes2022","cps_yob","20","f22e4747da1aa27e363d86d40ff442fe",1939,,2
"qes2022","cps_yob","21","95e6834d0a3d99e9ea8811855ae9229d",1940,,2
"qes2022","cps_yob","22","7af6266cc52234b5aa339b16695f7fc4",1941,,8
"qes2022","cps_yob","23","519c84155964659375821f7ca576f095",1942,,14
"qes2022","cps_yob","24","c3395dd46c34fa7fd8d729d8cf88b7a8",1943,,14
"qes2022","cps_yob","25","6f2688a5fce7d48c8d19762b88c32c3b",1944,,18
"qes2022","cps_yob","26","2d00f43f07911355d4151f13925ff292",1945,,11
"qes2022","cps_yob","27","1f71e393b3809197ed66df836fe833e5",1946,,19
"qes2022","cps_yob","28","de03beffeed9da5f3639a621bcab5dd4",1947,,26
"qes2022","cps_yob","29","7ca57a9f85a19a6e4b9a248c1daca185",1948,,23
"qes2022","cps_yob","30","36ac8e558ac7690b6f44e2cb5ef93322",1949,,35
"qes2022","cps_yob","31","03e7d2ebec1e820ac34d054df7e68f48",1950,,28
"qes2022","cps_yob","32","6a508a60aa3bf9510ea6acb021c94b48",1951,,34
"qes2022","cps_yob","33","1113d7a76ffceca1bb350bfe145467c6",1952,,26
"qes2022","cps_yob","34","a38b16173474ba8b1a95bcbc30d3b8a5",1953,,18
"qes2022","cps_yob","35","5a7f963e5e0504740c3a6b10bb6d4fa5",1954,,20
"qes2022","cps_yob","36","378a063b8fdb1db941e34f4bde584c7d",1955,,28
"qes2022","cps_yob","37","e3408432c1a48a52fb6c74d926b38886",1956,,22
"qes2022","cps_yob","38","277a78fc05c8864a170e9a56ceeabc4c",1957,,28
"qes2022","cps_yob","39","d77f00766fd3be3f2189c843a6af3fb2",1958,,29
"qes2022","cps_yob","40","e4dd5528f7596dcdf871aa55cfccc53c",1959,,27
"qes2022","cps_yob","41","7f16109f1619fd7a733daf5a84c708c1",1960,,39
"qes2022","cps_yob","42","f106b7f99d2cb30c3db1c3cc0fde9ccb",1961,,27
"qes2022","cps_yob","43","95f6870ff3dcd442254e334a9033d349",1962,,29
"qes2022","cps_yob","44","c215b446bcdf956d848a8419c1b5a920",1963,,31
"qes2022","cps_yob","45","39dcaf7a053dc372fbc391d4e6b5d693",1964,,26
"qes2022","cps_yob","46","d46e1fcf4c07ce4a69ee07e4134bcef1",1965,,16
"qes2022","cps_yob","47","3683af9d6f6c06acee72992f2977f67e",1966,,19
"qes2022","cps_yob","48","a82d922b133be19c1171534e6594f754",1967,,26
"qes2022","cps_yob","49","98c7242894844ecd6ec94af67ac8247d",1968,,30
"qes2022","cps_yob","50","4d8556695c262ab91ff51a943fdd6058",1969,,30
"qes2022","cps_yob","51","0004d0b59e19461ff126e3a08a814c33",1970,,19
"qes2022","cps_yob","52","de73998802680548b916f1947ffbad76",1971,,25
"qes2022","cps_yob","53","c4de8ced6214345614d33fb0b16a8acd",1972,,17
"qes2022","cps_yob","54","deb54ffb41e085fd7f69a75b6359c989",1973,,22
"qes2022","cps_yob","55","3d863b367aa379f71c7afc0c9cdca41d",1974,,20
"qes2022","cps_yob","56","7d2b92b6726c241134dae6cd3fb8c182",1975,,19
"qes2022","cps_yob","57","dd055f53a45702fe05e449c30ac80df9",1976,,24
"qes2022","cps_yob","58","4afd521d77158e02aed37e2274b90c9c",1977,,22
"qes2022","cps_yob","59","405e28906322882c5be9b4b27f4c35fd",1978,,37
"qes2022","cps_yob","60","798cebccb32617ad94123450fd137104",1979,,32
"qes2022","cps_yob","61","f80bf05527157a8c2a7bb63b22f49aaa",1980,,35
"qes2022","cps_yob","62","b3b4d2dbedc99fe843fd3dedb02f086f",1981,,18
"qes2022","cps_yob","63","fb87582825f9d28a8d42c5e5e5e8b23d",1982,,31
"qes2022","cps_yob","64","1e4d36177d71bbb3558e43af9577d70e",1983,,24
"qes2022","cps_yob","65","1b36ea1c9b7a1c3ad668b8bb5df7963f",1984,,22
"qes2022","cps_yob","66","1f36c15d6a3d18d52e8d493bc8187cb9",1985,,22
"qes2022","cps_yob","67","8c249675aea6c3cbd91661bbae767ff1",1986,,14
"qes2022","cps_yob","68","d68a18275455ae3eaa2c291eebb46e6d",1987,,19
"qes2022","cps_yob","69","9d7311ba459f9e45ed746755a32dcd11",1988,,31
"qes2022","cps_yob","70","4a3e00961a08879c34f91ca0070ea2f5",1989,,16
"qes2022","cps_yob","71","dc513ea4fbdaa7a14786ffdebc4ef64e",1990,,27
"qes2022","cps_yob","72","96055f5b06bf9381ac43879351642cf5",1991,,26
"qes2022","cps_yob","73","d5c186983b52c4551ee00f72316c6eaa",1992,,42
"qes2022","cps_yob","74","c5a4e7e6882845ea7bb4d9462868219b",1993,,23
"qes2022","cps_yob","75","008bd5ad93b754d500338c253d9c1770",1994,,26
"qes2022","cps_yob","76","3f088ebeda03513be71d34d214291986",1995,,23
"qes2022","cps_yob","77","6351bf9dce654515bf1ddbd6426dfa97",1996,,32
"qes2022","cps_yob","78","06964dce9addb1c5cb5d6e3d9838f733",1997,,23
"qes2022","cps_yob","79","c5b2cebf15b205503560c4e8e6d1ea78",1998,,20
"qes2022","cps_yob","80","5ec829debe54b19a5f78d9a65b900a39",1999,,27
"qes2022","cps_yob","81","08f90c1a417155361a5c4b8d297e0d78",2000,,26
"qes2022","cps_yob","82","d0fb963ff976f9c37fc81fe03c21ea7b",2001,,16
"qes2022","cps_yob","83","4ba29b9f9e5732ed33761840f4ba6c53",2002,,10
"qes2022","cps_yob","84","a591024321c5e2bdbd23ed35f0574dde",2003,,11
"qes2022","cps_yob","85","b8b4b727d6f5d1b61fff7be687f7970f",2004,,5
"qes2022","cps_yob","1","44968aece94f667e4095002d140b5896",1920,,0
"qes2022","cps_yob","2","9f6992966d4c363ea0162a056cb45fe5",1921,,0
"qes2022","cps_yob","3","333222170ab9edca4785c39f55221fe7",1922,,0
"qes2022","cps_yob","4","414e773d5b7e5c06d564f594bf6384d0",1923,,0
"qes2022","cps_yob","5","b139e104214a08ae3f2ebcce149cdf6e",1924,,0
"qes2022","cps_yob","6","0950ca92a4dcf426067cfd2246bb5ff3",1925,,0
"qes2022","cps_yob","7","5103c3584b063c431bd1268e9b5e76fb",1926,,0
"qes2022","cps_yob","8","e5b294b70c9647dcf804d7baa1903918",1927,,0
"qes2022","cps_yob","9","5bce843dd76db8c939d5323dd3e54ec9",1928,,0
"qes2022","cps_yob","10","139f0874f2ded2e41b0393c4ac5644f7",1929,,0
"qes2022","cps_yob","11","29530de21430b7540ec3f65135f7323c",1930,,0
"qes2022","cps_yob","13","52d2752b150f9c35ccb6869cbf074e48",1932,,0
"qes2022","cps_yob","14","1e913e1b06ead0b66e30b6867bf63549",1933,,0
"qes2022","cps_yob","18","136f951362dab62e64eb8e841183c2a9",1937,,0
"qes2022","cps_yob","86","d47268e9db2e9aa3827bba3afb7ff94a",2005,,0
"qes2022","cps_yob","87","ea5a486c712a91e48443cd802642223d",2006,,0
"qes2022","cps_yob","88","a00e5eb0973d24649a4a920fc53d9564",2007,,0
"qes2022","cps_yob","89","ef8446f35513a8d6aa2308357a268a7e",2008,,0
"qes2022","cps_yob","90","f1981e4bd8a0d6d8462016d2fc6276b3",2009,,0
"qes2022","cps_yob","91","d7a84628c025d30f7b2c52c958767e76",2010,,0
"qes2022","cps_qc_referendum","1","a6105c0a611b41b08f1209506350279e",,,467
"qes2022","cps_qc_referendum","2","7fa3b767c460b54a2be4d49030b349c7",,,817
"qes2022","cps_qc_referendum","3","53a389b3ee87145e930313f547d4610a",,,237
"qes2022","cps_provpid","1","17e876b687424b747a51731ddf26d322",,,211
"qes2022","cps_provpid","2","76ff6f59c7bb57372191372b14a6983e",,,221
"qes2022","cps_provpid","3","2369a8089c0266342d12ad4efeb8519b",,,472
"qes2022","cps_provpid","4","47b6768b1d18bfb12a94ed18511ebb50",,,257
"qes2022","cps_provpid","5","2ffe0ddf366646865df0135ad5a9b388",,,15
"qes2022","cps_provpid","6","f75913de26540c4d4b620314443a8464",,,169
"qes2022","cps_provpid","7","ad9db52901623496213fe9d05e587256",,,176
"qes2022","cps_turnout","1","7d98bb792dcf0b3246ddf22a26540799",,,1295
"qes2022","cps_turnout","2","ad668ba3cd98a281bd38e5075ae2134c",,,137
"qes2022","cps_turnout","3","8dbeaf0c8bcf1ea07beacea49d53b904",,,62
"qes2022","cps_turnout","4","07efe3c91c868ece2ca001f94103502d",,,26
"qes2022","cps_turnout","5","762f217b85497edd846c5cbb22ac53da",,,1
"qes2022","cps_turnout","6","cb5a52fc5bd79ac6e94f9b944b450b71",,,0
