"study","position","name","n_na"
"qes2022",1,"cps_StartDate",0
"qes2022",2,"cps_EndDate",0
"qes2022",3,"cps_Duration__in_seconds_",0
"qes2022",4,"cps_time",0
"qes2022",5,"cps_RecordedDate",0
"qes2022",6,"ResponseId",0
"qes2022",7,"cps_UserLanguage",0
"qes2022",8,"cps_consent",0
"qes2022",9,"cps_citizen",0
"qes2022",10,"cps_province",0
"qes2022",11,"cps_age_in_years",0
"qes2022",12,"cps_genderid",0
"qes2022",13,"cps_genderid_4_TEXT",0
"qes2022",14,"cps_trans",0
"qes2022",15,"cps_edu",0
"qes2022",16,"cps_satis_can",0
"qes2022",17,"cps_satis_prov",0
"qes2022",18,"cps_impissue_matrix",0
"qes2022",19,"cps_impissue_matrix_DO_1",0
"qes2022",20,"cps_impissue_matrix_DO_2",0
"qes2022",21,"cps_impissue_matrix_DO_3",0
"qes2022",22,"cps_impissue_matrix_DO_4",0
"qes2022",23,"cps_impissue_matrix_DO_5",0
"qes2022",24,"cps_impissue_matrix_DO_6",0
"qes2022",25,"cps_impissue_matrix_DO_7",0
"qes2022",26,"cps_impissue_matrix_DO_8",0
"qes2022",27,"cps_impissue_matrix_DO_9",0
"qes2022",28,"cps_impissue_matrix_DO_10",0
"qes2022",29,"cps_impissue_matrix_DO_11",0
"qes2022",30,"cps_impissue_matrix_DO_12",0
"qes2022",31,"cps_impissue_matrix_DO_13",0
"qes2022",32,"cps_impissue_matrix_DO_14",0
"qes2022",33,"cps_partybest",1
"qes2022",34,"cps_partybest_8_TEXT",0
"qes2022",35,"cps_partybest_DO_1",1
"qes2022",36,"cps_partybest_DO_2",1
"qes2022",37,"cps_partybest_DO_3",1
"qes2022",38,"cps_partybest_DO_4",1
"qes2022",39,"cps_partybest_DO_5",1
"qes2022",40,"cps_partybest_DO_8",1
"qes2022",41,"cps_interest_1",0
"qes2022",42,"cps_intelection_1",0
"qes2022",43,"cps_turnout",0
"qes2022",44,"cps_howvote1",89
"qes2022",45,"cps_howvote2",1520
"qes2022",46,"cps_howvote3",1459
"qes2022",47,"cps_votechoice1",89
"qes2022",48,"cps_votechoice1_8_TEXT",0
"qes2022",49,"cps_votechoice1_DO_1",89
"qes2022",50,"cps_votechoice1_DO_2",89
"qes2022",51,"cps_votechoice1_DO_3",89
"qes2022",52,"cps_votechoice1_DO_4",89
"qes2022",53,"cps_votechoice1_DO_5",89
"qes2022",54,"cps_votechoice1_DO_8",89
"qes2022",55,"cps_votechoice1_DO_9",89
"qes2022",56,"cps_votechoice1_DO_10",89
"qes2022",57,"cps_votechoice2",1459
"qes2022",58,"cps_votechoice2_8_TEXT",0
"qes2022",59,"cps_votechoice2_DO_1",1459
"qes2022",60,"cps_votechoice2_DO_2",1459
"qes2022",61,"cps_votechoice2_DO_3",1459
"qes2022",62,"cps_votechoice2_DO_4",1459
"qes2022",63,"cps_votechoice2_DO_5",1459
"qes2022",64,"cps_votechoice2_DO_8",1459
"qes2022",65,"cps_votechoice2_DO_9",1459
"qes2022",66,"cps_votechoice2_DO_10",1459
"qes2022",67,"cps_votechoice3",1520
"qes2022",68,"cps_votechoice3_5_TEXT",1520
"qes2022",69,"cps_votechoice3_DO_1",1520
"qes2022",70,"cps_votechoice3_DO_2",1520
"qes2022",71,"cps_votechoice3_DO_3",1520
"qes2022",72,"cps_votechoice3_DO_4",1520
"qes2022",73,"cps_votechoice3_DO_7",1520
"qes2022",74,"cps_votechoice3_DO_5",1520
"qes2022",75,"cps_votechoice3_DO_6",1520
"qes2022",76,"cps_votelean",1320
"qes2022",77,"cps_votelean_8_TEXT",0
"qes2022",78,"cps_votelean_DO_1",1320
"qes2022",79,"cps_votelean_DO_2",1320
"qes2022",80,"cps_votelean_DO_3",1320
"qes2022",81,"cps_votelean_DO_4",1320
"qes2022",82,"cps_votelean_DO_5",1320
"qes2022",83,"cps_votelean_DO_8",1320
"qes2022",84,"cps_votelean_DO_9",1320
"qes2022",85,"cps_votelean_DO_10",1320
"qes2022",86,"cps_votesecond",27
"qes2022",87,"cps_votesecond_5_TEXT",0
"qes2022",88,"cps_votesecond_DO_1",177
"qes2022",89,"cps_votesecond_DO_2",211
"qes2022",90,"cps_votesecond_DO_3",512
"qes2022",91,"cps_votesecond_DO_4",318
"qes2022",92,"cps_votesecond_DO_7",237
"qes2022",93,"cps_votesecond_DO_5",27
"qes2022",94,"cps_votesecond_DO_6",27
"qes2022",95,"cps_negativevote_1",349
"qes2022",96,"cps_negativevote_2",576
"qes2022",97,"cps_negativevote_3",697
"qes2022",98,"cps_negativevote_4",527
"qes2022",99,"cps_negativevote_7",325
"qes2022",100,"cps_negativevote_5",26
"qes2022",101,"cps_negativevote_6",26
"qes2022",102,"cps_negativevote_5_TEXT",0
"qes2022",103,"cps_negativevote_DO_1",349
"qes2022",104,"cps_negativevote_DO_2",576
"qes2022",105,"cps_negativevote_DO_3",697
"qes2022",106,"cps_negativevote_DO_4",527
"qes2022",107,"cps_negativevote_DO_7",325
"qes2022",108,"cps_negativevote_DO_5",26
"qes2022",109,"cps_negativevote_DO_6",26
"qes2022",110,"cps_covid_votecomf1",89
"qes2022",111,"cps_covid_votecomf2",1433
"qes2022",112,"cps_covid_votecomf3",1520
"qes2022",113,"cps_province_gov_sat",0
"qes2022",114,"cps_partytherm_23",0
"qes2022",115,"cps_partytherm_25",0
"qes2022",116,"cps_partytherm_27",0
"qes2022",117,"cps_partytherm_30",0
"qes2022",118,"cps_partytherm_33",0
"qes2022",119,"cps_partytherm_DO_23",0
"qes2022",120,"cps_partytherm_DO_25",0
"qes2022",121,"cps_partytherm_DO_27",0
"qes2022",122,"cps_partytherm_DO_30",0
"qes2022",123,"cps_partytherm_DO_33",0
"qes2022",124,"cps_leadertherm_1",0
"qes2022",125,"cps_leadertherm_2",0
"qes2022",126,"cps_leadertherm_3",0
"qes2022",127,"cps_leadertherm_7",0
"qes2022",128,"cps_leadertherm_8",0
"qes2022",129,"cps_leadertherm_DO_1",0
"qes2022",130,"cps_leadertherm_DO_2",0
"qes2022",131,"cps_leadertherm_DO_3",0
"qes2022",132,"cps_leadertherm_DO_7",0
"qes2022",133,"cps_leadertherm_DO_8",0
"qes2022",134,"cps_candtherm_23",0
"qes2022",135,"cps_candtherm_25",0
"qes2022",136,"cps_candtherm_27",0
"qes2022",137,"cps_candtherm_29",0
"qes2022",138,"cps_candtherm_30",0
"qes2022",139,"cps_candtherm_DO_23",0
"qes2022",140,"cps_candtherm_DO_25",0
"qes2022",141,"cps_candtherm_DO_27",0
"qes2022",142,"cps_candtherm_DO_29",0
"qes2022",143,"cps_candtherm_DO_30",0
"qes2022",144,"cps_govperf_1",0
"qes2022",145,"cps_govperf_2",0
"qes2022",146,"cps_govperf_3",0
"qes2022",147,"cps_govperf_4",0
"qes2022",148,"cps_intelligent_1",142
"qes2022",149,"cps_intelligent_2",29
"qes2022",150,"cps_intelligent_3",229
"qes2022",151,"cps_intelligent_4",101
"qes2022",152,"cps_intelligent_5",119
"qes2022",153,"cps_intelligent_DO_1",142
"qes2022",154,"cps_intelligent_DO_2",29
"qes2022",155,"cps_intelligent_DO_3",229
"qes2022",156,"cps_intelligent_DO_4",101
"qes2022",157,"cps_intelligent_DO_5",119
"qes2022",158,"cps_stronglead_1",142
"qes2022",159,"cps_stronglead_2",29
"qes2022",160,"cps_stronglead_3",229
"qes2022",161,"cps_stronglead_4",101
"qes2022",162,"cps_stronglead_5",119
"qes2022",163,"cps_stronglead_DO_1",142
"qes2022",164,"cps_stronglead_DO_2",29
"qes2022",165,"cps_stronglead_DO_3",229
"qes2022",166,"cps_stronglead_DO_4",101
"qes2022",167,"cps_stronglead_DO_5",119
"qes2022",168,"cps_trustworthy_74",142
"qes2022",169,"cps_trustworthy_75",29
"qes2022",170,"cps_trustworthy_76",229
"qes2022",171,"cps_trustworthy_77",101
"qes2022",172,"cps_trustworthy_82",119
"qes2022",173,"cps_trustworthy_DO_74",142
"qes2022",174,"cps_trustworthy_DO_75",29
"qes2022",175,"cps_trustworthy_DO_76",229
"qes2022",176,"cps_trustworthy_DO_77",101
"qes2022",177,"cps_trustworthy_DO_82",119
"qes2022",178,"cps_cares_1",142
"qes2022",179,"cps_cares_2",29
"qes2022",180,"cps_cares_3",229
"qes2022",181,"cps_cares_4",101
"qes2022",182,"cps_cares_5",119
"qes2022",183,"cps_cares_DO_1",142
"qes2022",184,"cps_cares_DO_2",29
"qes2022",185,"cps_cares_DO_3",229
"qes2022",186,"cps_cares_DO_4",101
"qes2022",187,"cps_cares_DO_5",119
"qes2022",188,"cps_ideoself_1",0
"qes2022",189,"cps_ideoparty_1",0
"qes2022",190,"cps_ideoparty_3",0
"qes2022",191,"cps_ideoparty_5",0
"qes2022",192,"cps_ideoparty_7",0
"qes2022",193,"cps_ideoparty_8",0
"qes2022",194,"cps_ideoparty_DO_1",0
"qes2022",195,"cps_ideoparty_DO_3",0
"qes2022",196,"cps_ideoparty_DO_5",0
"qes2022",197,"cps_ideoparty_DO_7",0
"qes2022",198,"cps_ideoparty_DO_8",0
"qes2022",199,"cps_partybest_issues_1",0
"qes2022",200,"cps_partybest_issues_2",0
"qes2022",201,"cps_partybest_issues_3",0
"qes2022",202,"cps_partybest_issues_4",0
"qes2022",203,"cps_partybest_issues_5",0
"qes2022",204,"cps_partybest_issues_6",0
"qes2022",205,"cps_partybest_issues_7",0
"qes2022",206,"cps_partybest_issues_8",0
"qes2022",207,"cps_partybest_issues_9",0
"qes2022",208,"cps_partybest_issues_10",0
"qes2022",209,"cps_partybest_issues_DO_1",0
"qes2022",210,"cps_partybest_issues_DO_2",0
"qes2022",211,"cps_partybest_issues_DO_3",0
"qes2022",212,"cps_partybest_issues_DO_4",0
"qes2022",213,"cps_partybest_issues_DO_5",0
"qes2022",214,"cps_partybest_issues_DO_6",0
"qes2022",215,"cps_partybest_issues_DO_7",0
"qes2022",216,"cps_partybest_issues_DO_8",0
"qes2022",217,"cps_partybest_issues_DO_9",0
"qes2022",218,"cps_partybest_issues_DO_10",0
"qes2022",219,"cps_partybest_issues_ADO_1",0
"qes2022",220,"cps_partybest_issues_ADO_2",0
"qes2022",221,"cps_partybest_issues_ADO_3",0
"qes2022",222,"cps_partybest_issues_ADO_4",0
"qes2022",223,"cps_partybest_issues_ADO_5",0
"qes2022",224,"cps_spendedu",0
"qes2022",225,"cps_spendenv",0
"qes2022",226,"cps_spendcrime",0
"qes2022",227,"cps_spendhealth",0
"qes2022",228,"cps_spendsocial",0
"qes2022",229,"cps_qc_carbon",0
"qes2022",230,"cps_qc_energy",0
"qes2022",231,"cps_qc_env",0
"qes2022",232,"cps_jobsfirst",0
"qes2022",233,"cps_qc_attach",0
"qes2022",234,"cps_can_attach",0
"qes2022",235,"cps_provecon",0
"qes2022",236,"cps_proveconblame",0
"qes2022",237,"cps_ownfin",0
"qes2022",238,"cps_ownfinblame",0
"qes2022",239,"cps_immig",0
"qes2022",240,"cps_refugee",0
"qes2022",241,"cps_attractimm",0
"qes2022",242,"cps_respect",0
"qes2022",243,"cps_share",0
"qes2022",244,"cps_treat",0
"qes2022",245,"cps_provinequality",0
"qes2022",246,"cps_qc_choose",0
"qes2022",247,"cps_qc_decisions_1",0
"qes2022",248,"cps_qc_decisions_2",0
"qes2022",249,"cps_qc_decisions_3",0
"qes2022",250,"cps_qc_decisions_4",0
"qes2022",251,"cps_langQC",0
"qes2022",252,"cps_valuesQC",0
"qes2022",253,"cps_groups2_6",0
"qes2022",254,"cps_groups2_7",0
"qes2022",255,"cps_groups2_11",0
"qes2022",256,"cps_groups2_12",0
"qes2022",257,"cps_groups2_13",0
"qes2022",258,"cps_groups2_8",0
"qes2022",259,"cps_groups2_16",0
"qes2022",260,"cps_groups2_17",0
"qes2022",261,"cps_groups2_18",0
"qes2022",262,"cps_covid_handle_1",0
"qes2022",263,"cps_covid_handle_2",0
"qes2022",264,"cps_covid_handle_3",0
"qes2022",265,"cps_covid_compare",0
"qes2022",266,"cps_covid_risk",0
"qes2022",267,"cps_vaccine1",0
"qes2022",268,"cps_qc_pol_independ",0
"qes2022",269,"cps_qc_referendum",0
"qes2022",270,"cps_govresp_1",0
"qes2022",271,"cps_govresp_2",0
"qes2022",272,"cps_govresp_3",0
"qes2022",273,"cps_govresp_4",0
"qes2022",274,"cps_govresp_5",0
"qes2022",275,"cps_govresp_6",0
"qes2022",276,"timer_govresp_First_Click",0
"qes2022",277,"timer_govresp_Last_Click",0
"qes2022",278,"timer_govresp_Page_Submit",0
"qes2022",279,"timer_govresp_Click_Count",0
"qes2022",280,"cps_complicated",0
"qes2022",281,"cps_nosay",0
"qes2022",282,"cps_newstime",0
"qes2022",283,"cps_socialmediatime",128
"qes2022",284,"cps_socialmedia_1",309
"qes2022",285,"cps_socialmedia_2",309
"qes2022",286,"cps_socialmedia_3",309
"qes2022",287,"cps_socialmedia_4",309
"qes2022",288,"cps_socialmedia_5",309
"qes2022",289,"cps_socialmedia_6",309
"qes2022",290,"cps_socialmedia_7",309
"qes2022",291,"cps_socialmedia_8",309
"qes2022",292,"cps_socialmedia_9",309
"qes2022",293,"cps_socialmedia_10",309
"qes2022",294,"cps_socialmedia_9_TEXT",0
"qes2022",295,"cps_socialmedia_DO_1",309
"qes2022",296,"cps_socialmedia_DO_2",309
"qes2022",297,"cps_socialmedia_DO_3",309
"qes2022",298,"cps_socialmedia_DO_4",309
"qes2022",299,"cps_socialmedia_DO_5",309
"qes2022",300,"cps_socialmedia_DO_6",309
"qes2022",301,"cps_socialmedia_DO_7",309
"qes2022",302,"cps_socialmedia_DO_8",309
"qes2022",303,"cps_socialmedia_DO_9",309
"qes2022",304,"cps_socialmedia_DO_10",309
"qes2022",305,"pes_identity_qc_ca",0
"qes2022",306,"pes_identity_qc_ca_DO_1",0
"qes2022",307,"pes_identity_qc_ca_DO_2",0
"qes2022",308,"pes_identity_qc_ca_DO_3",0
"qes2022",309,"pes_identity_qc_ca_DO_4",0
"qes2022",310,"pes_identity_qc_ca_DO_5",0
"qes2022",311,"pes_identity_qc_ca_DO_6",0
"qes2022",312,"cps_fedpid",0
"qes2022",313,"cps_fedpid_5_TEXT",0
"qes2022",314,"cps_fedpid_DO_1",0
"qes2022",315,"cps_fedpid_DO_2",0
"qes2022",316,"cps_fedpid_DO_3",0
"qes2022",317,"cps_fedpid_DO_4",0
"qes2022",318,"cps_fedpid_DO_8",0
"qes2022",319,"cps_fedpid_DO_7",0
"qes2022",320,"cps_fedpid_DO_5",0
"qes2022",321,"cps_fedpid_DO_6",0
"qes2022",322,"cps_fedpidstr",147
"qes2022",323,"cps_provpid",0
"qes2022",324,"cps_provpid_5_TEXT",0
"qes2022",325,"cps_provpid_DO_1",0
"qes2022",326,"cps_provpid_DO_2",0
"qes2022",327,"cps_provpid_DO_3",0
"qes2022",328,"cps_provpid_DO_4",0
"qes2022",329,"cps_provpid_DO_7",0
"qes2022",330,"cps_provpid_DO_5",0
"qes2022",331,"cps_provpid_DO_6",0
"qes2022",332,"cps_provpidstr",169
"qes2022",333,"cps_donateparty",0
"qes2022",334,"cps_volunteer",0
"qes2022",335,"cps_pastvote",0
"qes2022",336,"cps_pastpartyvote",165
"qes2022",337,"cps_pastpartyvote_5_TEXT",0
"qes2022",338,"cps_pastpartyvote_DO_1",165
"qes2022",339,"cps_pastpartyvote_DO_2",165
"qes2022",340,"cps_pastpartyvote_DO_3",165
"qes2022",341,"cps_pastpartyvote_DO_4",165
"qes2022",342,"cps_pastpartyvote_DO_7",165
"qes2022",343,"cps_pastpartyvote_DO_6",165
"qes2022",344,"cps_pastpartyvote_DO_5",165
"qes2022",345,"cps_qc_turnout_2018",0
"qes2022",346,"cps_qc_vote_2018",194
"qes2022",347,"cps_qc_vote_2018_5_TEXT",0
"qes2022",348,"cps_qc_vote_2018_DO_1",194
"qes2022",349,"cps_qc_vote_2018_DO_2",194
"qes2022",350,"cps_qc_vote_2018_DO_3",194
"qes2022",351,"cps_qc_vote_2018_DO_4",194
"qes2022",352,"cps_qc_vote_2018_DO_5",194
"qes2022",353,"cps_duty",0
"qes2022",354,"cps_qc_independent",0
"qes2022",355,"cps_religion",0
"qes2022",356,"cps_religion_22_TEXT",0
"qes2022",357,"cps_religimp",0
"qes2022",358,"cps_borncda",0
"qes2022",359,"cps_borncountry",1416
"qes2022",360,"cps_comecda",1416
"qes2022",361,"cps_lang_1",0
"qes2022",362,"cps_lang_2",0
"qes2022",363,"cps_lang_3",0
"qes2022",364,"cps_lang_3_TEXT",0
"qes2022",365,"cps_income",0
"qes2022",366,"cps_income2",1444
"qes2022",367,"cps_yob",0
"qes2022",368,"pid_fr",0
"qes2022",369,"fr_pid_pr",0
"qes2022",370,"Spending_DO_cps_spendenv",0
"qes2022",371,"Spending_DO_cps_spendedu",0
"qes2022",372,"Spending_DO_cps_spendsocial",0
"qes2022",373,"Spending_DO_cps_spendhealth",0
"qes2022",374,"Spending_DO_cps_spendcrime",0
"qes2022",375,"Environmentalism_DO_cps_qc_energ",0
"qes2022",376,"Environmentalism_DO_cps_qc_carbo",0
"qes2022",377,"Environmental_Pt2_DO_cps_qc_env",0
"qes2022",378,"Environmental_Pt2_DO_cps_jobsfis",0
"qes2022",379,"pes_StartDate",0
"qes2022",380,"pes_EndDate",0
"qes2022",381,"pes_Duration__in_seconds_",301
"qes2022",382,"pes_time",301
"qes2022",383,"pes_RecordedDate",0
"qes2022",384,"pes_UserLanguage",0
"qes2022",385,"pes_consent",301
"qes2022",386,"pes_provsatis",301
"qes2022",387,"pes_mostimpissue",0
"qes2022",388,"pes_turnout",301
"qes2022",389,"pes_votechoice",412
"qes2022",390,"pes_votechoice_5_TEXT",0
"qes2022",391,"pes_votechoice_DO_1",412
"qes2022",392,"pes_votechoice_DO_2",412
"qes2022",393,"pes_votechoice_DO_3",412
"qes2022",394,"pes_votechoice_DO_4",412
"qes2022",395,"pes_votechoice_DO_7",412
"qes2022",396,"pes_votechoice_DO_5",412
"qes2022",397,"pes_votechoice_DO_6",412
"qes2022",398,"pes_q7",420
"qes2022",399,"pes_q8",1408
"qes2022",400,"pes_q8_7_TEXT",0
"qes2022",401,"pes_q8_DO_1",1430
"qes2022",402,"pes_q8_DO_4",1448
"qes2022",403,"pes_q8_DO_5",1424
"qes2022",404,"pes_q8_DO_6",1424
"qes2022",405,"pes_q8_DO_9",1421
"qes2022",406,"pes_q8_DO_7",1408
"qes2022",407,"pes_q8_DO_8",1408
"qes2022",408,"pes_howvote",412
"qes2022",409,"pes_whymail",0
"qes2022",410,"pes_maileasy",1510
"qes2022",411,"pes_maildifficult_1",1521
"qes2022",412,"pes_maildifficult_2",1521
"qes2022",413,"pes_maildifficult_3",1521
"qes2022",414,"pes_maildifficult_4",1521
"qes2022",415,"pes_maildifficult_5",1521
"qes2022",416,"pes_maildifficult_6",1521
"qes2022",417,"pes_maildifficult_7",1521
"qes2022",418,"pes_maildifficult_8",1521
"qes2022",419,"pes_maildifficult_9",1521
"qes2022",420,"pes_maildifficult_10",1521
"qes2022",421,"pes_maildifficult_11",1521
"qes2022",422,"pes_maildifficult_12",1521
"qes2022",423,"pes_maildifficult_11_TEXT",1521
"qes2022",424,"pes_votingsafe",423
"qes2022",425,"pes_reasonnotvote",1415
"qes2022",426,"pes_reasonnotvote_17_TEXT",0
"qes2022",427,"pes_attention_1",301
"qes2022",428,"pes_contact",301
"qes2022",429,"pes_contactparty_1",1060
"qes2022",430,"pes_contactparty_2",1060
"qes2022",431,"pes_contactparty_3",1060
"qes2022",432,"pes_contactparty_4",1060
"qes2022",433,"pes_contactparty_5",1060
"qes2022",434,"pes_contactparty_8",1060
"qes2022",435,"pes_contactparty_9",1060
"qes2022",436,"pes_contactparty_8_TEXT",0
"qes2022",437,"pes_contactparty_DO_1",1060
"qes2022",438,"pes_contactparty_DO_2",1060
"qes2022",439,"pes_contactparty_DO_3",1060
"qes2022",440,"pes_contactparty_DO_4",1060
"qes2022",441,"pes_contactparty_DO_5",1060
"qes2022",442,"pes_contactparty_DO_8",1060
"qes2022",443,"pes_contactparty_DO_9",1060
"qes2022",444,"pes_provlosetouch",301
"qes2022",445,"pes_medical",301
"qes2022",446,"pes_womenhome",301
"qes2022",447,"pes_govtcare",301
"qes2022",448,"pes_pollie",301
"qes2022",449,"pes_newlifestyles",301
"qes2022",450,"pes_biling",301
"qes2022",451,"pes_familyvalues",913
"qes2022",452,"pes_equalrights",913
"qes2022",453,"pes_immfitin",913
"qes2022",454,"pes_immjobs",913
"qes2022",455,"pes_familyvalues_qc",909
"qes2022",456,"pes_equalrights_qc",909
"qes2022",457,"pes_immfitin_qc",909
"qes2022",458,"pes_immjobs_qc",909
"qes2022",459,"pes_confidence_1",301
"qes2022",460,"pes_confidence_2",301
"qes2022",461,"pes_confidence_3",301
"qes2022",462,"pes_confidence_4",301
"qes2022",463,"pes_confidence_DO_1",301
"qes2022",464,"pes_confidence_DO_2",301
"qes2022",465,"pes_confidence_DO_3",301
"qes2022",466,"pes_confidence_DO_4",301
"qes2022",467,"pes_groups_2",301
"qes2022",468,"pes_groups_4",301
"qes2022",469,"pes_groups_5",301
"qes2022",470,"pes_groups_DO_2",301
"qes2022",471,"pes_groups_DO_4",301
"qes2022",472,"pes_groups_DO_5",301
"qes2022",473,"pes_emb_satis",301
"qes2022",474,"pes_emb_fair",301
"qes2022",475,"pes_emb_safe",301
"qes2022",476,"pes_mailtrust",301
"qes2022",477,"pes_mailrequest",301
"qes2022",478,"pes_ENBhands",423
"qes2022",479,"pes_ENBmask",423
"qes2022",480,"pes_emb_card",301
"qes2022",481,"pes_emb_cardcorrect",393
"qes2022",482,"pes_emb_register",1429
"qes2022",483,"pes_emb_registerhow",1485
"qes2022",484,"pes_emb_registerhow_4_TEXT",0
"qes2022",485,"pes_emb_votehard",1485
"qes2022",486,"pes_emb_voteinfo_1",301
"qes2022",487,"pes_emb_voteinfo_2",301
"qes2022",488,"pes_emb_voteinfo_3",301
"qes2022",489,"pes_emb_voteinfo_4",301
"qes2022",490,"pes_emb_voteinfo_5",301
"qes2022",491,"pes_emb_voteinfo_6",301
"qes2022",492,"pes_emb_voteinfo_7",301
"qes2022",493,"pes_emb_voteinfo_8",301
"qes2022",494,"pes_emb_voteinfo_9",301
"qes2022",495,"pes_emb_voteinfo_10",301
"qes2022",496,"pes_emb_voteinfo_11",301
"qes2022",497,"pes_emb_voteinfo_12",301
"qes2022",498,"pes_emb_voteinfo_13",301
"qes2022",499,"pes_emb_voteinfo_14",301
"qes2022",500,"pes_emb_voteinfo_14_TEXT",0
"qes2022",501,"pes_voteoptions_1",301
"qes2022",502,"pes_voteoptions_2",301
"qes2022",503,"pes_voteoptions_3",301
"qes2022",504,"pes_voteoptions_4",301
"qes2022",505,"pes_voteoptions_5",301
"qes2022",506,"pes_voteoptions_6",301
"qes2022",507,"pes_voteoptions_7",301
"qes2022",508,"pes_voteoptions_8",301
"qes2022",509,"pes_emb_info_2",301
"qes2022",510,"pes_emb_info_3",301
"qes2022",511,"pes_emb_info_5",301
"qes2022",512,"pes_emb_info_6",301
"qes2022",513,"pes_emb_info_7",301
"qes2022",514,"pes_emb_info_DO_2",301
"qes2022",515,"pes_emb_info_DO_3",301
"qes2022",516,"pes_emb_info_DO_5",301
"qes2022",517,"pes_emb_info_DO_6",301
"qes2022",518,"pes_emb_info_DO_7",301
"qes2022",519,"pes_emb_infohard",301
"qes2022",520,"pes_embsatisfy",301
"qes2022",521,"pes_identify_1",301
"qes2022",522,"pes_identify_2",301
"qes2022",523,"pes_identify_3",301
"qes2022",524,"pes_identify_DO_1",301
"qes2022",525,"pes_identify_DO_2",301
"qes2022",526,"pes_identify_DO_3",301
"qes2022",527,"pes_provcommon",301
"qes2022",528,"pes_provid_fact",301
"qes2022",529,"pes_provid_glad",301
"qes2022",530,"pes_nativism_1",301
"qes2022",531,"pes_nativism_2",301
"qes2022",532,"pes_nativism_3",301
"qes2022",533,"pes_nativism_4",301
"qes2022",534,"pes_nativism_5",301
"qes2022",535,"pes_nativism_6",301
"qes2022",536,"pes_nativism_7",301
"qes2022",537,"pes_nativism_8",301
"qes2022",538,"pes_nativism_9",301
"qes2022",539,"pes_racism_qc",301
"qes2022",540,"pes_emb_age",301
"qes2022",541,"pes_provlegis_women",301
"qes2022",542,"pes_politprob",301
"qes2022",543,"pes_bendrules",301
"qes2022",544,"pes_peopledecide",301
"qes2022",545,"pes_richinterests",301
"qes2022",546,"pes_minoritiesadapt",301
"qes2022",547,"pes_willmajority",301
"qes2022",548,"pes_immecon",301
"qes2022",549,"pes_cultureharm",301
"qes2022",550,"pes_immigrantcrime",301
"qes2022",551,"pes_reducegap",301
"qes2022",552,"pes_dominorities",301
"qes2022",553,"pes_doindigenous",301
"qes2022",554,"pes_dowomen",301
"qes2022",555,"pes_dogays",301
"qes2022",556,"pes_dolangmin",301
"qes2022",557,"pes_resent1",301
"qes2022",558,"pes_resent2",301
"qes2022",559,"pes_resent3",301
"qes2022",560,"pes_resent4",301
"qes2022",561,"pes_groupdiscrim_1",301
"qes2022",562,"pes_groupdiscrim_2",301
"qes2022",563,"pes_groupdiscrim_3",301
"qes2022",564,"pes_groupdiscrim_4",301
"qes2022",565,"pes_groupdiscrim_5",301
"qes2022",566,"pes_groupdiscrim_6",301
"qes2022",567,"pes_groupdiscrim_7",301
"qes2022",568,"pes_groupdiscrim_DO_1",301
"qes2022",569,"pes_groupdiscrim_DO_2",301
"qes2022",570,"pes_groupdiscrim_DO_3",301
"qes2022",571,"pes_groupdiscrim_DO_4",301
"qes2022",572,"pes_groupdiscrim_DO_5",301
"qes2022",573,"pes_groupdiscrim_DO_6",301
"qes2022",574,"pes_groupdiscrim_DO_7",301
"qes2022",575,"pes_fedpower",301
"qes2022",576,"pes_fedpower_DO_1",301
"qes2022",577,"pes_fedpower_DO_2",301
"qes2022",578,"pes_privjobs",301
"qes2022",579,"pes_fallingbehind",301
"qes2022",580,"pes_othersahead",301
"qes2022",581,"pes_zerosum",301
"qes2022",582,"pes_stdofliving",301
"qes2022",583,"pes_provspend",301
"qes2022",584,"pes_qc_priorities2",301
"qes2022",585,"pes_qc_priorities2_8_TEXT",0
"qes2022",586,"pes_qc_priorities2_DO_1",301
"qes2022",587,"pes_qc_priorities2_DO_2",301
"qes2022",588,"pes_qc_priorities2_DO_3",301
"qes2022",589,"pes_qc_priorities2_DO_4",301
"qes2022",590,"pes_qc_priorities2_DO_5",301
"qes2022",591,"pes_qc_priorities2_DO_6",301
"qes2022",592,"pes_qc_priorities2_DO_7",301
"qes2022",593,"pes_qc_priorities2_DO_8",301
"qes2022",594,"pes_q23",301
"qes2022",595,"pes_q24",838
"qes2022",596,"pes_discussfriends",301
"qes2022",597,"pes_network",301
"qes2022",598,"pes_friendsethnic",375
"qes2022",599,"pes_disagreefriends",375
"qes2022",600,"pes_gettogether",375
"qes2022",601,"pes_trust",301
"qes2022",602,"pes_trust_DO_1",301
"qes2022",603,"pes_trust_DO_2",301
"qes2022",604,"pes_participation1_1",301
"qes2022",605,"pes_participation1_2",301
"qes2022",606,"pes_participation1_3",301
"qes2022",607,"pes_participation1_DO_1",301
"qes2022",608,"pes_participation1_DO_2",301
"qes2022",609,"pes_participation1_DO_3",301
"qes2022",610,"pes_participation2_1",301
"qes2022",611,"pes_participation2_2",301
"qes2022",612,"pes_participation2_3",301
"qes2022",613,"pes_participation2_4",301
"qes2022",614,"pes_participation2_DO_1",301
"qes2022",615,"pes_participation2_DO_2",301
"qes2022",616,"pes_participation2_DO_3",301
"qes2022",617,"pes_participation2_DO_4",301
"qes2022",618,"pes_participation3_1",301
"qes2022",619,"pes_participation3_2",301
"qes2022",620,"pes_participation3_3",301
"qes2022",621,"pes_participation3_4",301
"qes2022",622,"pes_participation3_5",301
"qes2022",623,"pes_participation3_6",301
"qes2022",624,"pes_participation3_DO_1",301
"qes2022",625,"pes_participation3_DO_2",301
"qes2022",626,"pes_participation3_DO_3",301
"qes2022",627,"pes_participation3_DO_4",301
"qes2022",628,"pes_participation3_DO_5",301
"qes2022",629,"pes_participation3_DO_6",301
"qes2022",630,"pes_votemail",301
"qes2022",631,"pes_partymember",301
"qes2022",632,"pes_feminine_1",301
"qes2022",633,"pes_masculine_1",301
"qes2022",634,"pes_langhome_2",301
"qes2022",635,"pes_langhome_1",301
"qes2022",636,"pes_langhome_3",301
"qes2022",637,"pes_langhome_4",301
"qes2022",638,"pes_langhome_5",301
"qes2022",639,"pes_langhome_6",301
"qes2022",640,"pes_langhome_7",301
"qes2022",641,"pes_langhome_8",301
"qes2022",642,"pes_langhome_9",301
"qes2022",643,"pes_langhome_10",301
"qes2022",644,"pes_langhome_11",301
"qes2022",645,"pes_langhome_12",301
"qes2022",646,"pes_langhome_13",301
"qes2022",647,"pes_langhome_14",301
"qes2022",648,"pes_langhome_15",301
"qes2022",649,"pes_langhome_16",301
"qes2022",650,"pes_langhome_17",301
"qes2022",651,"pes_langhome_3_TEXT",0
"qes2022",652,"pes_langhome_17_TEXT",0
"qes2022",653,"pes_employed",301
"qes2022",654,"pes_employed_12_TEXT",0
"qes2022",655,"pes_work",797
"qes2022",656,"pes_union",301
"qes2022",657,"pes_covid_employ",301
"qes2022",658,"pes_covid_employ2_1",1197
"qes2022",659,"pes_covid_employ2_2",1197
"qes2022",660,"pes_covid_employ2_3",1197
"qes2022",661,"pes_covid_employ2_4",1197
"qes2022",662,"pes_covid_employ2_5",1197
"qes2022",663,"pes_covid_employ2_5_TEXT",0
"qes2022",664,"pes_covidwork",301
"qes2022",665,"pes_covidincome",301
"qes2022",666,"pes_own_1",301
"qes2022",667,"pes_own_2",301
"qes2022",668,"pes_own_3",301
"qes2022",669,"pes_own_4",301
"qes2022",670,"pes_own_5",301
"qes2022",671,"pes_married",301
"qes2022",672,"pes_kids",301
"qes2022",673,"pes_schoolkids",813
"qes2022",674,"pes_household",301
"qes2022",675,"pes_orientation",301
"qes2022",676,"pes_orientation_4_TEXT",0
"qes2022",677,"pes_immparents",301
"qes2022",678,"pes_rural",301
"qes2022",679,"pes_livedincomm",301
"qes2022",680,"pes_yearsprov",301
"qes2022",681,"pes_otherprov_1",301
"qes2022",682,"pes_otherprov_2",301
"qes2022",683,"pes_otherprov_3",301
"qes2022",684,"pes_otherprov_4",301
"qes2022",685,"pes_otherprov_5",301
"qes2022",686,"pes_otherprov_6",301
"qes2022",687,"pes_otherprov_7",301
"qes2022",688,"pes_otherprov_8",301
"qes2022",689,"pes_otherprov_9",301
"qes2022",690,"pes_otherprov_10",301
"qes2022",691,"pes_otherprov_11",301
"qes2022",692,"pes_otherprov_12",301
"qes2022",693,"pes_otherprov_13",301
"qes2022",694,"pes_race_1",301
"qes2022",695,"pes_race_2",301
"qes2022",696,"pes_race_3",301
"qes2022",697,"pes_race_4",301
"qes2022",698,"pes_race_5",301
"qes2022",699,"pes_race_6",301
"qes2022",700,"pes_race_7",301
"qes2022",701,"pes_race_8",301
"qes2022",702,"pes_race_9",301
"qes2022",703,"pes_race_10",301
"qes2022",704,"pes_race_11",301
"qes2022",705,"pes_race_12",301
"qes2022",706,"pes_race_13",301
"qes2022",707,"pes_race_13_TEXT",0
"qes2022",708,"FL_361_DO_Issues_Canada_",913
"qes2022",709,"FL_361_DO_Issues_Quebec_",909
"qes2022",710,"GenderID_DO_pes_masculine",301
"qes2022",711,"GenderID_DO_pes_feminine",301
"qes2022",712,"feduid",0
"qes2022",713,"fedname",0
"qes2022",714,"pccf_problem",1445
"qes2022",715,"cps_weight_general",0
"qes2022",716,"cps_weight_general_trimmed",0
"qes2022",717,"pes_weight_general",301
"qes2022",718,"pes_weight_general_trimmed",301
