"name","url","dest","file","md5","md5_check","licence","method","used_by","note"
"dataverse_latest_10.5683_SP2_6XGOKA","https://borealisdata.ca/api/datasets/:persistentId/?persistentId=doi:10.5683/SP2/6XGOKA","dataverse_latest","10.5683_SP2_6XGOKA.json","42c27bfcc678b01c016441368a8c9a0a","warn","Dataverse metadata, dataset licence CC0 1.0; not committed (the pinned-version snapshots in data-raw/inputs/dataverse/ are)","plain","build_catalog.R (QESR_DV_JSON_DIR: checks the latest version equals the pin)","Current dataset JSON; it changes when the deposit or the server software changes, so its md5 is informative only."
"dataverse_latest_10.5683_SP2_8KEYU3","https://borealisdata.ca/api/datasets/:persistentId/?persistentId=doi:10.5683/SP2/8KEYU3","dataverse_latest","10.5683_SP2_8KEYU3.json","2821273490390836b33973c5f6f23578","warn","Dataverse metadata, dataset licence CC0 1.0; not committed (the pinned-version snapshots in data-raw/inputs/dataverse/ are)","plain","build_catalog.R (QESR_DV_JSON_DIR: checks the latest version equals the pin)","Current dataset JSON; it changes when the deposit or the server software changes, so its md5 is informative only."
"dataverse_latest_10.5683_SP2_QFUAWG","https://borealisdata.ca/api/datasets/:persistentId/?persistentId=doi:10.5683/SP2/QFUAWG","dataverse_latest","10.5683_SP2_QFUAWG.json","b2a8a61e83be1e62c925775ac38650db","warn","Dataverse metadata, dataset licence CC0 1.0; not committed (the pinned-version snapshots in data-raw/inputs/dataverse/ are)","plain","build_catalog.R (QESR_DV_JSON_DIR: checks the latest version equals the pin)","Current dataset JSON; it changes when the deposit or the server software changes, so its md5 is informative only."
"dataverse_latest_10.5683_SP2_WXUPXT","https://borealisdata.ca/api/datasets/:persistentId/?persistentId=doi:10.5683/SP2/WXUPXT","dataverse_latest","10.5683_SP2_WXUPXT.json","5ddbcd11b45624db3267cd7740bf6180","warn","Dataverse metadata, dataset licence CC0 1.0; not committed (the pinned-version snapshots in data-raw/inputs/dataverse/ are)","plain","build_catalog.R (QESR_DV_JSON_DIR: checks the latest version equals the pin)","Current dataset JSON; it changes when the deposit or the server software changes, so its md5 is informative only."
"dataverse_latest_10.5683_SP3_64F7WR","https://borealisdata.ca/api/datasets/:persistentId/?persistentId=doi:10.5683/SP3/64F7WR","dataverse_latest","10.5683_SP3_64F7WR.json","77862bfcc08359b4f971e085fe17d016","warn","Dataverse metadata, dataset licence CC0 1.0; not committed (the pinned-version snapshots in data-raw/inputs/dataverse/ are)","plain","build_catalog.R (QESR_DV_JSON_DIR: checks the latest version equals the pin)","Current dataset JSON; it changes when the deposit or the server software changes, so its md5 is informative only."
"dataverse_latest_10.5683_SP3_IRZ1PF","https://borealisdata.ca/api/datasets/:persistentId/?persistentId=doi:10.5683/SP3/IRZ1PF","dataverse_latest","10.5683_SP3_IRZ1PF.json","d8a45176e5fce7c09514b3b6b1925f98","warn","Dataverse metadata, dataset licence CC0 1.0; not committed (the pinned-version snapshots in data-raw/inputs/dataverse/ are)","plain","build_catalog.R (QESR_DV_JSON_DIR: checks the latest version equals the pin)","Current dataset JSON; it changes when the deposit or the server software changes, so its md5 is informative only."
"dataverse_latest_10.5683_SP3_NDS6VT","https://borealisdata.ca/api/datasets/:persistentId/?persistentId=doi:10.5683/SP3/NDS6VT","dataverse_latest","10.5683_SP3_NDS6VT.json","372d089c70365f9894c3411b56769c1f","warn","Dataverse metadata, dataset licence CC0 1.0; not committed (the pinned-version snapshots in data-raw/inputs/dataverse/ are)","plain","build_catalog.R (QESR_DV_JSON_DIR: checks the latest version equals the pin)","Current dataset JSON; it changes when the deposit or the server software changes, so its md5 is informative only."
"dataverse_latest_10.5683_SP3_NWTGWS","https://borealisdata.ca/api/datasets/:persistentId/?persistentId=doi:10.5683/SP3/NWTGWS","dataverse_latest","10.5683_SP3_NWTGWS.json","67837275c4de11c5ddb9b722529d00a4","warn","Dataverse metadata, dataset licence CC0 1.0; not committed (the pinned-version snapshots in data-raw/inputs/dataverse/ are)","plain","build_catalog.R (QESR_DV_JSON_DIR: checks the latest version equals the pin)","Current dataset JSON; it changes when the deposit or the server software changes, so its md5 is informative only."
"dataverse_latest_10.5683_SP3_RKHPVL","https://borealisdata.ca/api/datasets/:persistentId/?persistentId=doi:10.5683/SP3/RKHPVL","dataverse_latest","10.5683_SP3_RKHPVL.json","2a91b91625e1c5ee09e7fe64a02f9bc6","warn","Dataverse metadata, dataset licence CC0 1.0; not committed (the pinned-version snapshots in data-raw/inputs/dataverse/ are)","plain","build_catalog.R (QESR_DV_JSON_DIR: checks the latest version equals the pin)","Current dataset JSON; it changes when the deposit or the server software changes, so its md5 is informative only."
"dataverse_latest_10.5683_SP3_XDDMMR","https://borealisdata.ca/api/datasets/:persistentId/?persistentId=doi:10.5683/SP3/XDDMMR","dataverse_latest","10.5683_SP3_XDDMMR.json","3673d09438b54a281a2e468c9c025015","warn","Dataverse metadata, dataset licence CC0 1.0; not committed (the pinned-version snapshots in data-raw/inputs/dataverse/ are)","plain","build_catalog.R (QESR_DV_JSON_DIR: checks the latest version equals the pin)","Current dataset JSON; it changes when the deposit or the server software changes, so its md5 is informative only."
"dataverse_latest_10.7910_DVN_PAQBDR","https://dataverse.harvard.edu/api/datasets/:persistentId/?persistentId=doi:10.7910/DVN/PAQBDR","dataverse_latest","10.7910_DVN_PAQBDR.json","c45afd7ed6acb62aa27433241ce5944e","warn","Dataverse metadata, dataset licence CC BY-NC 4.0; not committed (the pinned-version snapshots in data-raw/inputs/dataverse/ are)","plain","build_catalog.R (QESR_DV_JSON_DIR: checks the latest version equals the pin)","Current dataset JSON; it changes when the deposit or the server software changes, so its md5 is informative only."
"dgeq_gen1998-11-30","https://donnees.electionsquebec.qc.ca/production/provincial/resultats/archives/gen1998-11-30/resultats.json","bench/dgeq_json","gen1998-11-30_resultats.json","d2118b1befaa40a15edba1ea7bfb96b6","strict","Elections Quebec site terms of use (non-profit reproduction); not redistributed","plain","build_benchmarks.R (QESR_BENCH_SRC)","Archived official results of the general election (inst/COPYRIGHTS, section 3)."
"dgeq_gen2007-03-26","https://donnees.electionsquebec.qc.ca/production/provincial/resultats/archives/gen2007-03-26/resultats.json","bench/dgeq_json","gen2007-03-26_resultats.json","670f506bfc6dcbf32ff153329a00936b","strict","Elections Quebec site terms of use (non-profit reproduction); not redistributed","plain","build_benchmarks.R (QESR_BENCH_SRC)","Archived official results of the general election (inst/COPYRIGHTS, section 3)."
"dgeq_gen2008-12-08","https://donnees.electionsquebec.qc.ca/production/provincial/resultats/archives/gen2008-12-08/resultats.json","bench/dgeq_json","gen2008-12-08_resultats.json","776d54fd6c72f4ebbe0d2f9357277fcf","strict","Elections Quebec site terms of use (non-profit reproduction); not redistributed","plain","build_benchmarks.R (QESR_BENCH_SRC)","Archived official results of the general election (inst/COPYRIGHTS, section 3)."
"dgeq_gen2012-09-04","https://donnees.electionsquebec.qc.ca/production/provincial/resultats/archives/gen2012-09-04/resultats.json","bench/dgeq_json","gen2012-09-04_resultats.json","7021ba882e09d70c900221bc73c0cec1","strict","Elections Quebec site terms of use (non-profit reproduction); not redistributed","plain","build_benchmarks.R (QESR_BENCH_SRC)","Archived official results of the general election (inst/COPYRIGHTS, section 3)."
"dgeq_gen2014-04-07","https://donnees.electionsquebec.qc.ca/production/provincial/resultats/archives/gen2014-04-07/resultats.json","bench/dgeq_json","gen2014-04-07_resultats.json","ebe86c5b303ecd711c5ba98567d08336","strict","DGEQ open-data licence (dgeq.org/licence.html); not redistributed","plain","build_benchmarks.R (QESR_BENCH_SRC)","Archived official results of the general election (inst/COPYRIGHTS, section 3)."
"dgeq_gen2018-10-01","https://donnees.electionsquebec.qc.ca/production/provincial/resultats/archives/gen2018-10-01/resultats.json","bench/dgeq_json","gen2018-10-01_resultats.json","ae2138c152b6e206d14e3bc4a5312db6","strict","DGEQ open-data licence (dgeq.org/licence.html); not redistributed","plain","build_benchmarks.R (QESR_BENCH_SRC)","Archived official results of the general election (inst/COPYRIGHTS, section 3)."
"dgeq_gen2022-10-03","https://donnees.electionsquebec.qc.ca/production/provincial/resultats/archives/gen2022-10-03/resultats.json","bench/dgeq_json","gen2022-10-03_resultats.json","b3df66816e223612d045dbdf9d422f04","strict","DGEQ open-data licence (dgeq.org/licence.html); not redistributed","plain","build_benchmarks.R (QESR_BENCH_SRC)","Archived official results of the general election (inst/COPYRIGHTS, section 3)."
"statcan_98100020","https://www150.statcan.gc.ca/n1/tbl/csv/98100020-eng.zip","bench/zips","98100020-eng.zip","dc1f84dd1d02d0ee747784869d7fb9b0","warn","Statistics Canada Open Licence","plain","build_benchmarks.R (QESR_BENCH_SRC)","Age in single years by gender, 2016 and 2021. Statistics Canada revises and repackages full-table CSVs, so the md5 is informative only; build_benchmarks.R --check compares the derived margins."
"statcan_98100218","https://www150.statcan.gc.ca/n1/tbl/csv/98100218-eng.zip","bench/zips","98100218-eng.zip","4e8f656c78229506fd97f74c587cc7c7","warn","Statistics Canada Open Licence","plain","build_benchmarks.R (QESR_BENCH_SRC)","Mother tongue by age, 2011 to 2021. Statistics Canada revises and repackages full-table CSVs, so the md5 is informative only; build_benchmarks.R --check compares the derived margins."
"statcan_98100384","https://www150.statcan.gc.ca/n1/tbl/csv/98100384-eng.zip","bench/zips","98100384-eng.zip","e31f34e7f648189ea5992d3f6df4d512","warn","Statistics Canada Open Licence","plain","build_benchmarks.R (QESR_BENCH_SRC)","Highest certificate by age and gender, 2006 to 2021. Statistics Canada revises and repackages full-table CSVs, so the md5 is informative only; build_benchmarks.R --check compares the derived margins."
"statcan_profile2011_101","https://www12.statcan.gc.ca/census-recensement/2011/dp-pd/prof/details/download-telecharger/comprehensive/comp_download.cfm?CTLG=98-316-XWE2011001&FMT=CSV101&Lang=E&Tab=1&Geo1=PR&Code1=01&Geo2=PR&Code2=01&Data=Count&SearchText=&SearchType=Begins&SearchPR=01&B1=All&Custom=&TABID=1","bench/zips","98-316-XWE2011001-101_CSV.zip","290269093e4383386ead96eeedb11912","strict","Statistics Canada Open Licence","manual","build_benchmarks.R (QESR_BENCH_SRC)","2011 Census Profile, provinces and territories (98-316-XWE2011001, file 101). The site serves a Cloudflare JavaScript challenge to plain requests: open the URL in a browser and save the zip under this name."
"statcan_ivt2006_97-551-XCB2006009","https://web.archive.org/web/20130701214950id_/http://www12.statcan.gc.ca/census-recensement/2006/dp-pd/tbt/Download.cfm?PID=88984","bench/ivt","97-551-XCB2006009.IVT","899bc736d3e590a5658a05a9c00bf08a","strict","Statistics Canada Open Licence","plain","build_benchmarks.R (QESR_BENCH_SRC)","2006 Census topic-based table (Beyond 20/20), the Internet Archive capture of 2013-07-01; build_benchmarks.R also checks its md5."
