"study","wave","target","source_var","n","md5"
"qes2022","pes","vote_prov_recall","pes_votechoice",1521,"7b5a9316c51c20f59e0f5603ca9a680f"
"qes2022","cps","vote_prov_intent","cps_votechoice1",1521,"47ab47cd80b16dcfd538e48b6a78c6c8"
"qes2022","pes","turnout_prov_recall","pes_turnout",1521,"76cb365cb208275612d2855f5858de37"
"qes2022","cps","sov_indep","cps_qc_referendum",1521,"991dd4af5397ae4bea602a5c959d20fe"
"qes2022","cps","lr_self","cps_ideoself_1",1521,"9098a9ac1b44e53c838b8c7df766a21e"
"qes2022","cps","pid_prov","cps_provpid",1521,"a4ff8c0ee1385663a1e955251f408af0"
"qes2022","cps","birth_year","cps_yob",1521,"5c94100af2c28f21b3969d23da4f9348"
"qes2022","cps","age","cps_age_in_years",1521,"af8545b1ca111e8adde875a6a16a6ce0"
"qes2022","cps","citizen","cps_citizen",1521,"e1d612ac9dc39f5e276e22400fbf670e"
"qes2018","post","vote_prov_recall","q6",3072,"f409aec65408350d4ffa96669c3d178e"
"qes2018","post","turnout_prov_recall","q5",3072,"0e956e155f4755f1c6bf1b47ec0d3f98"
"qes2018","post","sov_indep","q26",3072,"9c8110bf9359193960d7f78d741e78f0"
"qes2018","post","lr_self","q36_1",3072,"2eb4fb6d280b0655677bc991608fbb97"
"qes2018","post","pid_prov","q56",3072,"5bdc748c9fe15846c11280d653288f71"
"qes2018","post","interest_4pt","q27",3072,"f26e4a1cedcd50d79c5c0ac586fbecdd"
"qes2018","post","birth_year","ageyear_1",3072,"9b6d5e9e7cfc8c595c6f1d5cb9ee4a18"
"qes2018","post","birth_month","agemonth_1",3072,"b4ef3dc31a8ca1c3ec21d58d5a72bd98"
"qes2018","post","age","agenum",3072,"c39831ff7c82678fbdd9572fb8750a7c"
"qes2018_panel","post","vote_prov_recall","rts_q2",1250,"7c0bdc5a851f9299b2d02e222d293254"
"qes2018_panel","pre","vote_prov_intent","rv1a",1250,"271bb2805f763a937c72fe75504b728f"
"qes2018_panel","pre","vote_prov_intent_push","rv1ab",1250,"cf7af49aac10d0406096c3a16ba12ff0"
"qes2018_panel","post","turnout_prov_recall","rts_q1",1250,"a457a43c5e3dfafd7fb5504e1dcdfaa2"
"qes2018_panel","post","sov_favour","rts_q7",1250,"2373320267cc3262d69e6581657ff735"
"qes2018_panel","post","lr_self","rts_q8",1250,"99a46167a4504f0b673cc5bed56a0a46"
"qes2018_panel","pre","age_group3","age",1250,"609dc5e8bdaae9c9166ed5fbac5610f3"
"qes2014","post","vote_prov_recall","Q3",1517,"eb352f80793d46881bbceca7876110ce"
"qes2014","post","turnout_prov_recall","Q2",1517,"10bcfd8a26639e96bacc724856c9a628"
"qes2014","post","sov_indep","Q19",1517,"c65df0589b24c5b534357aeb74049fd2"
"qes2014","post","lr_self","Q32",1517,"9af2211b857aefb53c5c4a576ce23ebf"
"qes2014","post","pid_prov","Q55",1517,"15397ef749b4df5bf5bf65b758b5c135"
"qes2014","post","interest_4pt","Q28",1517,"23493096bdc3848398fd034bcc7704af"
"qes2014","post","birth_year","QAGE",1517,"c4e4c1df3991d325a849bde71431b854"
"qes2012","post","vote_prov_recall","q25",1505,"848eafd0ea002ccde94fe4155fe062df"
"qes2012","post","turnout_prov_recall","q21",1505,"51c69aa564decaa263a38b0130b376bd"
"qes2012","post","sov_indep","q52",1505,"af6e28ccb200d00baa3d99a17b0b70d2"
"qes2012","post","lr_self","q71",1505,"f5ef1b3da7cbe7ead9a99ed51ff4f70d"
"qes2012","post","pid_prov","q92",1505,"8bd336bca8104b678250ae3ec6b85c91"
"qes2012","post","interest_4pt","q67",1505,"eedb340f2cd32958d921023583d0cfc9"
"qes2012","post","birth_year","agex",1505,"51bbd4de07c6379e79b117a5ee81c579"
"qes2012_panel","post","vote_prov_recall","voteprov",844,"88eca87c42701996b9d33f399ee873ee"
"qes2012_panel","pre","vote_prov_intent","intvoteprov1",844,"7820e1db551e374bc0aa5845d82cebd6"
"qes2012_panel","pre","vote_prov_intent_push","intvoteprov",844,"2d6f6a946e6c459e8a548ef46f8420b0"
"qes2012_panel","post","turnout_prov_recall","participation",844,"ae2afb760b86a3558415607265650d20"
"qes2012_panel","pre","sov_sovereign_country","intvoteref",844,"a58e7e429cd421f60ea221d927d209a3"
"qes2012_panel","pre","age_group3","age",844,"5267b459649d79f6873cf0c71b86677e"
"qes_crop_2007_2010","*","vote_prov_intent","intvoteprova",24027,"30d028a05839a15d685dafdf16b020fe"
"qes_crop_2007_2010","*","vote_prov_intent_push","intvoteprov",24027,"537c4acdef95b4ec7b4e3a241a39845f"
"qes_crop_2007_2010","*","age_group3","QAGE",24027,"cf9d208bbda132d6092d2d0acac85b90"
"qes2008","post","vote_prov_recall","q12a",1151,"a254e5cd79dc20cb445544f831d31b6b"
"qes2008","post","turnout_prov_recall","q11",1151,"3b4dc384964559a5c2a4e6a57ca7ff12"
"qes2008","post","pid_prov","q70",1151,"83f68bed3208f331022411b07a185096"
"qes2008","post","birth_year","q75",1151,"a08f719358e64ede6676e46ea1343894"
"qes2008","post","age_group3","q0age",1151,"530b9299927601c1cffd515f50099b1b"
"qes2008","post","sov_partnership_1995","q19",1151,"56b06d8646063ba4e157fbd3a362ca5f"
"qes2007","post","vote_prov_recall","q12",2175,"dc40452d7590462450bfc0decb1c90cb"
"qes2007","post","turnout_prov_recall","q11",2175,"8c128b0072e0102b7d1d316665587f0b"
"qes2007","post","pid_prov","q70",2175,"2ec5787a9e58b7f0ad8117c6194ad315"
"qes2007","post","birth_year","q75",2175,"edbf95f312039c49f10a5e506586e06e"
"qes2007","post","sov_partnership_1995","q19",2175,"2314d12d9170cb01e62041028566e630"
"qes2007_panel","post","vote_prov_recall","vote",2442,"382d3856e94cc6328cf6cd5fb4ea7c46"
"qes2007_panel","pre","vote_prov_intent","intvote1",2442,"a68eec70f078cd3282673fb03333ccde"
"qes2007_panel","pre","vote_prov_intent_push","intvote",2442,"aaaa27f5d6ca65c5ad323bf261da258e"
"qes2007_panel","pre","age_group3","age",2442,"d0c82610f694b6b4adea5a541812ad20"
"qes2007_panel","pre","sov_partnership_1995","intref1",2442,"b8767c21bce71b141e4ce63498d0391f"
"qes1998","post","vote_prov_recall","q3post",1483,"74d35ff4d0476ad331c1fc2c28a5e2d7"
"qes1998","pre","vote_prov_intent_push","intvote",1483,"11eb91ed4d0d23b36c96350be65adf18"
"qes1998","post","turnout_prov_recall","q1post",1483,"51f04efceffe7ee26f8a0619db6fd4ff"
"qes1998","pre","age_group3","age",1483,"4d12bfb494cb2f0dc04dbf220231b6ba"
"qes1998","pre","sov_partnership_1995","q16a_crop",1483,"1863d7cc1dc90cd16450b693f96b1607"
