column,study,n,md5
citizenship,qes2022,1521,5ef6dd7587dfa883db9752e5b5d73e44
citizenship,qes2018,3072,52c78717902ab7c28bda6f0b48a915ef
citizenship,qes2014,1517,37cde2eab499d4a1edf4512265752194
citizenship,qes2012,1505,4820b102d710d1b434cbe0b7b4b1f9f3
citizenship,qes2018_panel,1250,670ea69113bfc2a7da64c9f363e031b3
citizenship,qes2007_panel,2441,726e77a324b9219970a099aa82dd6e01
citizenship,qes2012_panel,844,a967003c62d7ee5d0e0ef1d137e81bd8
citizenship,qes2007,2175,be666b317159af1c059f6d5904595361
citizenship,qes2008,1151,3f6da8eeea2faa3004f0b15e43533460
citizenship,qes1998,1483,212f41b52e0b85fd8ed311fa7a004aa9
citizenship,qes_crop_2007_2010,24027,f3706fbebf4108ec185164775518550a
yob,qes2022,1521,5c94100af2c28f21b3969d23da4f9348
yob,qes2018,3072,9b6d5e9e7cfc8c595c6f1d5cb9ee4a18
yob,qes2014,1517,c4e4c1df3991d325a849bde71431b854
yob,qes2012,1505,51bbd4de07c6379e79b117a5ee81c579
yob,qes2018_panel,1250,0297b9e6fc2f7539802bba1153dc8c6f
yob,qes2007_panel,2441,726e77a324b9219970a099aa82dd6e01
yob,qes2012_panel,844,a967003c62d7ee5d0e0ef1d137e81bd8
yob,qes2007,2175,edbf95f312039c49f10a5e506586e06e
yob,qes2008,1151,a08f719358e64ede6676e46ea1343894
yob,qes1998,1483,212f41b52e0b85fd8ed311fa7a004aa9
yob,qes_crop_2007_2010,24027,f3706fbebf4108ec185164775518550a
age_group,qes2022,1521,596ec91553135430957154056779c2bd
age_group,qes2018,3072,0147629a9108fabd11a8047630165cb6
age_group,qes2014,1517,fc3a521445c80583371d784e9c117364
age_group,qes2012,1505,1481ec58ed7fcccc68ef99ab8594532a
age_group,qes2018_panel,1250,609dc5e8bdaae9c9166ed5fbac5610f3
age_group,qes2007_panel,2441,4cfaedd535d4d1e4379637d2b7ff4d4f
age_group,qes2012_panel,844,5267b459649d79f6873cf0c71b86677e
age_group,qes2007,2175,018fd9ba39a166d0142470f01f963475
age_group,qes2008,1151,530b9299927601c1cffd515f50099b1b
age_group,qes1998,1483,4d12bfb494cb2f0dc04dbf220231b6ba
age_group,qes_crop_2007_2010,24027,cf9d208bbda132d6092d2d0acac85b90
gender,qes2022,1521,74558678b8a18baf655096bca776eb9e
gender,qes2018,3072,09f8c45f35b2e36a1dc70e3b0840cbce
gender,qes2014,1517,5d22900b93d95b6e07351dc16f3dd1c6
gender,qes2012,1505,108b161788575e318a83aa80335600f9
gender,qes2018_panel,1250,81a07fd1d1d06f5ed8ba7757f25e098c
gender,qes2007_panel,2441,11fe3a17babad98be1b6fd6fd2fbe574
gender,qes2012_panel,844,d4d22217ef6b0075c49aa2e943a25c3e
gender,qes2007,2175,6efbd89aca99ef3e49739d7850e9335b
gender,qes2008,1151,a7e1ace742488b645d23fedeb1d17313
gender,qes1998,1483,6698f70470eb2c0b5cede571730b197a
gender,qes_crop_2007_2010,24027,29867afdca7229ccb415e62425147cd0
education4,qes2022,1521,776f6337ce86421c4844c1c429fea40d
education4,qes2018,3072,b08a17b4ac83785b1d12d29217af4e4e
education4,qes2014,1517,714f1bcbe421eb5b8a0c15d94a36a197
education4,qes2012,1505,76622aa91387c9cebb685f07c828bdfb
education4,qes2018_panel,1250,f23ca90ff77c6d800d1611b21a2ea4d1
education4,qes2007_panel,2441,47077409315542228de87cb990eaff25
education4,qes2012_panel,844,a967003c62d7ee5d0e0ef1d137e81bd8
education4,qes2007,2175,d6bd0244eb5e80a54e71b7910d7009bd
education4,qes2008,1151,3495512598ce0a07c9d7486469dc4ad9
education4,qes1998,1483,21b283845d732d926c9c67685202a780
education4,qes_crop_2007_2010,24027,fca2226ee99136894b8bfd7ac3ae467a
education,qes2022,1521,75b7049a4f7bdff38223f6964bf99b2b
education,qes2018,3072,25029c89565f55788817c02802ebb77e
education,qes2014,1517,23bf29437d4f7f1b58b3be7a5f40bc06
education,qes2012,1505,65ecca77c89a9ea587f8d0f27903f157
education,qes2018_panel,1250,cb26e33628650ca4d3b2ca8fd3e13776
education,qes2007_panel,2441,0abeac1091ffea70b15d27d0567ec22b
education,qes2012_panel,844,a967003c62d7ee5d0e0ef1d137e81bd8
education,qes2007,2175,73b1d0da8964cd1d113d2877d02f19b8
education,qes2008,1151,ce075aa0d71078ad125c0bb342f4e4ba
education,qes1998,1483,80948f9a2d242dbaa3b02288701365e1
education,qes_crop_2007_2010,24027,abcb5679bc8e0c5d330e3a352ef9b3d6
income_cat,qes2022,1521,809c3adabf3f7fc39c56fdbeb9177dd5
income_cat,qes2018,3072,2eb38d4da5201c78c755a9a94b2a0271
income_cat,qes2014,1517,c42c78480eda81a5934bc1d63dbcdb9f
income_cat,qes2012,1505,7c7ace25592807a4c61ee42c548b1904
income_cat,qes2018_panel,1250,8055787a24f83951eabe9780e5854b91
income_cat,qes2007_panel,2441,810cdc6d9120599e5a0015a7348a8015
income_cat,qes2012_panel,844,a967003c62d7ee5d0e0ef1d137e81bd8
income_cat,qes2007,2175,0958b745c451d7d6792fa5cf7af7ed6b
income_cat,qes2008,1151,454f11abcf57b4b63b9569d16690309f
income_cat,qes1998,1483,212f41b52e0b85fd8ed311fa7a004aa9
income_cat,qes_crop_2007_2010,24027,ab6538ac425cd1603c2ddb489bd21503
language,qes2022,1521,33579791a7415665d92280fca1d4ba8f
language,qes2018,3072,e31b43bd6eb0dee4185946573cd45eec
language,qes2014,1517,0ecf44539b19b11e47d68936bb915288
language,qes2012,1505,f808fd2cef3a734fa6cd640eb0cd543f
language,qes2018_panel,1250,bf981cf0ce42b90384cdbe13d794b4a9
language,qes2007_panel,2441,bb64f1f29cf13488542612fe1c65f90e
language,qes2012_panel,844,1b4924cf0a8422a0d9adc01fa7f2c17b
language,qes2007,2175,4efff5526c8da638be92b5976f567a98
language,qes2008,1151,a03667899fc49e2d0ea36dbf26e7d21c
language,qes1998,1483,396c0843da960f2ab4b3698925431253
language,qes_crop_2007_2010,24027,b8c27dd0b6f4633b9eadac647e1228ee
language_fr,qes2022,1521,5443e2f9c9368101a13fea75b43a4fd3
language_fr,qes2018,3072,9bd2a751a04cf09a6d3032e4da3183ce
language_fr,qes2014,1517,0b58be721f68457346eaab917ac2f15e
language_fr,qes2012,1505,25ee8f1d906ce8318d0ff9927ab77a30
language_fr,qes2018_panel,1250,42eed42822cdcbc76c393497f346f628
language_fr,qes2007_panel,2441,49ffebe5b616425e6bfca318e3fb0ce8
language_fr,qes2012_panel,844,facd45c18b93ac9bb359b6fad149fc52
language_fr,qes2007,2175,4244dc469f766e1ed430763f0cbd9000
language_fr,qes2008,1151,7643d9e867deae3a4af2937c9d95f9e2
language_fr,qes1998,1483,08fad4381ca8695523cec1ba2df9ab8d
language_fr,qes_crop_2007_2010,24027,dd4098c0ddf76e16e11e0403bb2a333d
language_eng,qes2022,1521,650c1afa67e361a2953a8a4a5cf343c2
language_eng,qes2018,3072,01667c11fec70b7072aaaec04d549257
language_eng,qes2014,1517,08d1e4595b7a70e245136ddff3ad9350
language_eng,qes2012,1505,2f1c04a5d70612082e17634ec17532ed
language_eng,qes2018_panel,1250,021acc5728037f071e651135ba8614ae
language_eng,qes2007_panel,2441,6f70da6603fa884a84730076a124c309
language_eng,qes2012_panel,844,a954b067f931b41b3551a425e0f47ab9
language_eng,qes2007,2175,320ca23edc533d90e9a13a020eb463a8
language_eng,qes2008,1151,fc5363480e5cf0f3e5d60d840999c51d
language_eng,qes1998,1483,8b9b255069626d765d89eb64976d9927
language_eng,qes_crop_2007_2010,24027,f7df3897aa01857fb8a4cb4744fe3ebc
religion,qes2022,1521,a8fceeab0fa5a6e931c3164c41388138
religion,qes2018,3072,a9070859ebabe0e17f6ea1d56bcc92e6
religion,qes2014,1517,4e8241aedc04bd1d03f088c562fe03a2
religion,qes2012,1505,85ec93183fa947e05b8a53244662a0cf
religion,qes2018_panel,1250,0297b9e6fc2f7539802bba1153dc8c6f
religion,qes2007_panel,2441,726e77a324b9219970a099aa82dd6e01
religion,qes2012_panel,844,a967003c62d7ee5d0e0ef1d137e81bd8
religion,qes2007,2175,be666b317159af1c059f6d5904595361
religion,qes2008,1151,3f6da8eeea2faa3004f0b15e43533460
religion,qes1998,1483,212f41b52e0b85fd8ed311fa7a004aa9
religion,qes_crop_2007_2010,24027,f3706fbebf4108ec185164775518550a
marital,qes2022,1521,af7f20e1dc7ab94747aa1d40d7dd4027
marital,qes2018,3072,2a8bfaa4a57c388ea6af052835b9bc1c
marital,qes2014,1517,a2a403b89db74f693479c9be11ca4290
marital,qes2012,1505,6dc9d083afc0b6e81f5b7e6e325c65cb
marital,qes2018_panel,1250,0297b9e6fc2f7539802bba1153dc8c6f
marital,qes2007_panel,2441,726e77a324b9219970a099aa82dd6e01
marital,qes2012_panel,844,a967003c62d7ee5d0e0ef1d137e81bd8
marital,qes2007,2175,be666b317159af1c059f6d5904595361
marital,qes2008,1151,3f6da8eeea2faa3004f0b15e43533460
marital,qes1998,1483,212f41b52e0b85fd8ed311fa7a004aa9
marital,qes_crop_2007_2010,24027,f3706fbebf4108ec185164775518550a
employment,qes2022,1521,f2013d506d054bf074bb3b7d9aeb3ab2
employment,qes2018,3072,5a9c55e62807a4bb954a74f588b6a9ff
employment,qes2014,1517,8c193061bccf4759501190fe80e3b58a
employment,qes2012,1505,96a0207a7d01bdf3c082b8eead826878
employment,qes2018_panel,1250,c0a18eba317d1eec30d663b0cc1eff3d
employment,qes2007_panel,2441,8ebaa3c8d426f6ce369328f60a2306ae
employment,qes2012_panel,844,a967003c62d7ee5d0e0ef1d137e81bd8
employment,qes2007,2175,a762497add7a778fae5887073a3663f1
employment,qes2008,1151,1702ffac916ad6624d73f2d7b71871a5
employment,qes1998,1483,c06711f6095fb82dbe80a95150f268e6
employment,qes_crop_2007_2010,24027,1a2ff2bcbfb94cedd9a90cd3964f2460
union,qes2022,1521,1f977d21baaf8ce9fda6fe8a93665bae
union,qes2018,3072,0d8440536582fda62408fbeb8e563e21
union,qes2014,1517,4e3ef3ab82055697107331b871a6c1b8
union,qes2012,1505,4820b102d710d1b434cbe0b7b4b1f9f3
union,qes2018_panel,1250,0297b9e6fc2f7539802bba1153dc8c6f
union,qes2007_panel,2441,726e77a324b9219970a099aa82dd6e01
union,qes2012_panel,844,a967003c62d7ee5d0e0ef1d137e81bd8
union,qes2007,2175,be666b317159af1c059f6d5904595361
union,qes2008,1151,3f6da8eeea2faa3004f0b15e43533460
union,qes1998,1483,212f41b52e0b85fd8ed311fa7a004aa9
union,qes_crop_2007_2010,24027,f3706fbebf4108ec185164775518550a
region,qes2022,1521,f1eb855da5008f50068f476f132f8201
region,qes2018,3072,bd1c03fbc1a731047783be97c051d8db
region,qes2014,1517,d3dcd84a74c588ed38462fc82cd21635
region,qes2012,1505,aaa98795bf28400b61691d35568ffd3d
region,qes2018_panel,1250,b3e69120d1ac197fde035edd4e5f0bfc
region,qes2007_panel,2441,fef8725c4121545ef5a24e57b4b64f9a
region,qes2012_panel,844,f3ebdddd70fd79ef778daf7396436d55
region,qes2007,2175,00604b2e271ba24149614754f2aad35a
region,qes2008,1151,e7612b83cfc7805b1f1ccc58e09a8168
region,qes1998,1483,212f41b52e0b85fd8ed311fa7a004aa9
region,qes_crop_2007_2010,24027,20acdd679612ab5ff3545c0514ea7115
region_admin,qes2022,1521,f1eb855da5008f50068f476f132f8201
region_admin,qes2018,3072,52809f28fe0f0de5762591613d0fd80e
region_admin,qes2014,1517,1404f80cf5db55e4c0b30d693e553ad6
region_admin,qes2012,1505,096ff0666792956a71a1c9741867c640
region_admin,qes2018_panel,1250,0297b9e6fc2f7539802bba1153dc8c6f
region_admin,qes2007_panel,2441,cc0a3a8c58f4ba6e19f5076120e074f2
region_admin,qes2012_panel,844,a967003c62d7ee5d0e0ef1d137e81bd8
region_admin,qes2007,2175,aa9af104bbac4db924a51cacc011dc2a
region_admin,qes2008,1151,3f6da8eeea2faa3004f0b15e43533460
region_admin,qes1998,1483,212f41b52e0b85fd8ed311fa7a004aa9
region_admin,qes_crop_2007_2010,24027,f3706fbebf4108ec185164775518550a
born_canada,qes2022,1521,04b05db6b0a30977cf0cb972386b53b8
born_canada,qes2018,3072,a09a921b2de4bc2ae051a6e0b6658460
born_canada,qes2014,1517,7a6bd77355ef2b1a97061b5c2dc01a21
born_canada,qes2012,1505,b41016656a7724d1e16209e74758f173
born_canada,qes2018_panel,1250,0297b9e6fc2f7539802bba1153dc8c6f
born_canada,qes2007_panel,2441,726e77a324b9219970a099aa82dd6e01
born_canada,qes2012_panel,844,a967003c62d7ee5d0e0ef1d137e81bd8
born_canada,qes2007,2175,be666b317159af1c059f6d5904595361
born_canada,qes2008,1151,3f6da8eeea2faa3004f0b15e43533460
born_canada,qes1998,1483,212f41b52e0b85fd8ed311fa7a004aa9
born_canada,qes_crop_2007_2010,24027,f3706fbebf4108ec185164775518550a
born_quebec,qes2022,1521,f1eb855da5008f50068f476f132f8201
born_quebec,qes2018,3072,90a0b33b1cc832568c4c0914e2d22807
born_quebec,qes2014,1517,8b6b7c0f253ab223c4c243b9ba4cea44
born_quebec,qes2012,1505,ed825ef9ccb4afc10bcd5cfafbda0258
born_quebec,qes2018_panel,1250,0297b9e6fc2f7539802bba1153dc8c6f
born_quebec,qes2007_panel,2441,726e77a324b9219970a099aa82dd6e01
born_quebec,qes2012_panel,844,a967003c62d7ee5d0e0ef1d137e81bd8
born_quebec,qes2007,2175,be666b317159af1c059f6d5904595361
born_quebec,qes2008,1151,3f6da8eeea2faa3004f0b15e43533460
born_quebec,qes1998,1483,212f41b52e0b85fd8ed311fa7a004aa9
born_quebec,qes_crop_2007_2010,24027,f3706fbebf4108ec185164775518550a
vote_choice,qes2022,2741,01f947c51e509da584bf3df3fc499229
vote_choice,qes2018,3072,f409aec65408350d4ffa96669c3d178e
vote_choice,qes2014,1517,eb352f80793d46881bbceca7876110ce
vote_choice,qes2012,1505,848eafd0ea002ccde94fe4155fe062df
vote_choice,qes2018_panel,2092,715fbf70093617835780e5d374457161
vote_choice,qes2007_panel,4104,dac9fe6d5608ddf3b1a2ac114a5d67da
vote_choice,qes2012_panel,1688,6cb8715465856e814ccce6a11ccbb98e
vote_choice,qes2007,2175,dc40452d7590462450bfc0decb1c90cb
vote_choice,qes2008,1151,a254e5cd79dc20cb445544f831d31b6b
vote_choice,qes1998,2966,a31c6943935998e8562c46d098792d1e
vote_choice,qes_crop_2007_2010,24027,50c95826a26bfd1d0f15736ce0c809f9
vote_type,qes2022,2741,ba3ec70426c71e3e903547ee7154fcfe
vote_type,qes2018,3072,e478c8331aeafc07dbcce019811f0bce
vote_type,qes2014,1517,f3331d492f7c13334d2ae61438877084
vote_type,qes2012,1505,32a0ad40bdcb5686a91c9d162ddbc3b9
vote_type,qes2018_panel,2092,30d7f75d3bb9c409871739fa2b9ef128
vote_type,qes2007_panel,4104,4d22c8496ef83a91437f6bed8c727042
vote_type,qes2012_panel,1688,4f667083301236cb4b3bc94019f395eb
vote_type,qes2007,2175,5e4bda921f03e695f0726f5e6bcd71eb
vote_type,qes2008,1151,82c3d0bbe21e7dc9c7aa6beabfe69bb7
vote_type,qes1998,2966,6e3dbb781fbedaae3b720184538002f8
vote_type,qes_crop_2007_2010,24027,25895a65fefae77a76fa1872edff5f98
turnout,qes2022,2741,a809baa1eba8c808eb44cad8cbba237d
turnout,qes2018,3072,0e956e155f4755f1c6bf1b47ec0d3f98
turnout,qes2014,1517,10bcfd8a26639e96bacc724856c9a628
turnout,qes2012,1505,51c69aa564decaa263a38b0130b376bd
turnout,qes2018_panel,2092,1463f9f3bd5733ecfe30d02e73bcd5d9
turnout,qes2007_panel,4104,4874f4b85c00c49412c70481f0b7c244
turnout,qes2012_panel,1688,01cfd2f53d79b5c1a1d6069f8c0c2a4b
turnout,qes2007,2175,8c128b0072e0102b7d1d316665587f0b
turnout,qes2008,1151,3b4dc384964559a5c2a4e6a57ca7ff12
turnout,qes1998,2966,03b409c0e5a06034dc3168c0581832fa
turnout,qes_crop_2007_2010,24027,f3706fbebf4108ec185164775518550a
vote_prev,qes2022,2741,6d3d2d8f75b703af535206db2adf495a
vote_prev,qes2018,3072,09a53daca99b9c0df1d49bf2e64aeb09
vote_prev,qes2014,1517,820dc0fe0e57d3133cf5db2cc731159f
vote_prev,qes2012,1505,4820b102d710d1b434cbe0b7b4b1f9f3
vote_prev,qes2018_panel,2092,88b5cc01283ffbd2d990086b4383e6fd
vote_prev,qes2007_panel,4104,111bea71563a5d4a10e39d3d8f91a98e
vote_prev,qes2012_panel,1688,863751d0ef22257a5b0d505d53e32a75
vote_prev,qes2007,2175,be666b317159af1c059f6d5904595361
vote_prev,qes2008,1151,90c939ffd41cee93f6dd305a07c03b72
vote_prev,qes1998,2966,b5c28dfcd566c33a347b7a8b813a958b
vote_prev,qes_crop_2007_2010,24027,76c1a3da935e3d97def85ebf510dbb7c
pid,qes2022,2741,302eada06b6c06bc75a292ad25049baa
pid,qes2018,3072,5bdc748c9fe15846c11280d653288f71
pid,qes2014,1517,15397ef749b4df5bf5bf65b758b5c135
pid,qes2012,1505,8bd336bca8104b678250ae3ec6b85c91
pid,qes2018_panel,2092,88b5cc01283ffbd2d990086b4383e6fd
pid,qes2007_panel,4104,a2f73bd43b39191bf5720cd32f13ecb0
pid,qes2012_panel,1688,863751d0ef22257a5b0d505d53e32a75
pid,qes2007,2175,2ec5787a9e58b7f0ad8117c6194ad315
pid,qes2008,1151,83f68bed3208f331022411b07a185096
pid,qes1998,2966,8d374e43410197392f1e316dde17b876
pid,qes_crop_2007_2010,24027,f3706fbebf4108ec185164775518550a
lr,qes2022,2741,358dd785293ecd542acc00fdf5bfa035
lr,qes2018,3072,2eb4fb6d280b0655677bc991608fbb97
lr,qes2014,1517,9af2211b857aefb53c5c4a576ce23ebf
lr,qes2012,1505,f5ef1b3da7cbe7ead9a99ed51ff4f70d
lr,qes2018_panel,2092,049fa03c2ade9f0209001973f2210c7a
lr,qes2007_panel,4104,a2f73bd43b39191bf5720cd32f13ecb0
lr,qes2012_panel,1688,863751d0ef22257a5b0d505d53e32a75
lr,qes2007,2175,be666b317159af1c059f6d5904595361
lr,qes2008,1151,3f6da8eeea2faa3004f0b15e43533460
lr,qes1998,2966,8d374e43410197392f1e316dde17b876
lr,qes_crop_2007_2010,24027,f3706fbebf4108ec185164775518550a
interest,qes2022,2741,10469c80c0d618bfa3868a9e2453f7e1
interest,qes2018,3072,cff1a888ca34fb51da1c787ce69f1e60
interest,qes2014,1517,83f6d09348b018c98201ade905e55e72
interest,qes2012,1505,f027d59beb6f3d9d24f5ab39868d5ee2
interest,qes2018_panel,2092,88b5cc01283ffbd2d990086b4383e6fd
interest,qes2007_panel,4104,6c320e08ebf974eb19aebdd1a67cf151
interest,qes2012_panel,1688,863751d0ef22257a5b0d505d53e32a75
interest,qes2007,2175,a7ae123a755a1cc9d16c9c37564dbf6d
interest,qes2008,1151,2193ea10f25b766bc0eedb5adc578180
interest,qes1998,2966,8d374e43410197392f1e316dde17b876
interest,qes_crop_2007_2010,24027,f3706fbebf4108ec185164775518550a
interest_01,qes2022,2741,0efddd1c2bcbc92ae352fe8de2920b97
interest_01,qes2018,3072,a091f1c3c19a4ad29f9912a26207b4d6
interest_01,qes2014,1517,6beb5a52cb572af0d1a09cd3c6475245
interest_01,qes2012,1505,f63bce5aa7868ee24b48444864fa01aa
interest_01,qes2018_panel,2092,88b5cc01283ffbd2d990086b4383e6fd
interest_01,qes2007_panel,4104,d0c11fdfe9f1288df6a4928d5474f28c
interest_01,qes2012_panel,1688,863751d0ef22257a5b0d505d53e32a75
interest_01,qes2007,2175,40d0319e6a2aa121971b91dbf235a655
interest_01,qes2008,1151,0c4e1a230f13d8648eca877b5341fdc7
interest_01,qes1998,2966,8d374e43410197392f1e316dde17b876
interest_01,qes_crop_2007_2010,24027,f3706fbebf4108ec185164775518550a
sovereignty,qes2022,2741,9b0b2e603df55e15721a97313a98aaa0
sovereignty,qes2018,3072,9c8110bf9359193960d7f78d741e78f0
sovereignty,qes2014,1517,c65df0589b24c5b534357aeb74049fd2
sovereignty,qes2012,1505,af6e28ccb200d00baa3d99a17b0b70d2
sovereignty,qes2018_panel,2092,f2963dfa14b7f7ff51e96c2d06067686
sovereignty,qes2007_panel,4104,0b94da749f0eb01491664c327dc3c404
sovereignty,qes2012_panel,1688,537f207cdb21de4dc48be5648bdfb3c0
sovereignty,qes2007,2175,6f0475cacd3c4ba362e1558ef939c543
sovereignty,qes2008,1151,e18f180c72a515039e45275ec2a47113
sovereignty,qes1998,2966,356f74678f01daf0486447250f5a937f
sovereignty,qes_crop_2007_2010,24027,ad462aa1612b4fb938b966db021b9232
sovereignty_type,qes2022,2741,2081037c87494700f5857d262af5fc03
sovereignty_type,qes2018,3072,a0cfc5e6cd41f093c47bc4aa0a7d769c
sovereignty_type,qes2014,1517,fca271f4ddf58d74a04953b0035e9f11
sovereignty_type,qes2012,1505,f5a9ce57a114bee1987e237f8f1d4fab
sovereignty_type,qes2018_panel,2092,55a443f6a2db1619559c00b7cac9cef9
sovereignty_type,qes2007_panel,4104,3654bf83b46a405b4ce6c9b2579d3d20
sovereignty_type,qes2012_panel,1688,8f71f77a0151d67c94bd80f6c88e7936
sovereignty_type,qes2007,2175,211f75e78ddafff2273daa60c7b767b9
sovereignty_type,qes2008,1151,6d60851811cc5831d7ac7230eef52868
sovereignty_type,qes1998,2966,cdaf02aadf0228dcfdd4323cbc984c51
sovereignty_type,qes_crop_2007_2010,24027,63f861cf2aaae4834ef50b92b673cb45
satis_democracy,qes2022,2741,c6c3587df803be7a351ec36fc84040b7
satis_democracy,qes2018,3072,69c5ebb58dff9b50dc6517c40d62c04e
satis_democracy,qes2014,1517,39ec6a17dc88b539284f30a5ff4c82bf
satis_democracy,qes2012,1505,d33f40a5f52a0097da92fd12b6a54d73
satis_democracy,qes2018_panel,2092,88b5cc01283ffbd2d990086b4383e6fd
satis_democracy,qes2007_panel,4104,a2f73bd43b39191bf5720cd32f13ecb0
satis_democracy,qes2012_panel,1688,863751d0ef22257a5b0d505d53e32a75
satis_democracy,qes2007,2175,42efcbd15641e9c880e67dee00be576f
satis_democracy,qes2008,1151,8d6fd35806f246322b2d51ba5fd747db
satis_democracy,qes1998,2966,8d374e43410197392f1e316dde17b876
satis_democracy,qes_crop_2007_2010,24027,f3706fbebf4108ec185164775518550a
gov_satisfaction,qes2022,2741,f7fced667abe79505a4901f56a98bb42
gov_satisfaction,qes2018,3072,23024d7891f7aa44c5dd29b3dd08f176
gov_satisfaction,qes2014,1517,89dea18291a2e5a1f268ce4e983115ee
gov_satisfaction,qes2012,1505,696f353488049ee2b71c9fb907abaa01
gov_satisfaction,qes2018_panel,2092,88b5cc01283ffbd2d990086b4383e6fd
gov_satisfaction,qes2007_panel,4104,dea39fecacd3ea2453c0c480af523f5e
gov_satisfaction,qes2012_panel,1688,863751d0ef22257a5b0d505d53e32a75
gov_satisfaction,qes2007,2175,be666b317159af1c059f6d5904595361
gov_satisfaction,qes2008,1151,3f6da8eeea2faa3004f0b15e43533460
gov_satisfaction,qes1998,2966,7c70c1c13f200177bfbb2843ccb23f68
gov_satisfaction,qes_crop_2007_2010,24027,f3706fbebf4108ec185164775518550a
econ_retro,qes2022,2741,573063dc39195aeeeff8077073d21a34
econ_retro,qes2018,3072,a62d2f35d997e9c2fe759e0be51f330b
econ_retro,qes2014,1517,fa9a1b3154034d4df3ef05b2b2cca44d
econ_retro,qes2012,1505,22d4adcd33a50ba2239e7422bfc3783f
econ_retro,qes2018_panel,2092,88b5cc01283ffbd2d990086b4383e6fd
econ_retro,qes2007_panel,4104,a2f73bd43b39191bf5720cd32f13ecb0
econ_retro,qes2012_panel,1688,863751d0ef22257a5b0d505d53e32a75
econ_retro,qes2007,2175,4a849b31785eab0a16cb0ebe3552c88d
econ_retro,qes2008,1151,4b6fdc485503deefe5f92bcd271260e2
econ_retro,qes1998,2966,8d374e43410197392f1e316dde17b876
econ_retro,qes_crop_2007_2010,24027,f3706fbebf4108ec185164775518550a
econ_self,qes2022,2741,1cd69d833d502938881d7fb79fb06b1d
econ_self,qes2018,3072,52c78717902ab7c28bda6f0b48a915ef
econ_self,qes2014,1517,37cde2eab499d4a1edf4512265752194
econ_self,qes2012,1505,4820b102d710d1b434cbe0b7b4b1f9f3
econ_self,qes2018_panel,2092,88b5cc01283ffbd2d990086b4383e6fd
econ_self,qes2007_panel,4104,a2f73bd43b39191bf5720cd32f13ecb0
econ_self,qes2012_panel,1688,863751d0ef22257a5b0d505d53e32a75
econ_self,qes2007,2175,be666b317159af1c059f6d5904595361
econ_self,qes2008,1151,3f6da8eeea2faa3004f0b15e43533460
econ_self,qes1998,2966,8d374e43410197392f1e316dde17b876
econ_self,qes_crop_2007_2010,24027,f3706fbebf4108ec185164775518550a
identity,qes2022,2741,5db91e4cc95278ef263bba4bd049e667
identity,qes2018,3072,52c78717902ab7c28bda6f0b48a915ef
identity,qes2014,1517,b91f5193a49e7b699bebc1062428ba2d
identity,qes2012,1505,874a6f098d00761673fa8ac642016a1c
identity,qes2018_panel,2092,88b5cc01283ffbd2d990086b4383e6fd
identity,qes2007_panel,4104,a2f73bd43b39191bf5720cd32f13ecb0
identity,qes2012_panel,1688,863751d0ef22257a5b0d505d53e32a75
identity,qes2007,2175,bb4af4357d59a555ed34e774cbbdf615
identity,qes2008,1151,7c1ec794cfc878840d6ea0f23b130a87
identity,qes1998,2966,8d374e43410197392f1e316dde17b876
identity,qes_crop_2007_2010,24027,f3706fbebf4108ec185164775518550a
attach_quebec,qes2022,2741,cf62bf029173f29b319ca40bb32661d5
attach_quebec,qes2018,3072,644dfec3a8443d82a1802be9490cbb21
attach_quebec,qes2014,1517,f23ed95b8824b1670d4f06891959b46a
attach_quebec,qes2012,1505,344fecae580982f71261621cd464c89e
attach_quebec,qes2018_panel,2092,88b5cc01283ffbd2d990086b4383e6fd
attach_quebec,qes2007_panel,4104,a2f73bd43b39191bf5720cd32f13ecb0
attach_quebec,qes2012_panel,1688,863751d0ef22257a5b0d505d53e32a75
attach_quebec,qes2007,2175,be666b317159af1c059f6d5904595361
attach_quebec,qes2008,1151,3f6da8eeea2faa3004f0b15e43533460
attach_quebec,qes1998,2966,8d374e43410197392f1e316dde17b876
attach_quebec,qes_crop_2007_2010,24027,f3706fbebf4108ec185164775518550a
attach_canada,qes2022,2741,565a8d87466d7d16e22d5baa16da5984
attach_canada,qes2018,3072,27c9f9e2d91ed4d9a17e73cc9728c55b
attach_canada,qes2014,1517,1605847c96e5703282974fc6d78ebb80
attach_canada,qes2012,1505,79201b34a4799b3fd3cf51c5d8bc1071
attach_canada,qes2018_panel,2092,88b5cc01283ffbd2d990086b4383e6fd
attach_canada,qes2007_panel,4104,a2f73bd43b39191bf5720cd32f13ecb0
attach_canada,qes2012_panel,1688,863751d0ef22257a5b0d505d53e32a75
attach_canada,qes2007,2175,be666b317159af1c059f6d5904595361
attach_canada,qes2008,1151,3f6da8eeea2faa3004f0b15e43533460
attach_canada,qes1998,2966,8d374e43410197392f1e316dde17b876
attach_canada,qes_crop_2007_2010,24027,f3706fbebf4108ec185164775518550a
