study,file_id,role,lang,n_rows,n_cols,encoding,id_vars,is_default
qes2022,7449513,data,,1521,718,,ResponseId,TRUE
qes2022,7449514,codebook,en,,,,,FALSE
qes2018,425914,data,,3072,254,,responseid,TRUE
qes2018,361049,questionnaire,en,,,,,FALSE
qes2018,361050,questionnaire,fr,,,,,FALSE
qes2018,367181,codebook,fr,,,,,FALSE
qes2018,361045,methodology,fr,,,,,FALSE
qes2018_panel,333052,data,,1250,72,,method;id,TRUE
qes2018_panel,341538,codebook,fr,,,,,FALSE
qes2014,425916,data,,1517,140,,.row,TRUE
qes2014,425915,data,,1517,140,,.row,FALSE
qes2014,352010,questionnaire,en,,,,,FALSE
qes2014,352009,questionnaire,fr,,,,,FALSE
qes2014,352011,technical_report,fr,,,,,FALSE
qes2012,425918,data,,1505,177,,quest,TRUE
qes2012,425917,label_donor,,1505,177,,QUEST,FALSE
qes2012,196367,questionnaire,en,,,,,FALSE
qes2012,196370,questionnaire,fr,,,,,FALSE
qes2012,196368,technical_report,fr,,,,,FALSE
qes2012_panel,361043,data,,844,79,,quest,TRUE
qes2012_panel,654292,codebook,fr,,,,,FALSE
qes2012_panel,654290,questionnaire,en,,,,,FALSE
qes2012_panel,654291,questionnaire,fr,,,,,FALSE
qes_crop_2007_2010,329990,data,,24027,19,,.row,TRUE
qes_crop_2007_2010,341537,codebook,fr,,,,,FALSE
qes2008,425919,data,,1151,63,,seq,TRUE
qes2008,425920,data,,1151,63,,seq,FALSE
qes2008,196358,questionnaire,fr,,,,,FALSE
qes2008,197296,questionnaire,en,,,,,FALSE
qes2007,425922,data,,2175,93,,quest,TRUE
qes2007,425921,data,,2175,93,,quest,FALSE
qes2007,192423,questionnaire,en,,,,,FALSE
qes2007,192422,questionnaire,fr,,,,,FALSE
qes2007_panel,352415,data,,2442,270,,nompn;quest,TRUE
qes2007_panel,352416,codebook,fr,,,,,FALSE
qes2007_panel,354955,questionnaire,en,,,,,FALSE
qes2007_panel,354956,questionnaire,fr,,,,,FALSE
qes1998,329987,data,,1483,42,,quetr,TRUE
qes1998,332051,codebook,fr,,,,,FALSE
qes1998_crop,286331,data,,450,37,,quest,TRUE
qes1998_crop,332049,codebook,fr,,,,,FALSE
qes1998_createc,316121,data,,1057,49,,quetr,TRUE
qes1998_createc,332050,codebook,fr,,,,,FALSE
