"study","variable","value","missing_type","evidence"
"qes2022","*","-99","no_answer","-99 marks a question left unanswered in the web survey"
"qes2022","cps_negativevote_1","-99","not_selected","select-all item: codes 1 and -99 only"
"qes2022","cps_negativevote_2","-99","not_selected","select-all item: codes 1 and -99 only"
"qes2022","cps_negativevote_3","-99","not_selected","select-all item: codes 1 and -99 only"
"qes2022","cps_negativevote_4","-99","not_selected","select-all item: codes 1 and -99 only"
"qes2022","cps_negativevote_7","-99","not_selected","select-all item: codes 1 and -99 only"
"qes2022","cps_negativevote_5","-99","not_selected","select-all item: codes 1 and -99 only"
"qes2022","cps_negativevote_6","-99","not_selected","select-all item: codes 1 and -99 only"
"qes2022","cps_socialmedia_1","-99","not_selected","select-all item: codes 1 and -99 only"
"qes2022","cps_socialmedia_2","-99","not_selected","select-all item: codes 1 and -99 only"
"qes2022","cps_socialmedia_3","-99","not_selected","select-all item: codes 1 and -99 only"
"qes2022","cps_socialmedia_4","-99","not_selected","select-all item: codes 1 and -99 only"
"qes2022","cps_socialmedia_5","-99","not_selected","select-all item: codes 1 and -99 only"
"qes2022","cps_socialmedia_6","-99","not_selected","select-all item: codes 1 and -99 only"
"qes2022","cps_socialmedia_7","-99","not_selected","select-all item: codes 1 and -99 only"
"qes2022","cps_socialmedia_8","-99","not_selected","select-all item: codes 1 and -99 only"
"qes2022","cps_socialmedia_9","-99","not_selected","select-all item: codes 1 and -99 only"
"qes2022","cps_socialmedia_10","-99","not_selected","select-all item: codes 1 and -99 only"
"qes2022","cps_lang_1","-99","not_selected","select-all item: codes 1 and -99 only"
"qes2022","cps_lang_2","-99","not_selected","select-all item: codes 1 and -99 only"
"qes2022","cps_lang_3","-99","not_selected","select-all item: codes 1 and -99 only"
"qes2022","pes_contactparty_1","-99","not_selected","select-all item: codes 1 and -99 only"
"qes2022","pes_contactparty_2","-99","not_selected","select-all item: codes 1 and -99 only"
"qes2022","pes_contactparty_3","-99","not_selected","select-all item: codes 1 and -99 only"
"qes2022","pes_contactparty_4","-99","not_selected","select-all item: codes 1 and -99 only"
"qes2022","pes_contactparty_5","-99","not_selected","select-all item: codes 1 and -99 only"
"qes2022","pes_contactparty_8","-99","not_selected","select-all item: codes 1 and -99 only"
"qes2022","pes_contactparty_9","-99","not_selected","select-all item: codes 1 and -99 only"
"qes2022","pes_emb_voteinfo_1","-99","not_selected","select-all item: codes 1 and -99 only"
"qes2022","pes_emb_voteinfo_2","-99","not_selected","select-all item: codes 1 and -99 only"
"qes2022","pes_emb_voteinfo_3","-99","not_selected","select-all item: codes 1 and -99 only"
"qes2022","pes_emb_voteinfo_4","-99","not_selected","select-all item: codes 1 and -99 only"
"qes2022","pes_emb_voteinfo_5","-99","not_selected","select-all item: codes 1 and -99 only"
"qes2022","pes_emb_voteinfo_6","-99","not_selected","select-all item: codes 1 and -99 only"
"qes2022","pes_emb_voteinfo_7","-99","not_selected","select-all item: codes 1 and -99 only"
"qes2022","pes_emb_voteinfo_8","-99","not_selected","select-all item: codes 1 and -99 only"
"qes2022","pes_emb_voteinfo_9","-99","not_selected","select-all item: codes 1 and -99 only"
"qes2022","pes_emb_voteinfo_10","-99","not_selected","select-all item: codes 1 and -99 only"
"qes2022","pes_emb_voteinfo_11","-99","not_selected","select-all item: codes 1 and -99 only"
"qes2022","pes_emb_voteinfo_12","-99","not_selected","select-all item: codes 1 and -99 only"
"qes2022","pes_emb_voteinfo_13","-99","not_selected","select-all item: codes 1 and -99 only"
"qes2022","pes_emb_voteinfo_14","-99","not_selected","select-all item: codes 1 and -99 only"
"qes2022","pes_voteoptions_1","-99","not_selected","select-all item: codes 1 and -99 only"
"qes2022","pes_voteoptions_2","-99","not_selected","select-all item: codes 1 and -99 only"
"qes2022","pes_voteoptions_3","-99","not_selected","select-all item: codes 1 and -99 only"
"qes2022","pes_voteoptions_4","-99","not_selected","select-all item: codes 1 and -99 only"
"qes2022","pes_voteoptions_5","-99","not_selected","select-all item: codes 1 and -99 only"
"qes2022","pes_voteoptions_6","-99","not_selected","select-all item: codes 1 and -99 only"
"qes2022","pes_voteoptions_7","-99","not_selected","select-all item: codes 1 and -99 only"
"qes2022","pes_voteoptions_8","-99","not_selected","select-all item: codes 1 and -99 only"
"qes2022","pes_langhome_2","-99","not_selected","select-all item: codes 1 and -99 only"
"qes2022","pes_langhome_1","-99","not_selected","select-all item: codes 1 and -99 only"
"qes2022","pes_langhome_3","-99","not_selected","select-all item: codes 1 and -99 only"
"qes2022","pes_langhome_4","-99","not_selected","select-all item: codes 1 and -99 only"
"qes2022","pes_langhome_5","-99","not_selected","select-all item: codes 1 and -99 only"
"qes2022","pes_langhome_6","-99","not_selected","select-all item: codes 1 and -99 only"
"qes2022","pes_langhome_7","-99","not_selected","select-all item: codes 1 and -99 only"
"qes2022","pes_langhome_8","-99","not_selected","select-all item: codes 1 and -99 only"
"qes2022","pes_langhome_9","-99","not_selected","select-all item: codes 1 and -99 only"
"qes2022","pes_langhome_10","-99","not_selected","select-all item: codes 1 and -99 only"
"qes2022","pes_langhome_11","-99","not_selected","select-all item: codes 1 and -99 only"
"qes2022","pes_langhome_12","-99","not_selected","select-all item: codes 1 and -99 only"
"qes2022","pes_langhome_13","-99","not_selected","select-all item: codes 1 and -99 only"
"qes2022","pes_langhome_14","-99","not_selected","select-all item: codes 1 and -99 only"
"qes2022","pes_langhome_15","-99","not_selected","select-all item: codes 1 and -99 only"
"qes2022","pes_langhome_16","-99","not_selected","select-all item: codes 1 and -99 only"
"qes2022","pes_langhome_17","-99","not_selected","select-all item: codes 1 and -99 only"
"qes2022","pes_covid_employ2_1","-99","not_selected","select-all item: codes 1 and -99 only"
"qes2022","pes_covid_employ2_2","-99","not_selected","select-all item: codes 1 and -99 only"
"qes2022","pes_covid_employ2_3","-99","not_selected","select-all item: codes 1 and -99 only"
"qes2022","pes_covid_employ2_4","-99","not_selected","select-all item: codes 1 and -99 only"
"qes2022","pes_covid_employ2_5","-99","not_selected","select-all item: codes 1 and -99 only"
"qes2022","pes_own_1","-99","not_selected","select-all item: codes 1 and -99 only"
"qes2022","pes_own_2","-99","not_selected","select-all item: codes 1 and -99 only"
"qes2022","pes_own_3","-99","not_selected","select-all item: codes 1 and -99 only"
"qes2022","pes_own_4","-99","not_selected","select-all item: codes 1 and -99 only"
"qes2022","pes_own_5","-99","not_selected","select-all item: codes 1 and -99 only"
"qes2022","pes_otherprov_1","-99","not_selected","select-all item: codes 1 and -99 only"
"qes2022","pes_otherprov_2","-99","not_selected","select-all item: codes 1 and -99 only"
"qes2022","pes_otherprov_3","-99","not_selected","select-all item: codes 1 and -99 only"
"qes2022","pes_otherprov_4","-99","not_selected","select-all item: codes 1 and -99 only"
"qes2022","pes_otherprov_5","-99","not_selected","select-all item: codes 1 and -99 only"
"qes2022","pes_otherprov_6","-99","not_selected","select-all item: codes 1 and -99 only"
"qes2022","pes_otherprov_7","-99","not_selected","select-all item: codes 1 and -99 only"
"qes2022","pes_otherprov_8","-99","not_selected","select-all item: codes 1 and -99 only"
"qes2022","pes_otherprov_9","-99","not_selected","select-all item: codes 1 and -99 only"
"qes2022","pes_otherprov_10","-99","not_selected","select-all item: codes 1 and -99 only"
"qes2022","pes_otherprov_11","-99","not_selected","select-all item: codes 1 and -99 only"
"qes2022","pes_otherprov_12","-99","not_selected","select-all item: codes 1 and -99 only"
"qes2022","pes_otherprov_13","-99","not_selected","select-all item: codes 1 and -99 only"
"qes2022","pes_race_1","-99","not_selected","select-all item: codes 1 and -99 only"
"qes2022","pes_race_2","-99","not_selected","select-all item: codes 1 and -99 only"
"qes2022","pes_race_3","-99","not_selected","select-all item: codes 1 and -99 only"
"qes2022","pes_race_4","-99","not_selected","select-all item: codes 1 and -99 only"
"qes2022","pes_race_5","-99","not_selected","select-all item: codes 1 and -99 only"
"qes2022","pes_race_6","-99","not_selected","select-all item: codes 1 and -99 only"
"qes2022","pes_race_7","-99","not_selected","select-all item: codes 1 and -99 only"
"qes2022","pes_race_8","-99","not_selected","select-all item: codes 1 and -99 only"
"qes2022","pes_race_9","-99","not_selected","select-all item: codes 1 and -99 only"
"qes2022","pes_race_10","-99","not_selected","select-all item: codes 1 and -99 only"
"qes2022","pes_race_11","-99","not_selected","select-all item: codes 1 and -99 only"
"qes2022","pes_race_12","-99","not_selected","select-all item: codes 1 and -99 only"
"qes2022","pes_race_13","-99","not_selected","select-all item: codes 1 and -99 only"
"qes2022","cps_trans","3","dk_refused","value label (data-raw/nc/missing_labels_qes2022.csv)"
"qes2022","cps_howvote1","5","dk","value label (data-raw/nc/missing_labels_qes2022.csv)"
"qes2022","cps_howvote3","5","dk","value label (data-raw/nc/missing_labels_qes2022.csv)"
"qes2022","cps_votechoice1","9","refused","value label (data-raw/nc/missing_labels_qes2022.csv)"
"qes2022","cps_votechoice1","10","dk","value label (data-raw/nc/missing_labels_qes2022.csv)"
"qes2022","cps_votechoice2","9","refused","value label (data-raw/nc/missing_labels_qes2022.csv)"
"qes2022","cps_votechoice2","10","dk","value label (data-raw/nc/missing_labels_qes2022.csv)"
"qes2022","cps_votechoice3","6","refused","value label (data-raw/nc/missing_labels_qes2022.csv)"
"qes2022","cps_votelean","9","dk","value label (data-raw/nc/missing_labels_qes2022.csv)"
"qes2022","cps_votelean","10","refused","value label (data-raw/nc/missing_labels_qes2022.csv)"
"qes2022","cps_votesecond","6","dk","value label (data-raw/nc/missing_labels_qes2022.csv)"
"qes2022","cps_qc_attach","5","dk","value label (data-raw/nc/missing_labels_qes2022.csv)"
"qes2022","cps_can_attach","5","dk","value label (data-raw/nc/missing_labels_qes2022.csv)"
"qes2022","cps_provinequality","3","dk","value label (data-raw/nc/missing_labels_qes2022.csv)"
"qes2022","cps_qc_choose","4","dk","value label (data-raw/nc/missing_labels_qes2022.csv)"
"qes2022","cps_qc_decisions_1","3","dk","value label (data-raw/nc/missing_labels_qes2022.csv)"
"qes2022","cps_qc_decisions_2","3","dk","value label (data-raw/nc/missing_labels_qes2022.csv)"
"qes2022","cps_qc_decisions_3","3","dk","value label (data-raw/nc/missing_labels_qes2022.csv)"
"qes2022","cps_qc_decisions_4","3","dk","value label (data-raw/nc/missing_labels_qes2022.csv)"
"qes2022","cps_langQC","3","dk","value label (data-raw/nc/missing_labels_qes2022.csv)"
"qes2022","cps_valuesQC","3","dk","value label (data-raw/nc/missing_labels_qes2022.csv)"
"qes2022","cps_covid_risk","3","dk","value label (data-raw/nc/missing_labels_qes2022.csv)"
"qes2022","cps_qc_pol_independ","5","dk","value label (data-raw/nc/missing_labels_qes2022.csv)"
"qes2022","cps_qc_referendum","3","dk","value label (data-raw/nc/missing_labels_qes2022.csv)"
"qes2022","cps_govresp_1","4","dk","value label (data-raw/nc/missing_labels_qes2022.csv)"
"qes2022","cps_govresp_2","4","dk","value label (data-raw/nc/missing_labels_qes2022.csv)"
"qes2022","cps_govresp_3","4","dk","value label (data-raw/nc/missing_labels_qes2022.csv)"
"qes2022","cps_govresp_4","4","dk","value label (data-raw/nc/missing_labels_qes2022.csv)"
"qes2022","cps_govresp_5","4","dk","value label (data-raw/nc/missing_labels_qes2022.csv)"
"qes2022","cps_govresp_6","4","dk","value label (data-raw/nc/missing_labels_qes2022.csv)"
"qes2022","cps_qc_independent","3","dk","value label (data-raw/nc/missing_labels_qes2022.csv)"
"qes2022","cps_borncountry","249","dk_refused","value label (data-raw/nc/missing_labels_qes2022.csv)"
"qes2022","cps_comecda","101","dk_refused","value label (data-raw/nc/missing_labels_qes2022.csv)"
"qes2022","pes_q7","3","refused","value label (data-raw/nc/missing_labels_qes2022.csv)"
"qes2022","pes_q8","8","refused","value label (data-raw/nc/missing_labels_qes2022.csv)"
"qes2022","pes_emb_satis","5","dk","value label (data-raw/nc/missing_labels_qes2022.csv)"
"qes2022","pes_emb_fair","5","dk","value label (data-raw/nc/missing_labels_qes2022.csv)"
"qes2022","pes_emb_safe","6","dk","value label (data-raw/nc/missing_labels_qes2022.csv)"
"qes2022","pes_mailtrust","6","dk","value label (data-raw/nc/missing_labels_qes2022.csv)"
"qes2022","pes_mailrequest","6","dk","value label (data-raw/nc/missing_labels_qes2022.csv)"
"qes2022","pes_emb_card","3","dk","value label (data-raw/nc/missing_labels_qes2022.csv)"
"qes2022","pes_racism_qc","3","dk","value label (data-raw/nc/missing_labels_qes2022.csv)"
"qes2022","pes_resent1","6","dk","value label (data-raw/nc/missing_labels_qes2022.csv)"
"qes2022","pes_resent2","6","dk","value label (data-raw/nc/missing_labels_qes2022.csv)"
"qes2022","pes_resent3","6","dk","value label (data-raw/nc/missing_labels_qes2022.csv)"
"qes2022","pes_resent4","6","dk","value label (data-raw/nc/missing_labels_qes2022.csv)"
"qes2022","pes_q23","3","refused","value label (data-raw/nc/missing_labels_qes2022.csv)"
"qes2022","pes_q24","3","refused","value label (data-raw/nc/missing_labels_qes2022.csv)"
"qes2022","pes_partymember","3","dk","value label (data-raw/nc/missing_labels_qes2022.csv)"
"qes2022","pes_orientation","5","dk","value label (data-raw/nc/missing_labels_qes2022.csv)"
"qes2022","pes_orientation","6","refused","value label (data-raw/nc/missing_labels_qes2022.csv)"
"qes2022","pes_immparents","3","dk","value label (data-raw/nc/missing_labels_qes2022.csv)"
