study,wave,target,rule,source_var,map_id,args,na_codes,gate_var,gate_codes,gate_to,primary,grade,grade_reason_en,grade_reason_fr,instrument,election_ref,mode,dk_offered,levels_offered,wording_en,wording_fr,wording_ref,evidence,notes_en,notes_fr,reviewed_by,reviewed_on,status
qes2012,post,vote_prov_recall,map,q25,vote_qes2012_q25,,,q21,2;8;9,2=not_voted;8=dk;9=refused,TRUE,identical,Anchor row of the target.,Ligne d'ancrage de la cible.,vote_recall_list,QC2012,,explicit,PLQ;PQ;CAQ;QS;PVQ;ON;other,"How did you vote in the last Quebec provincial election of September 4th, 2012?",Pour quel parti avez-vous voté lors de la dernière élection provinciale le 4 septembre 2012?,196367:Q25;196370:Q25,"Pinned Stata file 425918, labels from the SPSS twin 425917. q25 is non-missing exactly where q21 = 1 (1,369 rows); q21 = 2 in 117 rows and 9 in 19; codes 8 and 98 (don't know) are offered but unused. Options read from the EN and FR questionnaires (Q25).",,,,,review
qes2012,post,turnout_prov_recall,map,q21,turnout_qes2012_q21,,,,,,TRUE,identical,Anchor row of the target.,Ligne d'ancrage de la cible.,turnout_yesno,QC2012,,explicit,yes;no,"Did you vote in the last Quebec provincial election of September 4th, 2012?",Avez-vous voté lors de l’élection provinciale du 4 septembre 2012?,196367:Q21;196370:Q21,"Asked of all 1,505 respondents: 1,369 yes, 117 no, 19 refused; don't know (8) offered, unused.",,,,,review
qes2012,post,sov_indep,map,q52,sov_qes2012_q52,,,,,,TRUE,identical,Anchor row of the target.,Ligne d'ancrage de la cible.,sov_indep_country,,,explicit,yes;no,"If there were a referendum on independence that asked whether Quebec should be an independent country, would you vote YES or NO?","Si un référendum sur l’indépendance avait lieu vous demandant si vous voulez que le Québec devienne un pays indépendant, voteriez-vous OUI ou voteriez-vous NON?",196367:Q52;196370:Q52,"Asked of all 1,505 respondents: 567 yes, 756 no, 156 don't know, 26 refused.",,,,,review
qes2012,post,lr_self,numeric,q71,,min=0;max=10,98=dk;99=refused,,,,TRUE,identical,Anchor row of the target.,Ligne d'ancrage de la cible.,lr_0_10,,,explicit,,"And on the same scale, where would you place your own views, generally speaking?","Et sur la même échelle, où vous placeriez-vous, de manière générale?",196367:Q71;196370:Q71,"Codes 0-10 (endpoints labelled most left, most right), 98 don't know (256), 99 refused (45); 1,204 valid. Preceded by the party placements (Q70).",,,,,review
qes2012,post,interest_4pt,map,q67,interest4_qes2012_q67,,,,,,TRUE,identical,Anchor row of the target.,Ligne d'ancrage de la cible.,interest_4pt,,,explicit,very;quite;hardly;not_at_all,How interested would you say you are in politics? Are you:,Quel est votre intérêt pour la politique en général? Êtes-vous:,196367:Q67;196370:Q67,"Codes 1 very (335), 2 quite (696), 3 hardly (380), 4 not at all (78), 8 don't know (10), 9 refused (6).",,,,,review
qes2012,post,pid_prov,map,q92,pid_qes2012_q92,,,,,,TRUE,identical,Anchor row of the target.,Ligne d'ancrage de la cible.,pid_prov_list,,,explicit,PLQ;PQ;CAQ;QS;ON;PVQ;none,"In provincial politics, do you usually think of yourself as a:","En politique provinciale, vous considérez-vous habituellement comme un…?",196367:Q92;196370:Q92,"Codes 1 Liberal, 2 Pequist, 3 Caquist, 4 Solidaire, 5 Onist (ON), 6 Green (PVQ), 97 none of these (227), 98 don't know (93), 99 refused (51). Note 5 = ON and 6 = PVQ, the reverse of party_qc's order.",,,,,review
qes2014,post,vote_prov_recall,map,Q3,vote_qes2014_q3,,,Q2,2;9,2=not_voted;9=refused,TRUE,comparable,"Same party list as the anchor, but the stem does not name the election date and no don't-know option is offered.","Même liste de partis que l'ancrage, mais l'énoncé ne nomme pas la date de l'élection et aucune option « Je ne sais pas » n'est offerte.",vote_recall_list,QC2014,,none,PLQ;PQ;CAQ;QS;PVQ;ON;other,Which party did you vote for?,Pour quel parti avez-vous voté?,352010:Q3;352009:Q3,"Q3 is non-missing exactly where Q2 = 1 (1,352 rows); Q2 = 2 in 147 rows and 9 in 18. No don't-know code in Q2 or Q3 (questionnaire and file).",,,,,review
qes2014,post,turnout_prov_recall,map,Q2,turnout_qes2014_q2,,,,,,TRUE,comparable,"Same yes/no format, but no don't-know option (the anchor offers one) and the stem refers to 'that election' instead of naming its date.","Même format oui/non, mais sans option « Je ne sais pas » (l'ancrage en offre une) et l'énoncé renvoie à « cette élection » au lieu d'en donner la date.",turnout_yesno,QC2014,,none,yes;no,Did you vote in that provincial election?,Avez-vous voté à cette élection provinciale?,352010:Q2;352009:Q2,"Asked of all 1,517 respondents: 1,352 yes, 147 no, 18 refused.",,,,,review
qes2014,post,sov_indep,map,Q19,sov_qes2014_q19,,,,,,TRUE,identical,"Same stem as the anchor in English and French, same options (yes, no, don't know, prefer not to answer), asked of everyone, web.","Même énoncé que l'ancrage en anglais et en français, mêmes options (oui, non, je ne sais pas, je préfère ne pas répondre), posé à tous, Web.",sov_indep_country,,,explicit,yes;no,"If there were a referendum on independence that asked whether Quebec should be an independent country, would you vote YES or NO?","Si un référendum sur l’indépendance avait lieu vous demandant si vous voulez que le Québec devienne un pays indépendant, voteriez-vous OUI ou voteriez-vous NON?",352010:Q19;352009:Q19,"Wording compared with 2012 Q52 in both questionnaires (identical). 462 yes, 891 no, 148 don't know, 16 refused.",,,,,review
qes2014,post,lr_self,numeric,Q32,,min=0;max=10,98=dk;99=refused,,,,TRUE,identical,"Same stem and endpoint labels as the anchor in English and French, preceded by the same party placements, web.","Même énoncé et mêmes libellés des extrémités que l'ancrage en anglais et en français, précédé des mêmes positionnements des partis, Web.",lr_0_10,,,explicit,,"And on the same scale, where would you place your own views, generally speaking?","Et sur la même échelle, où vous placeriez-vous, de manière générale?",352010:Q32;352009:Q32,"Wording compared with 2012 Q71 (identical, both preceded by the party placements). Codes 0-10, 98 don't know (268), 99 refused (54); 1,195 valid.",,,,,review
qes2014,post,interest_4pt,map,Q28,interest4_qes2014_q28,,,,,,TRUE,comparable,"Same stem in English and French and the same French options, but the third English option reads 'Not very interested' where the anchor has 'Hardly interested'.","Même énoncé en anglais et en français et mêmes options en français, mais la troisième option anglaise est « Not very interested » là où l'ancrage a « Hardly interested ».",interest_4pt,,,explicit,very;quite;hardly;not_at_all,How interested would you say you are in politics? Are you:,Quel est votre intérêt pour la politique en général? Êtes-vous:,352010:Q28;352009:Q28,"Stem checked against 2012 Q67 (identical in both languages; options identical in French). Codes 1 (379), 2 (721), 3 (335), 4 (71), 8 don't know (5), 9 refused (6); same code direction as the anchor.",,,,,review
qes2014,post,pid_prov,map,Q55,pid_qes2014_q55,,,,,,TRUE,identical,"Same stem and the same six parties, none, don't know and refusal options as the anchor, in English and French, web.","Même énoncé et mêmes six partis, options aucun, je ne sais pas et refus que l'ancrage, en anglais et en français, Web.",pid_prov_list,,,explicit,PLQ;PQ;CAQ;QS;ON;PVQ;none,"In provincial politics, do you usually think of yourself as a:","En politique provinciale, vous considérez-vous habituellement comme un…?",352010:Q55;352009:Q55,"Wording and options compared with 2012 Q92 (identical). 480/378/192/113/10/29 for the six parties, 181 none, 92 don't know, 42 refused. Strength is Q56.",,,,,review
qes2018,post,vote_prov_recall,map,q6,vote_qes2018_q6,,,q5,1;2;3;5;99;NA,1=not_voted;2=not_voted;3=not_voted;5=ineligible;99=refused;NA=inapplicable,TRUE,comparable,"Only the four main parties are listed (no Green or Option nationale), there is no don't-know option, spoiling is an option, and the item follows a face-saving turnout question.","Seuls les quatre principaux partis sont proposés (ni le Parti vert ni Option nationale), sans option « Je ne sais pas », l'annulation est une option et la question suit une question de participation qui ménage la face.",vote_recall_list,QC2018,,none,PLQ;PQ;CAQ;QS;other,Which party did you vote for?,Pour quel parti avez-vous voté?,361049:Q6;361050:Q6,"The .dta has no value labels: codes from the questionnaire with programmed values (file 367181, Q6). q6 is non-missing exactly where q5 = 4 (2,207 rows). q5 is missing in 270 rows: 229 born in 2001-2002 (not asked, QAGE >= 2001) and 41 with no year of birth (agecalc = 999). 95 = spoiled (31).",Respondents aged 16-17 were asked a hypothetical vote (q4) instead; it is not this target.,Les 16-17 ans ont répondu à un vote hypothétique (q4) à la place ; ce n'est pas cette cible.,,,review
qes2018,post,turnout_prov_recall,map,q5,turnout_qes2018_q5,,NA=inapplicable,,,,TRUE,approximate,"Face-saving turnout format with three ways of not voting and a not-eligible option, no don't-know option; expected to move the share of voters.","Format de participation qui ménage la face, avec trois façons de ne pas avoir voté et une option de non-admissibilité, sans « Je ne sais pas » ; devrait modifier la part des votants.",turnout_excuse_format,QC2018,,none,yes;no,"In each election we find that a lot of people were not able to vote because they were not registered, they were sick, or they did not have time. Which of the following statements best describes you?","À chaque élection, plusieurs personnes sont incapables de voter parce qu’elles ne sont pas inscrites sur la liste électorale, elles sont malades ou elles n’ont pas le temps. Laquelle des situations suivantes correspond le mieux à votre cas?",361049:Q5;361050:Q5,"Codes from the questionnaire (file 367181, Q5): 1-3 did not vote (208, 96, 128), 4 voted (2,207), 5 not eligible (99), 99 refused (64). Missing in 270 rows, all routed out: 229 born in 2001-2002 and 41 who gave no year of birth.",,,,,review
qes2018,post,sov_indep,map,q26,sov_qes2018_q26,,,,,,TRUE,comparable,"The stem adds a temporal adverb ('today', 'aujourd'hui'); otherwise the same wording and options as the anchor.","L'énoncé ajoute un adverbe de temps (« today », « aujourd'hui ») ; sinon même libellé et mêmes options que l'ancrage.",sov_indep_country,,,explicit,yes;no,"If there were today a referendum on independence that asked whether Quebec should be an independent country, would you vote YES or NO?","Si un référendum sur l’indépendance avait lieu aujourd’hui vous demandant si vous voulez que le Québec devienne un pays indépendant, voteriez-vous OUI ou voteriez-vous NON?",361049:Q26;361050:Q26,"Codes from the questionnaire (Q26): 887 yes, 1,671 no, 463 don't know, 51 refused; asked of all 3,072.",,,,,review
qes2018,post,lr_self,numeric,q36_1,,min=0;max=10,98=dk;99=refused,,,,TRUE,comparable,"Same stem as the anchor, preceded by the party placements, but the endpoints read 'left' and 'right' instead of 'most left' and 'most right'.","Même énoncé que l'ancrage, précédé des positionnements des partis, mais les extrémités se lisent « à gauche » et « à droite » au lieu de « le plus à gauche » et « le plus à droite ».",lr_0_10,,,explicit,,"And on the same scale, where would you place your own views, generally speaking?","Et sur la même échelle, où vous placeriez-vous, de manière générale?",361049:Q36;361050:Q36,"Questionnaire Q36 (FR and EN). Codes 0-10, 98 don't know (494), 99 refused (88); 2,490 valid.",,,,,review
qes2018,post,interest_4pt,map,q27,interest4_qes2018_q27,,,,,,TRUE,comparable,"The stem adds 'and public issues'; the options read very, somewhat, not very (assez, peu) and not at all interested.","L'énoncé ajoute « et les enjeux publics » ; les options se lisent très, assez, peu et pas du tout intéressé(e).",interest_4pt,,,explicit,very;quite;hardly;not_at_all,How interested would you say you are in politics and public issues? Are you:,Quel est votre intérêt pour la politique et les enjeux publics en général? Êtes-vous:,361049:Q27;361050:Q27,"Codes from the questionnaire (Q27): 1 (743), 2 (1,422), 3 (687), 4 (160), 98 (40), 99 (20); 1 = very, the same direction as 2012 q67 and 2014 Q28.",,,,,review
qes2018,post,pid_prov,map,q56,pid_qes2018_q56,,,,,,TRUE,comparable,"Same stem as the anchor, but only the four main parties are listed (no Onist or Green).","Même énoncé que l'ancrage, mais seuls les quatre principaux partis sont proposés (ni oniste ni vert).",pid_prov_list,,,explicit,PLQ;PQ;CAQ;QS;none,"In provincial politics, do you usually think of yourself as a:","En politique provinciale, vous considérez-vous habituellement comme un…?",361049:Q56;361050:Q56,"Codes from the questionnaire (Q56): 727/528/533/389 for the four parties, 97 none (478), 98 don't know (312), 99 refused (105).",,,,,review
qes2022,pes,vote_prov_recall,map,pes_votechoice,vote_qes2022_pes,,,pes_turnout,2;3;4;5;6,2=not_voted;3=not_voted;4=not_voted;5=not_registered;6=dk,TRUE,comparable,"Lists the four main parties and the Conservatives but not the Green party or Option nationale, no don't-know option, spoiling is an option, and it follows a face-saving turnout question.","Propose les quatre principaux partis et les conservateurs, mais ni le Parti vert ni Option nationale, sans « Je ne sais pas » ; l'annulation est une option et la question suit une question de participation qui ménage la face.",vote_recall_list,QC2022,,none,PLQ;PQ;CAQ;QS;PCQ;other,,,7449514:p.68,Codes and labels checked in the original file (7449513) and the codebook (p. 68). Among post-election wave members pes_votechoice is non-missing exactly where pes_turnout = 1. Code 7 is PCQ (code 5 in the campaign wave).,,,,,review
qes2022,pes,turnout_prov_recall,map,pes_turnout,turnout_qes2022_pes,,,,,,TRUE,approximate,"Face-saving turnout format with three ways of not voting, a not-registered option and a don't-remember option; expected to move the share of voters.","Format de participation qui ménage la face, avec trois façons de ne pas avoir voté, une option de non-inscription et une option « je ne m'en souviens pas » ; devrait modifier la part des votants.",turnout_excuse_format,QC2022,,explicit,yes;no,,,7449514:p.68,Codes and labels checked in the original file and the codebook (p. 68). Codes 2-4 are ways of not voting; 5 (not registered) and 6 (does not remember) are missing reasons (OD12). Asked of every post-election wave member.,,,,,review
qes2022,cps,vote_prov_intent,map,cps_votechoice1,vote_qes2022_cps,,,cps_turnout,3;4;5;6,3=inapplicable;4=inapplicable;5=inapplicable;6=ineligible,TRUE,approximate,"Web list with don't know and refusal shown, asked only of respondents certain or likely to vote (the others were routed to other items), with no would-not-vote option; the anchor is a telephone item asked of everyone.","Liste Web avec « je ne sais pas » et refus affichés, posée seulement aux personnes certaines ou susceptibles de voter (les autres étant dirigées vers d'autres questions), sans option « ne voterait pas » ; l'ancrage est une question téléphonique posée à tous.",vote_intent_list,QC2022,,explicit,PLQ;PQ;CAQ;QS;PCQ;other,,,7449514:p.20,"Codes and labels checked in the original file and the codebook (pp. 18-20). cps_votechoice1 is non-missing exactly where cps_turnout is 1 or 2; cps_turnout 3 and 4 were asked cps_votechoice2 (a separate instrument), 5 (already voted) cps_votechoice3, and 6 (not eligible) was screened out. 9 = refused and 10 = don't know (cps_votelean has them the other way round).",cps_votechoice2 (if you decide to vote) and cps_votelean are separate instruments and are not mapped here.,"cps_votechoice2 (si vous décidez de voter) et cps_votelean sont des instruments distincts, non appariés ici.",,,review
qes2022,cps,lr_self,numeric,cps_ideoself_1,,min=0;max=10,-99=no_answer,,,,TRUE,approximate,"Standalone slider with a different stem, no don't-know option and not preceded by the party placements; item nonresponse is far lower than the don't-know share of the anchor.","Curseur isolé, énoncé différent, sans « je ne sais pas » et non précédé des positionnements des partis ; la non-réponse partielle est bien plus faible que la part de « je ne sais pas » de l'ancrage.",lr_0_10_slider,,,none,,,,7449514:p.33,"Codes 0-10 and -99 (no answer, codebook p. 5) checked in the original file; no value labels. The party placements (cps_ideoparty) follow the self-placement.",,,,,review
qes2022,cps,birth_year,numeric,cps_yob,,min=1920;max=2010;from_label=TRUE,-99=no_answer,,,,TRUE,identical,Anchor row of the target.,Ligne d'ancrage de la cible.,yob_list,,,none,,,,7449514:p.63,Codes 1-91 are labelled with the years 1920-2010 (codebook p. 63: 1920 (1) ... 2010 (91)); -99 is no answer. Checked in the original file: every observed code other than -99 has a year label.,,,,,review
qes2022,cps,sov_indep,map,cps_qc_referendum,sov_qes2022_cps,,,,,,TRUE,comparable,The stem adds a temporal adverb; don't know is offered but there is no prefer-not-to-answer option.,"L'énoncé ajoute un adverbe de temps ; « je ne sais pas » est offert, mais pas « je préfère ne pas répondre ».",sov_indep_country,,,explicit,yes;no,,,7449514:p.48,Codes and labels checked in the original file and the codebook (p. 48); asked of every campaign-period respondent.,,,,,review
qes2022,cps,pid_prov,map,cps_provpid,pid_qes2022_cps,,,,,,TRUE,comparable,"Same stem as the anchor, but the list drops the Onist and Green options, adds Conservative and another party, and offers no don't-know option.","Même énoncé que l'ancrage, mais la liste retire les options oniste et vert, ajoute conservateur et un autre parti, et n'offre pas « je ne sais pas ».",pid_prov_list,,,none,PLQ;PQ;CAQ;QS;PCQ;other;none,,,7449514:p.55,"Codes and labels checked in the original file and the codebook (p. 55): 5 = another party, 6 = none, 7 = Conservative.",,,,,review
qes2018_panel,pre,vote_prov_intent,map,rv1a,vote_qes2018p_rv1a,,,,,,TRUE,comparable,"Asks which party's candidate the respondent would support in an election held tomorrow, by telephone and web; the anchor asks which party they would vote for today, by telephone.","Demande le candidat de quel parti la personne appuierait si l'élection avait lieu demain, par téléphone et en ligne ; l'ancrage demande pour quel parti elle voterait aujourd'hui, par téléphone.",vote_intent_list,QC2018,,unknown,PLQ;PQ;CAQ;QS;other;no_party,,"En pensant à ce que vous ressentez maintenant, si une élection PROVINCIALE était tenue demain, le candidat de quel parti appuieriez-vous probablement?",341538:rv1a,"All 1,250 rows answered: 296/159/294/162 for the four parties, 43 other, 63 would not vote or none, 233 don't know or not sure. No questionnaire is deposited: the wording comes from the codebook (file 341538), and whether the web version displayed the don't-know option is not documented.",,,,,review
qes2018_panel,pre,vote_prov_intent_push,map,rv1ab,vote_qes2018p_rv1ab,,,,,,TRUE,comparable,"Producer's combination of rv1a with the push question rv1b, in mixed telephone and web mode; the anchor is a telephone push.","Combinaison, faite par le producteur, de rv1a et de la relance rv1b, en mode mixte téléphone et Web ; l'ancrage est une relance téléphonique.",intent_lean_push,QC2018,,unknown,PLQ;PQ;CAQ;QS;other;no_party,,"En pensant à ce que vous ressentez maintenant, si une élection PROVINCIALE était tenue demain, le candidat de quel parti appuieriez-vous probablement? (relance, rv1b : Et pour quel parti diriez-vous que vous auriez tendance à voter?)",341538:rv1a;341538:rv1b,"Crosstab checked: rv1ab equals rv1a for codes 1-6 and rv1b for the 202 undecided who were pushed; 31 undecided telephone respondents were not asked rv1b and stay 7. No questionnaire is deposited: the wording comes from the codebook (file 341538), and whether the web version displayed the don't-know option is not documented.",,,,,review
qes2018_panel,post,turnout_prov_recall,map,rts_q1,turnout_qes2018p_rtsq1,,,,,,TRUE,approximate,"Face-saving format (wanted to vote but could not; decided not to vote; or went to vote), mixed telephone and web mode.","Format qui ménage la face (voulait voter mais n'a pas pu ; a décidé de ne pas voter ; ou est allé voter), en mode mixte téléphone et Web.",turnout_excuse_format,QC2018,,unknown,yes;no,,"À chaque élection, certaines personnes décident de ne pas voter, d’autres ne peuvent pas y aller pour différentes raisons.",341538:rts_q1,"Post-wave members (repondant_post = 1, 842 rows) all answered: 56 could not, 55 decided not, 731 voted; code 4 (don't know) unused. No questionnaire is deposited: the wording comes from the codebook (file 341538), and whether the web version displayed the don't-know option is not documented.",,,,,review
qes2018_panel,post,vote_prov_recall,map,rts_q2,vote_qes2018p_rtsq2,,,rts_q1,1;2;4,1=not_voted;2=not_voted;4=dk_refused,TRUE,comparable,"Party list with the leaders' names, mixed telephone and web mode; the anchor is a web list without leaders.","Liste des partis avec le nom des chefs, en mode mixte téléphone et Web ; l'ancrage est une liste Web sans les chefs.",vote_recall_list_leaders,QC2018,,unknown,PLQ;PQ;CAQ;QS;other,,Et pour qui avez-vous voté?,341538:rts_q2,"rts_q2 is non-missing exactly where rts_q1 = 3 (731 rows): 200/108/263/87 for the four parties, 46 other, 13 spoiled, 14 don't know or not sure (6 and 7 are declared user-missing). No questionnaire is deposited: the wording comes from the codebook (file 341538), and whether the web version displayed the don't-know option is not documented.",,,,,review
qes2018_panel,post,sov_favour,map,rts_q7,sov_qes2018p_rtsq7,,,,,,TRUE,identical,"Anchor row of the target; wording from the codebook only (no questionnaire deposited), so whether don't know was offered on the web is not documented.","Ligne d'ancrage de la cible ; libellé tiré du livre de codes seulement (aucun questionnaire déposé), l'offre de « ne sait pas » sur le Web n'est donc pas documentée.",sov_favour_4pt,,,unknown,very_favourable;somewhat_favourable;somewhat_opposed;very_opposed,,"En ce qui concerne l’indépendance du Québec, c’est-à-dire que le Québec ne fasse plus partie du Canada, êtes-vous personnellement",341538:rts_q7,"Post-wave members all answered: 87/147/158/388, 5 = don't know or not sure (62, declared user-missing). No questionnaire is deposited: the wording comes from the codebook (file 341538), and whether the web version displayed the don't-know option is not documented.",,,,,review
qes2018_panel,post,sov_favour,none,independance,,,,,,,FALSE,not_comparable,"A recode of rts_q7 (1-2 favour, 3-4 oppose, 5 and missing set to missing), not a separate item: never mapped.","Un recodage de rts_q7 (1-2 favorable, 3-4 opposé, 5 et manquant mis à manquant), pas une question distincte : jamais apparié.",sov_favour_binary_recode,,,,,,,341538:independance,"Crosstab with rts_q7: 1-2 -> 1 (234), 3-4 -> 0 (546), 5 and missing -> missing (470).",,,,,review
qes2018_panel,post,lr_self,numeric,rts_q8,,min=0;max=10;from_label=TRUE,12=dk_refused,,,,TRUE,approximate,"Different stem, mixed telephone and web mode; the deposited wording is cut at 80 characters, so the endpoint labels cannot be compared.","Énoncé différent, mode mixte téléphone et Web ; le libellé déposé est tronqué à 80 caractères, de sorte que les libellés des extrémités ne peuvent être comparés.",lr_0_10,,,unknown,,,On utilise souvent un axe gauche-droite pour situer les opinions politiques des gens. Sur une échelle de 0,341538:rts_q8,"Codes 1-11 are labelled '0' to '10' (value = label); 12 = don't know or not sure (122, declared user-missing); 720 valid among the 842 post-wave members. Wording truncated in the source (question_truncated in the dictionary). No questionnaire is deposited: the wording comes from the codebook (file 341538), and whether the web version displayed the don't-know option is not documented.",,,,,review
qes2007_panel,pre,vote_prov_intent,map,intvote1,vote_qes2007p_intvote1,,,,,,TRUE,identical,Anchor row of the target.,Ligne d'ancrage de la cible.,vote_intent_list,QC2007,,volunteered,ADQ;PLQ;PQ;QS;PVQ;other;no_party,,"S’il y avait des élections provinciales aujourd’hui au Québec, pour lequel des partis suivants voteriez-vous? Voteriez-vous pour...",352416:4,"Telephone (CROP). The five parties and another party are read; would not vote/none (7) and don't know/refused (9) are marked * (not read) in the codebook. 2,049 of the 2,050 pre-wave completes (resultat = C) answered; the 392 refusal-conversion cases (project 734B) are missing.",The one pre-wave complete with no answer is system missing.,Le seul répondant de la vague préélectorale sans réponse est une valeur manquante système.,,,review
qes2007_panel,pre,vote_prov_intent_push,map,intvote,vote_qes2007p_intvote,,,,,,TRUE,identical,Anchor row of the target.,Ligne d'ancrage de la cible.,intent_lean_push,QC2007,,volunteered,ADQ;PLQ;PQ;QS;PVQ;other;no_party,,"S’il y avait des élections provinciales aujourd’hui au Québec, pour lequel des partis suivants voteriez-vous? (relance, Q5 : pour lequel de ces partis seriez-vous tenté(e) de voter?)",352416:4;352416:5,"Producer's combination of intvote1 and the push question intvote2 (asked of intvote1 = 7 or 9). Crosstabs checked: codes 1-5 add intvote1 and intvote2; code 7 holds the 49 no-party answers of intvote2 and the 4 other-party answers of intvote1 (code 6), so it straddles two levels and is not_mappable.",A later rule combining intvote1 and intvote2 directly would recover the 49 no-party answers.,Une règle ultérieure combinant directement intvote1 et intvote2 permettrait de récupérer les 49 réponses « aucun parti ».,,,review
qes2007_panel,post,vote_prov_recall,map,vote,vote_qes2007p_vote,,,,,,TRUE,approximate,Unprompted telephone recall (options not read) after a two-step turnout question; the anchor is a web list.,Rappel téléphonique spontané (options non lues) après une question de participation en deux temps ; l'ancrage est une liste Web.,vote_recall_unprompted,QC2007,,none,ADQ;PLQ;PQ;QS;PVQ;other,Whom did you vote for?,Et pour quel parti avez-vous voté?,354955:3;354956:3,"Post questionnaire Q3 (NE PAS LIRE): precoded ADQ, PLQ, PQ, QS, Vert, another party, spoiled, refused; code 0 marks Q1 = 3 (did not vote). Among the 2,054 post-wave completes (resultat_pst = CO): 302 did not vote, 480/428/460/57/66, 3 other, 9 spoiled, 249 refused; code 10 (not reached, 387) occurs only outside the wave. No don't-know code.",,,,,review
qes2012_panel,pre,sov_sovereign_country,map,intvoteref,sov_qes2012p_intvoteref,,,,,,TRUE,identical,"Anchor row of the target; wording from the variable label and the codebook only (the pre-election questionnaire is not deposited), so whether would-not-vote and don't know were read is not documented.","Ligne d'ancrage de la cible ; libellé tiré de l'étiquette de la variable et du livre de codes seulement (le questionnaire préélectoral n'est pas déposé), la lecture de « ne voterait pas » et de « ne sait pas » n'est donc pas documentée.",sov_sovereign_country,,,unknown,yes;no;would_not_vote,,"Si un référendum avait lieu aujourd’hui vous demandant si vous voulez que le Québec devienne un pays souverain, voteriez-vous oui ou voteriez-vous non?",654292:intvoteref,"Telephone (CROP), pre-election wave (the post questionnaire, files 654290/654291, has four other questions). Wording from the variable label and codebook (file 654292, Q8); the pre-election questionnaire is not deposited, so whether would-not-vote and don't know were read is not documented. 261 yes, 482 no, 97 would not vote (7), 98 refused (6), 99 don't know (88); 98 and 99 are reversed from the usual convention.",,,,,review
