profile,position,column,studies,target,render,type,flag,cause,definition,note
master,1,qes_code,,,catalog:study,character,,,qesR study code.,
master,2,qes_year,,,lead:year,character,,,"Year of the study; for qes_crop_2007_2010, the year each monthly poll began.",
master,3,qes_name_en,,,catalog:name_en,character,,,"English name of the study, from the qesR catalog.",
master,4,respondent_id,,,id,character,,,"Respondent identifier: the study's identifier variables joined by '-' (qesR's qes_id without its study prefix), or <study>_<row> where the file has none (qes2014).","qes2007_panel identifiers join the project and the questionnaire number (nompn-quest), unique since qesR 0.7.0; qes2018_panel's join the interview mode and id."
master,4,respondent_id,qes_crop_2007_2010,,raw:QUEST,character,,,"The file's questionnaire number (QUEST), as in qesR 0.4.4 (one number repeats).",
master,5,interview_start,,,na_column,character,,,"Interview start date-time as text, where the file has one (qes2022 and, as a date, qes2014).",
master,5,interview_start,qes2022,,raw:cps_StartDate,character,,,,
master,5,interview_start,qes2014,,raw:SDAT,character,,,,
master,6,interview_end,,,na_column,character,,,Interview end date-time as text (qes2022 only).,
master,6,interview_end,qes2022,,raw:cps_EndDate,character,,,,
master,7,interview_recorded,,,na_column,character,,,"Date-time the answers were recorded, as text (qes2022 only).",
master,7,interview_recorded,qes2022,,raw:cps_RecordedDate,character,,,,
master,8,language,,lang_mother,level_en,character,,,"Mother tongue: French, English or Other; a respondent who reports two first languages is NA (not assigned to either).",qes2022 is NA until its three-part mother-tongue question is harmonized.
master,8,language,qes1998,,constant:French,character,,,"Every qes1998 respondent is French: the polls interviewed francophones only (a sample restriction, not an answer).","The value comes from the sampling restriction, not from an answer, and the restriction differs by firm (the stratum firme_post): the CREATEC rows (firme_post = 1) are mother tongue French by design (codebook 332050); the 426 CROP rows (firme_post = 2) were kept for speaking French most often at home (codebook 332049, q22), so for them this is the home language, not a measured mother tongue. The pooled definition is not confirmed yet."
master,9,citizenship,,citizen,recode:yes=Canadian citizen;no=Not a Canadian citizen,character,,,"Citizenship, where the study asked (qes2022 only).",
master,10,year_of_birth,,birth_year,as_is,numeric,,,Year of birth.,
master,11,age,,age;birth_year,age_years,numeric,approximate,,"Age in years: the age item where the study asked it, else the year of the study minus the year of birth (as qesR 0.4.4 computed it).",An age computed from the year of birth can be one year too high.
master,12,age_group,,age;birth_year;age_group6;age_group3,age_bands,character,approximate,,"Age group: six bands (18-24 ... 65+) from the age where it is known, else the study's six bands, else its three bands (18-34, 35-54, 55+); under 18 is NA.","qes2018_panel has only three bands (18-34, 35-54, 55+)."
master,13,gender,,gender,recode:man=Man;woman=Woman;nonbinary=Non-binary;other=Other,character,,,"Gender: Man, Woman; qes2022 also Non-binary and Other.",
master,14,province_territory,,,constant:Quebec,character,,,Province: Quebec for every respondent (every study sampled Quebec residents).,Regional information is in the study files (get_qes()).
master,15,education,,education4,recode:primary=Primary or less;secondary=Secondary;college=College/CEGEP/Technical;university=University,character,approximate,,"Highest level of education in four groups; from the highest level completed where the study asks for it, from years of schooling otherwise.",
master,16,income,,income_native,as_is,character,,,"Household income in each study's own brackets (their text) or, for qes2022, the amount; not comparable across studies.",
master,17,religion,,religion,as_is,character,,,Religion in each study's own categories (their text).,"Respondents with no religion are NA where the religion item was asked only of those who have one (qes2012 and qes2014; in qes_harmonize() their NA reason is inapplicable, or refused when they declined the filter question)."
master,18,born_canada,,born_canada,level_en,character,,,Born in Canada: Yes or No.,
master,19,political_interest,,interest_4pt;interest_0_10;interest_campaign_4pt;interest_election_0_10,scale10,numeric,approximate,,"Interest on 0-10: four-point items coded 10, 7, 3 and 0 from most to least interested, 0-10 items as answered; interest in politics where the study asks it, else interest in the campaign or election.","Mixes four-point and 0-10 instruments, and general and campaign interest; for analysis use the targets interest_4pt and interest_0_10 of qes_harmonize(), never pooled."
master,20,ideology,,lr_self,as_is,numeric,,,"Left-right self-placement, 0 (left) to 10 (right).",
master,21,turnout,,turnout_prov_recall,int01,numeric,,,"Reported turnout in the provincial election of the study: 1 voted, 0 did not.","Only reported turnout, asked after the election; see turnout_intent for the campaign-period likelihood of voting."
master,21,turnout,qes_crop_2007_2010,turnout_prov_recall,int01,numeric,,reported_vote_only,,"The CROP polls asked only a vote intention (see vote_intent), not the reported vote or turnout."
master,22,vote_choice,,vote_prov_recall,legacy_party,character,,,"Party the respondent reported voting for in the provincial election of the study; nonvoters, spoiled ballots, don't know and refusals are NA.","Only the reported vote; see vote_intent and vote_choice_timing. Parties by their usual abbreviation (PLQ, PQ, CAQ, QS, PVQ, PCQ, ON, ADQ), Other party, and Did not vote / None for an intention of no party or a party identification of none."
master,22,vote_choice,qes_crop_2007_2010,vote_prov_recall,legacy_party,character,,reported_vote_only,,"The CROP polls asked only a vote intention (see vote_intent), not the reported vote or turnout."
master,23,vote_choice_text,,,na_column,character,,not_harmonized_yet,Typed answer for another party on the reported-vote question.,Not harmonized yet: every value is NA (the 0.4.4 sources were other questions or the vote intention).
master,24,party_best,,,na_column,character,,no_valid_source,No valid source in any study: every value is NA.,"Each study's 0.4.4 source was another question (importance of voting, best campaign, best party on an issue)."
master,25,party_lean,,,na_column,character,,no_valid_source,No valid source in any study: every value is NA.,"A different construct in each study in qesR 0.4.4 (second choice, hypothetical vote, the vote intention itself)."
master,26,sovereignty_support,,sov_indep,int01,numeric,,,Would vote Yes (1) or No (0) in a referendum on Quebec becoming an independent country; would not vote is NA.,Only that question; see sov_partnership_1995 and sovereignty_item.
master,26,sovereignty_support,qes2007;qes2008;qes1998;qes2007_panel,sov_indep,int01,numeric,,independence_question_only,,"Asked the 1995 question (sovereignty with an offer of partnership), not the independent-country question; see sov_partnership_1995 (for qes2007_panel, qesR 0.4.4 read intref, which combines it with the question put to the undecided)."
master,26,sovereignty_support,qes2012_panel,sov_indep,int01,numeric,,independence_question_only,,"Asked about a sovereign country (pays souverain), not the independent-country referendum question."
master,26,sovereignty_support,qes_crop_2007_2010,sov_indep,int01,numeric,,independence_question_only,,"The variable label gives only the first words of the first referendum question (intvoterefa) and no questionnaire is deposited, so whether it asks about an independent country, a sovereign country or sovereignty with an offer of partnership is unknown, and it is not mapped; qesR 0.4.4 read intvoteref, which combines it with the question put to the undecided (intvoterefb), and such follow-up questions are never used."
master,26,sovereignty_support,qes2018_panel,sov_indep,int01,numeric,,independence_question_only,,"Asked a favourable/opposed scale, not a referendum vote."
master,27,sovereignty,,sov_indep,int01,numeric,,,Same as sovereignty_support.,
master,27,sovereignty,qes2007;qes2008;qes1998;qes2007_panel,sov_indep,int01,numeric,,independence_question_only,,"Asked the 1995 question (sovereignty with an offer of partnership), not the independent-country question; see sov_partnership_1995 (for qes2007_panel, qesR 0.4.4 read intref, which combines it with the question put to the undecided)."
master,27,sovereignty,qes2012_panel,sov_indep,int01,numeric,,independence_question_only,,"Asked about a sovereign country (pays souverain), not the independent-country referendum question."
master,27,sovereignty,qes_crop_2007_2010,sov_indep,int01,numeric,,independence_question_only,,"The variable label gives only the first words of the first referendum question (intvoterefa) and no questionnaire is deposited, so whether it asks about an independent country, a sovereign country or sovereignty with an offer of partnership is unknown, and it is not mapped; qesR 0.4.4 read intvoteref, which combines it with the question put to the undecided (intvoterefb), and such follow-up questions are never used."
master,27,sovereignty,qes2018_panel,sov_indep,int01,numeric,,independence_question_only,,"Asked a favourable/opposed scale, not a referendum vote."
master,28,federal_pid,,pid_fed,legacy_party,character,,,"Federal party identification: Liberal, Conservative, NDP, Bloc Quebecois, Green, PPC, Other party, or Did not vote / None for none.",
master,29,provincial_pid,,pid_prov,legacy_party,character,,,"Provincial party identification, parties as in vote_choice; Did not vote / None for none.",
master,30,survey_weight,,,na_column,numeric,,,"Each study's own survey weight, on its own scale, as in qesR 0.4.4.",Not normalized: study means range from 1 to about 6. See weight_pre and weight_post for the recommended weights of the spec.
master,30,survey_weight,qes2022,,raw:cps_weight_general,numeric,,,,
master,30,survey_weight,qes2018,,raw:pond,numeric,,,,
master,30,survey_weight,qes2018_panel,,raw:weight,numeric,,,,
master,30,survey_weight,qes2014,,raw:POND,numeric,,,,
master,30,survey_weight,qes2012,,raw:pond,numeric,,,,
master,30,survey_weight,qes2012_panel,,raw:pond,numeric,,,,
master,30,survey_weight,qes_crop_2007_2010,,raw:XPOND,numeric,,,,
master,30,survey_weight,qes2008,,raw:pond,numeric,,,,
master,30,survey_weight,qes2007,,raw:pond,numeric,,,,
master,30,survey_weight,qes2007_panel,,raw:pond,numeric,,,,
master,30,survey_weight,qes1998,,raw:ponderc,numeric,,,,
master,31,vote_choice_timing,,,timing:vote_choice,character,,,"When the question in vote_choice was asked in each study: post (after the election), or NA where vote_choice has no value.",
master,32,sovereignty_item,,,item:sovereignty_support,character,,,"Which question sovereignty_support holds in each study: sov_indep (referendum on an independent country), or NA where it has no value.",
master,33,family,,,lead:family,character,,,"The study's family (qes, durand_panel, crop_polls, polls_1998).",
master,34,study_design,,,lead:study_design,character,,,"The study's design (post, pre_post, panel, pooled_polls).",
master,35,waves,,,lead:waves,character,,,"The waves of the study the respondent took part in, ';'-separated (as in qes_harmonize()).",
master,36,subsample,,,lead:subsample,character,,,"The respondent's subsample within the study, where it has several (as in qes_harmonize()).",
master,37,source_row,,,lead:source_row,integer,,,"The respondent's row in the study's file, for joining raw variables from get_qes() by qes_code and source_row.",
master,38,weight_pre,,,lead:weight_pre,numeric,,,"The spec's recommended weight of the respondent's pre-election wave, as deposited (not normalized); NA where it is not documented yet.",
master,39,weight_post,,,lead:weight_post,numeric,,,"The spec's recommended weight of the respondent's post-election wave, as deposited (not normalized); NA where it is not documented yet.",
master,40,vote_intent,,vote_prov_intent,legacy_party,character,,,"Provincial vote intention at the first question, asked before the election, parties as in vote_choice; Did not vote / None for would not vote, none or would spoil.",
master,41,turnout_intent,,turnout_prov_likely,level_en,character,,,"Likelihood of voting in the provincial election, asked before it (qes2022 only).",
master,42,sov_partnership_1995,,sov_partnership_1995,int01,numeric,,,Would vote Yes (1) or No (0) on the 1995 referendum question (sovereignty with an offer of partnership); would not vote is NA.,
decon,1,qes_code,,,catalog:study,character,,,qesR study code.,
decon,2,citizenship,,citizen,factor,factor,,,"Canadian citizen (Yes, No), where asked.",
decon,3,yob,,birth_year,as_is,numeric,,,Year of birth.,
decon,4,age,,age;birth_year,age_years,numeric,approximate,,"Age in years: the age item, else the year of the study minus the year of birth; for the studies that asked age bands only, the band (a factor, as in qesR 0.4.4).",
decon,4,age,qes2018_panel;qes2012_panel;qes2007_panel;qes1998,age_group6;age_group3,age_bands,factor,,,"The age band: these studies asked for a band, not the age (a factor, as in qesR 0.4.4).",
decon,5,gender,,gender,factor,factor,,,Gender.,
decon,6,province_territory,,,constant:Quebec,character,,,Province: Quebec.,
decon,7,education,,education4,factor,factor,approximate,,Education in four groups.,
decon,8,political_interest,,interest_4pt;interest_0_10;interest_campaign_4pt;interest_election_0_10,scale10,numeric,approximate,,"Interest on 0-10, as the master's political_interest.",
decon,9,turnout,,turnout_prov_recall,factor,factor,,,"Reported turnout (Yes, No), asked after the election.",
decon,9,turnout,qes2022,turnout_prov_likely,factor,factor,,,"qes2022: likelihood of voting, asked during the campaign (see attr(, ""timing"")).",
decon,9,turnout,qes_crop_2007_2010,turnout_prov_recall,factor,factor,,reported_vote_only,,"The CROP polls asked only a vote intention (the target vote_prov_intent of qes_harmonize()), not the reported vote or turnout."
decon,10,votechoice,,vote_prov_recall,factor,factor,,,"Reported provincial vote, asked after the election.",
decon,10,votechoice,qes2022,vote_prov_intent,factor,factor,,,"qes2022: provincial vote intention, asked during the campaign (see attr(, ""timing"")).",
decon,10,votechoice,qes_crop_2007_2010,vote_prov_recall,factor,factor,,reported_vote_only,,"The CROP polls asked only a vote intention (the target vote_prov_intent of qes_harmonize()), not the reported vote or turnout."
decon,11,votechoice_text,,,na_column,character,,,Typed answer for another party (qes2022 only).,
decon,11,votechoice_text,qes2022,vote_prov_intent_other,as_is,character,,,,
decon,12,party_best,,,na_column,character,,no_valid_source,No valid source in any study: every value is NA.,
decon,13,partylean,,,na_column,character,,no_valid_source,No valid source in any study: every value is NA.,
decon,14,fed_pid,,pid_fed,factor,factor,,,Federal party identification.,
decon,15,prov_pid,,pid_prov,factor,factor,,,Provincial party identification.,
decon,16,ideology,,lr_self,as_is,numeric,,,"Left-right self-placement, 0 to 10.",
decon,17,income,,income_native,as_is,character,,,"Household income in the study's own brackets (text); for qes2022, the amount (a number, as in qesR 0.4.4).",
decon,17,income,qes2022,income_native,as_is,numeric,,,,
decon,18,religion,,religion,as_is,character,,,Religion in the study's own categories (text).,
decon,19,born_canada,,born_canada,factor,factor,,,"Born in Canada (Yes, No).",
