pooled,member,type_name,precedence,default,transform,grade_cap,type_label_en,type_label_fr,note_en,note_fr,added_in
vote_choice,vote_prov_recall,recall,1,TRUE,identity,,Reported vote (after the election),Vote déclaré (après l'élection),"The act the study is about, and the one official results measure: used first.","Le geste sur lequel porte l'étude, celui que mesurent les résultats officiels : utilisé en premier.",4.3.0
vote_choice,vote_prov_intent_push,intention_push,2,TRUE,identity,,"Vote intention, undecided pushed","Intention de vote, indécis relancés","The first question plus a push put to those who named no party at it: a party named at the first question is never changed. Who was pushed differs by study: the undecided everywhere, and also those who would not vote, would vote for none or would spoil (qes1998, qes2007_panel, qes2012_panel, the CROP polls) or who refused (qes1998, qes2012_panel). The push can turn such an answer into a (softer) party or into another answer without a party: in qes2012_panel, of 172 don't know 77 name a party, 1 would not vote and 1 refuses, of 30 refusals 6 name a party, 2 would not vote and 4 don't know, and of 14 would not vote 3 name a party and 2 don't know; in qes2007_panel, of 81 would not vote, none or spoil, 25 name a party and 14 don't know or refuse; in qes1998, 5 would-not-vote answers and 20 refusals name a party, and 4 and 6 become don't know. So no_party is lower under intention_push than under intention. In qes2022 it also adds the conditional intention of respondents unlikely to vote, who were not asked the first question (cps_votechoice2, 'If you decide to vote, which party do you think you would vote for?', then cps_votelean if they did not know: 62 respondents, 43 of whom name a party).","La première question plus une relance posée à qui n'y a nommé aucun parti : un parti nommé à la première question n'est jamais changé. Les personnes relancées diffèrent selon l'étude : les indécis partout, et aussi celles qui ne voteraient pas, pour aucun parti ou annuleraient (qes1998, qes2007_panel, qes2012_panel, les sondages CROP) ou qui refusaient (qes1998, qes2012_panel). La relance peut changer une telle réponse en un parti (moins ferme) ou en une autre réponse sans parti : dans qes2012_panel, sur 172 « je ne sais pas », 77 nomment un parti, 1 ne voterait pas et 1 refuse, sur 30 refus, 6 nomment un parti, 2 ne voteraient pas et 4 ne savent pas, et sur 14 « ne voterait pas », 3 nomment un parti et 2 ne savent pas ; dans qes2007_panel, sur 81 « ne voterait pas, aucun ou annulerait », 25 nomment un parti et 14 ne savent pas ou refusent ; dans qes1998, 5 réponses « ne voterait pas » et 20 refus nomment un parti, et 4 et 6 deviennent « je ne sais pas ». no_party est donc plus bas sous intention_push que sous intention. Dans qes2022, elle ajoute aussi l'intention conditionnelle des personnes peu susceptibles de voter, à qui la première question n'a pas été posée (cps_votechoice2, « Si vous décidez de voter, pour quel parti prévoyez-vous voter? », puis cps_votelean si elles ne savaient pas : 62 personnes, dont 43 nomment un parti).",4.3.0
vote_choice,vote_prov_intent,intention,3,TRUE,identity,,Vote intention (first question),Intention de vote (première question),,,4.3.0
sov_support,sov_indep,independence,1,TRUE,identity,,Referendum on an independent country,Référendum sur un pays indépendant,,,4.3.0
sov_support,sov_sovereign_country,sovereign_country,2,TRUE,identity,,Referendum on a sovereign country,Référendum sur un pays souverain,,,4.3.0
sov_support,sov_partnership_1995_push,partnership_1995_push,3,TRUE,identity,,"1995 question, undecided pushed","Question de 1995, indécis relancés",,,4.3.0
sov_support,sov_partnership_1995,partnership_1995,4,TRUE,identity,,1995 question (sovereignty-partnership),Question de 1995 (souveraineté-partenariat),,,4.3.0
sov_support,sov_favour,favour,5,TRUE,"recode:very_favourable=yes,somewhat_favourable=yes,somewhat_opposed=no,very_opposed=no",approximate,Favourable or opposed to independence (collapsed to yes or no),Favorable ou opposé à l'indépendance (regroupé en oui ou non),Four points collapsed to two: graded approximate at most.,Quatre points regroupés en deux : au mieux approximate.,4.3.0
pol_interest,interest_4pt,general_4pt,1,TRUE,"score:very=1,quite=0.7,hardly=0.3,not_at_all=0",approximate,"Interest in politics, four points (scored)","Intérêt pour la politique, quatre points (notés)","Scored 1, 0.7, 0.3 and 0, as the legacy political_interest column (10, 7, 3, 0) divided by 10.","Notée 1, 0,7, 0,3 et 0, comme la colonne political_interest de l'ancien fichier (10, 7, 3, 0) divisée par 10.",4.3.0
pol_interest,interest_0_10,general_0_10,2,TRUE,affine:0.1*x,,"Interest in politics, 0-10","Intérêt pour la politique, 0-10",,,4.3.0
pol_interest,interest_campaign_4pt,campaign_4pt,3,TRUE,"score:very=1,quite=0.7,hardly=0.3,not_at_all=0",approximate,"Interest in the campaign, four points (scored)","Intérêt pour la campagne, quatre points (notés)",,,4.3.0
pol_interest,interest_election_0_10,election_0_10,4,TRUE,affine:0.1*x,approximate,"Interest in the election, 0-10","Intérêt pour l'élection, 0-10","Interest in one election, not in politics: graded approximate at most.","Intérêt pour une élection, pas pour la politique : au mieux approximate.",4.3.0
turnout,turnout_prov_recall,recall,1,TRUE,identity,,Reported turnout (after the election),Participation déclarée (après l'élection),,,4.3.0
turnout,turnout_prov_likely,intention,2,FALSE,"recode:certain=yes,likely=yes,already_voted=yes,unlikely=no,certain_not=no",approximate,"Likelihood of voting (before the election, collapsed)","Probabilité de voter (avant l'élection, regroupée)",Not used by default: an intention is not a turnout (design.md section 5.7).,"Non utilisée par défaut : une intention n'est pas une participation (design.md, section 5.7).",4.3.0
