column,position,type,levels_id,valid_min,valid_max,base,transform,timing,essential,same_as,label_en,label_fr,relax_en,relax_fr,description_en,description_fr,status,added_in
citizenship,1,categorical,rx_citizen,,,target:citizen,"recode:yes=citizen,no=not_citizen",static,TRUE,FALSE,Citizenship,Citoyenneté,"Canadian citizenship where a study recorded it: asked directly in 2022, and taken in the 2018 panel from the screening question on the right to vote in the coming Quebec election, so that every respondent of that panel is a citizen.","La citoyenneté canadienne là où une étude l'a enregistrée : posée directement en 2022, et tirée dans le panel de 2018 de la question de sélection sur le droit de voter à l'élection québécoise à venir, si bien que tous les répondants de ce panel sont citoyens.",Whether the respondent is a Canadian citizen.,Si la personne est citoyenne canadienne.,review,4.4.0
yob,2,numeric,,1900,2010,target:birth_year,identity,static,FALSE,FALSE,Year of birth,Année de naissance,The year of birth as reported; the studies that asked only an age group have none (see age_group).,L'année de naissance déclarée ; les études qui n'ont demandé qu'un groupe d'âge n'en ont pas (voir age_group).,The respondent's year of birth.,L'année de naissance de la personne.,review,4.4.0
age_group,3,ordinal,age3,,,target:age_group3,identity,static,FALSE,FALSE,Age group,Groupe d'âge,"Three age groups (18-34, 35-54, 55 and over), from the study's own age bands or from the age at the start of fieldwork; respondents under 18 are missing.","Trois groupes d'âge (18-34, 35-54, 55 et plus), tirés des tranches d'âge de l'étude ou de l'âge au début du terrain ; les moins de 18 ans sont manquants.",The respondent's age group.,Le groupe d'âge de la personne.,review,4.4.0
gender,4,categorical,gender,,,target:gender,identity,static,FALSE,TRUE,Gender,Genre,"Gender or sex as each study asked it: man or woman everywhere, and in 2022 also non-binary or another gender; the questions differ, the categories do not.","Le genre ou le sexe tel que chaque étude l'a demandé : homme ou femme partout, et en 2022 aussi non binaire ou un autre genre ; les questions diffèrent, pas les catégories.",The respondent's gender.,Le genre de la personne.,review,4.4.0
education4,5,ordinal,rx_edu4,,,,relaxed_only,static,FALSE,FALSE,Education (four groups),Scolarité (quatre groupes),"Each study's levels are grouped into four: no high school diploma, high school, college (CEGEP, technical or trade school) and university, including some university; the 2007 panel and the CROP polls asked years of schooling, so their high school group also holds those who left secondary school without a diploma, and their college group may hold some respondents with some university but no degree. qes1998 is missing (not mappable): the middle group of its pooled file, 10 to 15 years of schooling, spans high school and college (education, in three groups, includes it). The strict target of the same name in qes_harmonize() groups differently: its lowest group is primary or less.","Les niveaux de chaque étude sont regroupés en quatre : sans diplôme d'études secondaires, secondaire, collégial (cégep, formation technique ou professionnelle) et universitaire, y compris des études universitaires non terminées ; le panel de 2007 et les sondages CROP ont demandé les années d'études, si bien que leur groupe secondaire compte aussi ceux qui ont quitté le secondaire sans diplôme, et leur groupe collégial peut compter des personnes ayant fait des études universitaires sans diplôme. qes1998 est manquante (non appariable) : le groupe du milieu de son fichier regroupé, 10 à 15 années d'études, chevauche le secondaire et le collégial (education, en trois groupes, l'inclut). La cible stricte du même nom dans qes_harmonize() regroupe autrement : son groupe le plus bas est primaire ou moins.","The highest level of schooling the respondent completed, in four groups.","Le plus haut niveau de scolarité atteint par la personne, en quatre groupes.",review,4.6.0
education,6,ordinal,rx_edu3,,,column:education4,"recode:no_diploma=no_diploma,high_school=high_school_college,college=high_school_college,university=university",static,FALSE,FALSE,Education,Scolarité,"Each study's levels are grouped into three: no high school diploma, high school to college (a high school diploma, CEGEP, technical or trade school) and university, including some university. These are the groups of education4 with high school and college joined, which lets qes1998 in. Where a study asked years of schooling (the 2007 panel, the CROP polls and the CROP respondents of qes1998), the bands do not follow diplomas: some respondents without a diploma (10 years in qes1998; 8 to 10 years in the others, as Quebec high school ends after 11 years) count as high school to college, and some university students (14 or 15 years) are not counted in university.","Les niveaux de chaque étude sont regroupés en trois : sans diplôme d'études secondaires, secondaire au collégial (diplôme d'études secondaires, cégep, formation technique ou professionnelle) et université, y compris des études universitaires non terminées. Ce sont les groupes de education4, secondaire et collégial réunis, ce qui permet d'inclure qes1998. Là où une étude a demandé les années d'études (le panel de 2007, les sondages CROP et les répondants de CROP dans qes1998), les tranches ne suivent pas les diplômes : des personnes sans diplôme (10 ans dans qes1998 ; 8 à 10 ans dans les autres, puisque le secondaire se termine après 11 ans au Québec) sont classées au secondaire au collégial, et des étudiants universitaires (14 ou 15 ans) ne sont pas classés à l'université.","The highest level of schooling the respondent completed, in three groups.","Le plus haut niveau de scolarité atteint par la personne, en trois groupes.",review,4.4.0
income_cat,7,ordinal,rx_income3,,,,relaxed_only,static,FALSE,FALSE,Household income (thirds),Revenu du ménage (tiers),"Household income in thirds of each study's own respondents: income brackets are never split, so a third holds the whole brackets whose midpoint falls in it and is rarely exactly a third; the dollar limits differ from study to study.","Le revenu du ménage en tiers des répondants de chaque étude : les tranches de revenu ne sont jamais coupées, si bien qu'un tiers réunit les tranches entières dont le point milieu y tombe et compte rarement exactement un tiers ; les seuils en dollars diffèrent d'une étude à l'autre.","The household's total income before taxes, in thirds of the study's respondents.","Le revenu total du ménage avant impôts, en tiers des répondants de l'étude.",review,4.4.0
language,8,categorical,lang3,,,target:lang_mother,identity,static,FALSE,FALSE,Mother tongue,Langue maternelle,"The language first learned in childhood, in three groups; a respondent who reported French and another language is French, and English and a language other than French is English, and the 1998 CREATEC respondents are French by the design of their sample.","La langue apprise en premier dans l'enfance, en trois groupes ; une personne qui déclare le français et une autre langue est classée au français, et l'anglais et une langue autre que le français, à l'anglais, et les répondants de CREATEC de 1998 sont francophones par la conception de leur échantillon.","The respondent's mother tongue: French, English or another language.","La langue maternelle de la personne : français, anglais ou une autre langue.",review,4.4.0
language_fr,9,categorical,yes_no,,,column:language,"recode:french=yes,english=no,other=no",static,FALSE,FALSE,French as a mother tongue,"Français, langue maternelle","Yes when French is among the mother tongues reported, so a respondent with two mother tongues can be yes in both language_fr and language_eng.","Oui quand le français est parmi les langues maternelles déclarées, si bien qu'une personne qui a deux langues maternelles peut avoir oui à la fois dans language_fr et dans language_eng.",Whether French is one of the respondent's mother tongues.,Si le français est l'une des langues maternelles de la personne.,review,4.4.0
language_eng,10,categorical,yes_no,,,column:language,"recode:french=no,english=yes,other=no",static,FALSE,FALSE,English as a mother tongue,"Anglais, langue maternelle","Yes when English is among the mother tongues reported, so a respondent with two mother tongues can be yes in both language_eng and language_fr.","Oui quand l'anglais est parmi les langues maternelles déclarées, si bien qu'une personne qui a deux langues maternelles peut avoir oui à la fois dans language_eng et dans language_fr.",Whether English is one of the respondent's mother tongues.,Si l'anglais est l'une des langues maternelles de la personne.,review,4.4.0
religion,11,categorical,rx_religion5,,,,relaxed_only,static,FALSE,FALSE,Religion,Religion,"The religion the respondent belongs to, in five groups; the 2022 question offers a long list, where agnostic counts as no religion, and the other studies first ask whether the respondent belongs to a religion at all.","La religion d'appartenance, en cinq groupes ; la question de 2022 offre une longue liste, où l'agnosticisme compte comme aucune religion, et les autres études demandent d'abord si la personne appartient à une religion.","The respondent's religion: Catholic, Protestant, other Christian, another religion or none.","La religion de la personne : catholique, protestante, autre chrétienne, autre religion ou aucune.",review,4.4.0
marital,12,categorical,rx_marital4,,,,relaxed_only,static,FALSE,FALSE,Marital status,État matrimonial,"Married or living with a partner, separated or divorced, widowed, or never married; 2012 and 2014 asked the official civil status, with no common-law option, so some partners who live together are never married there.","Marié(e) ou en couple, séparé(e) ou divorcé(e), veuf ou veuve, ou jamais marié(e) ; 2012 et 2014 ont demandé l'état civil officiel, sans union de fait, si bien que des conjoints de fait y sont jamais marié(e)s.","The respondent's marital status, in four groups.","L'état matrimonial de la personne, en quatre groupes.",review,4.4.0
employment,13,categorical,rx_employment5,,,,relaxed_only,static,FALSE,FALSE,Employment,Occupation,"The main employment status in five groups; a respondent who gave two statuses, such as retired and working, takes the one that is not work, and at home, unable to work and other statuses are other.","La situation d'emploi principale en cinq groupes ; une personne qui donne deux situations, comme retraitée et salariée, prend celle qui n'est pas l'emploi, et la personne au foyer, inapte au travail ou dans une autre situation est classée autre.","The respondent's employment status: working, unemployed, retired, student or other.","La situation d'emploi de la personne : en emploi, au chômage, retraitée, étudiante ou autre.",review,4.4.0
union,14,categorical,yes_no,,,,relaxed_only,static,TRUE,FALSE,Union membership,Appartenance à un syndicat,"Whether the respondent belongs to a union in 2022, but whether the respondent or anyone in the household does in 2014 and 2018 (in 2018, respondents who live with their parents were asked about their family: parents, brothers or sisters). Only these three studies ask it, and 2022 asks it after the election, so its campaign-only respondents are missing; the column is kept whatever its number of studies (essential), as decided on 2026-10-01.","Si la personne est syndiquée en 2022, mais si elle-même ou quelqu'un de son ménage l'est en 2014 et en 2018 (en 2018, les personnes qui vivent chez leurs parents ont été interrogées sur leur famille : parents, frères ou sœurs). Seules ces trois études posent la question, et celle de 2022 la pose après l'élection, si bien que ses répondants de la seule vague de campagne sont manquants ; la colonne est conservée quel que soit son nombre d'études (essentielle), selon la décision du 2026-10-01.","Whether the respondent, or in some studies anyone in the household, belongs to a union.","Si la personne, ou dans certaines études quelqu'un de son ménage, est syndiquée.",review,4.6.0
region,15,categorical,region3,,,target:region_cma3,identity,static,FALSE,FALSE,Region,Région,"The Montreal census metropolitan area, the Quebec City census metropolitan area or the rest of Quebec, from each study's region or sub-region variable, with the boundaries each study used.","La région métropolitaine de recensement de Montréal, celle de Québec ou le reste du Québec, d'après la variable de région ou de sous-région de chaque étude, avec les limites qu'elle a utilisées.","Where the respondent lives: Montreal CMA, Quebec CMA or the rest of Quebec.","Où vit la personne : RMR de Montréal, RMR de Québec ou reste du Québec.",review,4.4.0
region_admin,16,categorical,rx_region_admin,,,,relaxed_only,static,FALSE,FALSE,Administrative region,Région administrative,"The 17 administrative regions of Quebec, where a study recorded them or sub-regions that fit within them; the sub-regions of the 2007 study and the 2007 panel that split a region are joined.","Les 17 régions administratives du Québec, là où une étude les a enregistrées ou des sous-régions qui s'y emboîtent ; les sous-régions de l'étude de 2007 et du panel de 2007 qui divisent une région sont réunies.",The administrative region where the respondent lives.,La région administrative où vit la personne.,review,4.4.0
born_canada,17,categorical,yes_no,,,target:born_canada,identity,static,FALSE,TRUE,Born in Canada,Né(e) au Canada,"Born in Canada or not, as each study asked it: from the birthplace (Quebec, elsewhere in Canada or abroad), or asked directly in 2022.","Né(e) au Canada ou non, tel que chaque étude l'a demandé : d'après le lieu de naissance (Québec, ailleurs au Canada ou à l'étranger), ou demandé directement en 2022.",Whether the respondent was born in Canada.,Si la personne est née au Canada.,review,4.4.0
born_quebec,18,categorical,yes_no,,,target:birthplace3,"recode:quebec=yes,other_canada=no,abroad=no",static,FALSE,FALSE,Born in Quebec,Né(e) au Québec,"Born in Quebec or not, from the birthplace question (Quebec, elsewhere in Canada or abroad); 2022 asked only whether the respondent was born in Canada, so it is missing there.","Né(e) au Québec ou non, d'après la question sur le lieu de naissance (Québec, ailleurs au Canada ou à l'étranger) ; 2022 n'a demandé que si la personne est née au Canada, si bien qu'elle y est manquante.",Whether the respondent was born in Quebec.,Si la personne est née au Québec.,review,4.4.0
vote_choice,19,categorical,party_qc_intent,,,pooled:vote_choice,identity,wave,FALSE,TRUE,Provincial vote choice,Choix de vote provincial,"The reported vote where a study asked it, else the vote intention with the undecided pushed toward the party they lean to, else the first intention question (the pooled vote_choice); vote_type says which, and the parties are those each study offered.","Le vote déclaré là où une étude l'a demandé, sinon l'intention de vote avec les indécis relancés vers le parti dont ils se sentent proches, sinon la première question d'intention (la variable regroupée vote_choice) ; vote_type dit laquelle, et les partis sont ceux que chaque étude offrait.",The party of the respondent's vote in the Quebec general election of the study.,Le parti du vote de la personne à l'élection générale québécoise de l'étude.,review,4.4.0
vote_type,20,categorical,rx_vote_type,,,pooled:vote_choice__type,identity,wave,FALSE,FALSE,Question of the vote choice,Question du choix de vote,"Which question vote_choice comes from on each row: the reported vote, the pushed intention or the first intention question.","La question d'où vient vote_choice sur chaque ligne : le vote déclaré, l'intention relancée ou la première question d'intention.",The question of vote_choice on the row.,La question de vote_choice sur la ligne.,review,4.4.0
turnout,21,categorical,yes_no,,,pooled:turnout,identity,wave,FALSE,TRUE,Turnout (reported),Participation (déclarée),"Whether the respondent says they voted in the Quebec general election of the study, asked after it; the wordings and answer options differ, some offering several ways of not voting.","Si la personne dit avoir voté à l'élection générale québécoise de l'étude, question posée après l'élection ; les libellés et les choix de réponse diffèrent, certains offrant plusieurs façons de ne pas avoir voté.",Whether the respondent voted in the Quebec general election of the study.,Si la personne a voté à l'élection générale québécoise de l'étude.,review,4.4.0
vote_prev,22,categorical,party_qc,,,target:vote_prov_prev,identity,wave,FALSE,FALSE,Vote at the previous provincial election,Vote à l'élection provinciale précédente,"The party of the reported vote at the Quebec general election before the study; those who did not vote are missing, the sources name the election recalled, and the 1998 question names only the PLQ and the PQ.","Le parti du vote déclaré à l'élection générale québécoise qui précède l'étude ; les abstentionnistes sont manquants, les sources nomment l'élection rappelée, et la question de 1998 ne nomme que le PLQ et le PQ.",The party the respondent voted for at the previous Quebec general election.,Le parti pour lequel la personne a voté à l'élection générale québécoise précédente.,review,4.4.0
pid,23,categorical,pid_qc,,,target:pid_prov,identity,wave,FALSE,FALSE,Provincial party identification,Identification partisane provinciale,"The Quebec party the respondent identifies with, or none, as each study asked it; the parties offered differ from study to study.","Le parti québécois auquel la personne s'identifie, ou aucun, tel que chaque étude l'a demandé ; les partis offerts diffèrent d'une étude à l'autre.",The Quebec party the respondent identifies with.,Le parti québécois auquel la personne s'identifie.,review,4.4.0
lr,24,numeric,,0,10,target:lr_self,identity,wave,FALSE,FALSE,Left-right self-placement (0-10),Autopositionnement gauche-droite (0-10),"Self-placement on a left-right scale from 0 (left) to 10 (right); a scale of another length would be rescaled to 0-10, and every study that asked one used 0 to 10.","L'autopositionnement sur une échelle gauche-droite de 0 (gauche) à 10 (droite) ; une échelle d'une autre longueur serait ramenée à 0-10, et toutes les études qui en ont posé une allaient de 0 à 10.",The respondent's position on a left-right scale.,La position de la personne sur une échelle gauche-droite.,review,4.4.0
interest,25,ordinal,rx_interest3,,,pooled:pol_interest,"bands:0.35,0.75:low,medium,high",wave,FALSE,FALSE,Interest in politics,Intérêt pour la politique,"Interest on 0 to 1 (interest_01) in three bands, low below 0.35 and high from 0.75; the 4-point and 0-10 questions do not line up, and the 2008 study and the 2007 panel asked interest in the election or the campaign, not in politics.","L'intérêt de 0 à 1 (interest_01) en trois tranches, faible sous 0,35 et élevé à partir de 0,75 ; les questions à quatre points et de 0 à 10 ne concordent pas, et l'étude de 2008 et le panel de 2007 ont demandé l'intérêt pour l'élection ou la campagne, pas pour la politique.",How interested the respondent is in politics.,Le degré d'intérêt de la personne pour la politique.,review,4.4.0
interest_01,26,numeric,,0,1,pooled:pol_interest,identity,wave,FALSE,FALSE,Interest in politics (0-1),Intérêt pour la politique (0-1),"Interest on 0 to 1 (the pooled pol_interest): four-point answers scored 1, 0.7, 0.3 and 0, and 0-10 answers divided by 10.","L'intérêt de 0 à 1 (la variable regroupée pol_interest) : réponses à quatre points notées 1, 0,7, 0,3 et 0, et réponses de 0 à 10 divisées par 10.","How interested the respondent is in politics, on 0 to 1.","Le degré d'intérêt de la personne pour la politique, de 0 à 1.",review,4.4.0
sovereignty,27,categorical,yes_no,,,pooled:sov_support,"recode:yes=yes,no=no,would_not_vote=NA:not_mappable",wave,FALSE,FALSE,Sovereignty referendum vote,Vote référendaire sur la souveraineté,"Yes or no in a referendum on Quebec sovereignty, whatever the question (an independent country, a sovereign country, the 1995 question or being favourable to independence); sovereignty_type says which, and would not vote is missing.","Oui ou non à un référendum sur la souveraineté du Québec, quelle que soit la question (un pays indépendant, un pays souverain, la question de 1995 ou être favorable à l'indépendance) ; sovereignty_type dit laquelle, et ne voterait pas est manquant.",How the respondent would vote in a referendum on Quebec sovereignty.,Comment la personne voterait à un référendum sur la souveraineté du Québec.,review,4.4.0
sovereignty_type,28,categorical,rx_sov_type,,,pooled:sov_support__type,"recode:independence=independence,sovereign_country=sovereign_country,partnership_1995_push=partnership_1995,partnership_1995=partnership_1995,favour=favour",wave,FALSE,FALSE,Question of the sovereignty vote,Question du vote sur la souveraineté,"Which question sovereignty comes from on each row: an independent country, a sovereign country, the 1995 question, being favourable to independence, or the CROP polls' question, whose full wording was not deposited.","La question d'où vient sovereignty sur chaque ligne : un pays indépendant, un pays souverain, la question de 1995, être favorable à l'indépendance, ou la question des sondages CROP, dont le libellé complet n'a pas été déposé.",The question of sovereignty on the row.,La question de sovereignty sur la ligne.,review,4.4.0
satis_democracy,29,ordinal,satis4,,,target:satis_demo_qc,identity,wave,FALSE,FALSE,Satisfaction with democracy in Quebec,Satisfaction envers la démocratie au Québec,"Satisfaction with the way democracy works in Quebec, on four points, as each study asked it.","La satisfaction envers le fonctionnement de la démocratie au Québec, en quatre points, telle que chaque étude l'a demandée.",How satisfied the respondent is with the way democracy works in Quebec.,Le degré de satisfaction de la personne envers le fonctionnement de la démocratie au Québec.,review,4.4.0
gov_satisfaction,30,ordinal,satis4,,,target:gov_satisfaction,identity,wave,FALSE,TRUE,Satisfaction with the Quebec government,Satisfaction envers le gouvernement du Québec,"Satisfaction with the Quebec government of the day, on four points; the 1998 question asks about the Bouchard government, in its own words.","La satisfaction envers le gouvernement du Québec en place, en quatre points ; la question de 1998 porte sur le gouvernement Bouchard, dans ses propres mots.",How satisfied the respondent is with the Quebec government.,Le degré de satisfaction de la personne envers le gouvernement du Québec.,review,4.4.0
econ_retro,31,ordinal,econ3,,,target:econ_retro_qc,identity,wave,FALSE,FALSE,Quebec's economy over the past year,L'économie du Québec depuis un an,"Whether Quebec's economy got better, stayed about the same or got worse over the past year, as each study asked it.","Si l'économie du Québec s'est améliorée, est restée à peu près la même ou s'est détériorée depuis un an, tel que chaque étude l'a demandé.",The respondent's view of Quebec's economy over the past year.,L'avis de la personne sur l'économie du Québec depuis un an.,review,4.4.0
econ_self,32,ordinal,econ3,,,,relaxed_only,wave,TRUE,FALSE,Personal financial situation over the past year,Situation financière personnelle depuis un an,"Whether the respondent's own financial situation got better, stayed about the same or got worse over the past year. Only qes2022 asks it, during the campaign; the column is kept for analyses within that study (essential), as cesR's econ_self, although it has fewer than three studies. The 2012 and 2014 question on one's own finances if Quebec became independent is another question and is not used.","Si la situation financière de la personne s'est améliorée, est restée à peu près la même ou s'est détériorée depuis un an. Seule qes2022 pose la question, pendant la campagne ; la colonne est conservée pour les analyses à l'intérieur de cette étude (essentielle), comme econ_self dans cesR, même si elle compte moins de trois études. La question de 2012 et de 2014 sur sa propre situation financière si le Québec devenait indépendant est une autre question et n'est pas utilisée.",The respondent's view of their own financial situation over the past year.,L'avis de la personne sur sa propre situation financière depuis un an.,review,4.6.0
identity,33,categorical,identity5,,,target:identity_qc_ca,identity,wave,FALSE,FALSE,Québécois and Canadian identity,Identité québécoise et canadienne,"Québécois only, Québécois first, both equally, Canadian first or Canadian only, from one question or from the two orders of a split ballot.","Uniquement québécois(e), d'abord québécois(e), les deux également, d'abord canadien(ne) ou uniquement canadien(ne), d'après une question ou les deux ordres d'un questionnaire partagé.","How the respondent sees themselves, as Québécois, Canadian or both.","Comment la personne se définit, comme Québécoise, Canadienne ou les deux.",review,4.4.0
attach_quebec,34,ordinal,attach4,,,target:attach_qc,identity,wave,FALSE,FALSE,Attachment to Quebec,Attachement au Québec,"Attachment to Quebec on four points, as each study asked it.","L'attachement au Québec en quatre points, tel que chaque étude l'a demandé.",How attached the respondent feels to Quebec.,Le degré d'attachement de la personne au Québec.,review,4.4.0
attach_canada,35,ordinal,attach4,,,target:attach_ca,identity,wave,FALSE,FALSE,Attachment to Canada,Attachement au Canada,"Attachment to Canada on four points, as each study asked it.","L'attachement au Canada en quatre points, tel que chaque étude l'a demandé.",How attached the respondent feels to Canada.,Le degré d'attachement de la personne au Canada.,review,4.4.0
