study,wave,column,rule,source_var,map_id,args,na_codes,gate_var,gate_codes,gate_to,override,wording_en,wording_fr,wording_ref,notes_en,notes_fr,evidence,reviewed_by,reviewed_on,review_note,status,added_in
qes2018_panel,pre,citizenship,map,qa,rx_citizenship_qes2018_panel_qa,,,,,,FALSE,,qa. Êtes-vous éligible pour aller voter lors des prochaines élections provinciales qui auront lieu en octobre?,333052:qa,"OD-R12: the screening question asks whether the respondent may vote in the coming Quebec election, which requires Canadian citizenship; every respondent answered yes, so the column is constant in this study.","OD-R12 : la question de sélection demande si la personne peut voter à la prochaine élection québécoise, ce qui exige la citoyenneté canadienne ; tous les répondants ont répondu oui, si bien que la colonne est constante dans cette étude.","Every code of qa in the dictionary has an outcome (V-R9). Dictionary counts, all rows of file 333052: 1 = citizen (1250); 2 = NA:not_mappable (0); 3 = NA:dk_refused (0).","automated double review against original files and documents, 2026-10-01 (codes/data + wording; adjudicated where they disagreed); not a human review",2026-10-01,"automated double review against original files and documents, 2026-10-01; not a human review",stable,4.4.0
qes2022,cps,education,map,cps_edu,rx_education_qes2022_cps_edu,,-99=no_answer,,,,FALSE,What is the highest level of education that you have completed?,Quel est votre plus haut niveau de scolarité complété?,7449514:cps_edu,,,"Every code of cps_edu in the dictionary has an outcome (V-R9). Dictionary counts, all rows of file 7449513: 1, 2, 3, 4 = no_diploma (63); 5 = high_school (219); 6, 7 = college (493); 8, 9, 10, 11 = university (746).","automated double review against original files and documents, 2026-10-01 (codes/data + wording; adjudicated where they disagreed); not a human review",2026-10-01,"automated double review against original files and documents, 2026-10-01; not a human review",stable,4.4.0
qes2018,post,education,map,qscol,rx_education_qes2018_qscol,,,,,,FALSE,What is the highest level of education that you have completed?,À quel niveau se situe la dernière année de scolarité que vous avez complétée?,361049:QSCOL;361050:QSCOL,"Code 9 (secondary 5 with a vocational diploma, DEP) is college (OD-R10); the strict education4 puts it with secondary.","Le code 9 (secondaire 5 avec un diplôme d'études professionnelles, DEP) est collégial (OD-R10) ; la cible stricte education4 le classe au secondaire.","Every code of qscol in the dictionary has an outcome (V-R9). Dictionary counts, all rows of file 425914: 1, 2, 3, 4, 5, 6, 7 = no_diploma (322); 8 = high_school (457); 9, 10, 11, 12 = college (1089); 13, 14, 15 = university (1181); 99 = NA:refused (23).","automated double review against original files and documents, 2026-10-01 (codes/data + wording; adjudicated where they disagreed); not a human review",2026-10-01,"automated double review against original files and documents, 2026-10-01; not a human review",stable,4.4.0
qes2014,post,education,map,QSCOL,rx_education_qes2014_qscol,,,,,,FALSE,What is the highest level of education that you have completed?,À quel niveau se situe la dernière année de scolarité que vous avez complétée?,352010:QSCOL;352009:QSCOL,,,"Every code of QSCOL in the dictionary has an outcome (V-R9). Dictionary counts, all rows of file 425916: 1, 2, 3, 4 = no_diploma (94); 5 = high_school (252); 6, 7, 8 = college (476); 9, 10, 11 = university (685); 99 = NA:refused (10).","automated double review against original files and documents, 2026-10-01 (codes/data + wording; adjudicated where they disagreed); not a human review",2026-10-01,"automated double review against original files and documents, 2026-10-01; not a human review",stable,4.4.0
qes2012,post,education,map,scol,rx_education_qes2012_scol,,,,,,FALSE,What is the highest level of education that you have completed?,À quel niveau se situe la dernière année de scolarité que vous avez complétée?,196367:Q99;196370:Q99,"Code 8 (post-secondary, not higher education; the French questionnaire's technical course) is college; code 10 (certificate and diploma), in neither questionnaire, is university with code 9 (some higher education).","Le code 8 (postsecondaire non universitaire ; le cours technique du questionnaire français) est collégial ; le code 10 (certificat et diplôme), absent des deux questionnaires, est universitaire, comme le code 9 (études supérieures non terminées).","Every code of scol in the dictionary has an outcome (V-R9). Dictionary counts, all rows of file 425918: 1, 2, 3, 4 = no_diploma (73); 5 = high_school (225); 6, 7, 8 = college (515); 9, 10, 11, 12 = university (687); 98 = NA:dk (2); 99 = NA:refused (3).","automated double review against original files and documents, 2026-10-01 (codes/data + wording; adjudicated where they disagreed); not a human review",2026-10-01,"automated double review against original files and documents, 2026-10-01; not a human review",stable,4.4.0
qes2018_panel,pre,education,map,d3,rx_education_qes2018_panel_d3,,,,,,FALSE,,d3. Quel est le plus haut niveau de scolarité que vous avez atteint ?,333052:d3,Code 4 (registered apprenticeship or other trades certificate) is college (OD-R10); code 6 (university certificate below the bachelor's) is university.,Le code 4 (apprentissage enregistré ou autre certificat d'une école de métiers) est collégial (OD-R10) ; le code 6 (certificat universitaire inférieur au baccalauréat) est universitaire.,"Every code of d3 in the dictionary has an outcome (V-R9). Dictionary counts, all rows of file 333052: 1, 2 = no_diploma (70); 3 = high_school (193); 4, 5 = college (430); 6, 7, 8 = university (554); 9 = NA:dk_refused (3).","automated double review against original files and documents, 2026-10-01 (codes/data + wording; adjudicated where they disagreed); not a human review",2026-10-01,"automated double review against original files and documents, 2026-10-01; not a human review",stable,4.4.0
qes2007_panel,*,education,map,scol,rx_education_qes2007_panel_scol,,,,,,FALSE,,Combien d’années d’études avez-vous complétées?,352416:31,"Years of schooling, in bands named after a level: 7 years or less (primary) is no diploma, 8 to 12 years (secondary) is high school, 13 to 15 years (CEGEP, technical school) is college and 16 years or more is university. The high school group therefore also holds those who left secondary school without a diploma, and the college group may hold respondents with some university but no degree, whom other studies count as university.","Années d'études, en tranches nommées d'après un ordre d'enseignement : 7 ans ou moins (primaire) est sans diplôme, 8 à 12 ans (secondaire) est secondaire, 13 à 15 ans (cégep, école technique) est collégial et 16 ans ou plus est universitaire. Le groupe secondaire compte donc aussi ceux qui ont quitté le secondaire sans diplôme, et le groupe collégial peut compter des personnes ayant fait des études universitaires sans diplôme, que les autres études classent à l'universitaire.","Every code of scol in the dictionary has an outcome (V-R9). Dictionary counts, all rows of file 352415: 1 = no_diploma (154); 2 = high_school (761); 3 = college (685); 4 = university (830); 9 = NA:refused (11).","automated double review against original files and documents, 2026-10-01 (codes/data + wording; adjudicated where they disagreed); not a human review",2026-10-01,"automated double review against original files and documents, 2026-10-01; not a human review",stable,4.4.0
qes2007,post,education,map,q77,rx_education_qes2007_q77,,,,,,FALSE,What is the highest level of education that you have completed?,Quel est votre niveau d'éducation ?,192423:Q77;192422:Q77,,,"Every code of q77 in the dictionary has an outcome (V-R9). Dictionary counts, all rows of file 425921: 1, 2, 3, 4 = no_diploma (195); 5 = high_school (355); 6, 7 = college (633); 8, 9, 10, 11 = university (975); 98 = NA:dk (2); 99 = NA:refused (15).","automated double review against original files and documents, 2026-10-01 (codes/data + wording; adjudicated where they disagreed); not a human review",2026-10-01,"automated double review against original files and documents, 2026-10-01; not a human review",stable,4.4.0
qes2008,post,education,map,q77,rx_education_qes2008_q77,,,,,,FALSE,What is the highest level of education that you have completed?,Quel est votre niveau d'éducation ?,197296:Q77;196358:Q77,,,"Every code of q77 in the dictionary has an outcome (V-R9). Dictionary counts, all rows of file 425919: 1, 2, 3, 4 = no_diploma (53); 5 = high_school (202); 6, 7 = college (346); 8, 9, 10, 11 = university (540); 98 = NA:dk (0); 99 = NA:refused (10).","automated double review against original files and documents, 2026-10-01 (codes/data + wording; adjudicated where they disagreed); not a human review",2026-10-01,"automated double review against original files and documents, 2026-10-01; not a human review",stable,4.4.0
qes1998,pre,education,map,scol,rx_education_qes1998_scol,,,,,,FALSE,,scolarité,329987:scol,"OD-R1: the pooled file groups years of schooling as 1-9, 10-15 and university; 10-15 years spans high school and college, and mapping only the other two groups would bias every share, so the study is left out.","OD-R1 : le fichier regroupé classe les années d'études en 1-9, 10-15 et université ; 10 à 15 ans chevauche le secondaire et le collégial, et n'apparier que les deux autres groupes fausserait toutes les proportions, si bien que l'étude est laissée de côté.","Every code of scol in the dictionary has an outcome (V-R9). Dictionary counts, all rows of file 329987: 1, 2, 3 = NA:not_mappable (1393); 9 = NA:dk_refused (11).","automated double review against original files and documents, 2026-10-01 (codes/data + wording; adjudicated where they disagreed); not a human review",2026-10-01,"automated double review against original files and documents, 2026-10-01; not a human review",stable,4.4.0
qes_crop_2007_2010,*,education,map,scol,rx_education_qes_crop_2007_2010_scol,,,,,,FALSE,,Combien d'années d'études avez-vous complétées?,329990:scol,"Years of schooling in CROP's four ranges (7 or fewer, primary; 8 to 12, secondary; 13 to 15, CEGEP or technical school; 16 or more, university): 7 or fewer is no diploma and 8 to 12 is high school, so that group also holds those who left secondary school without a diploma; grouping by years, not by highest level, can also put some university (14 or 15 years) in college.","Années d'études selon les quatre intervalles de CROP (7 ou moins, primaire ; 8 à 12, secondaire ; 13 à 15, cégep ou école technique ; 16 ou plus, université) : 7 ou moins est sans diplôme et 8 à 12 est secondaire, si bien que ce groupe compte aussi ceux qui ont quitté le secondaire sans diplôme ; le classement par années, et non par plus haut niveau atteint, peut aussi placer des études universitaires non terminées (14 ou 15 ans) au collégial.","Every code of scol in the dictionary has an outcome (V-R9). Dictionary counts, all rows of file 329990: 1 = no_diploma (1125); 2 = high_school (6988); 3 = college (6996); 4 = university (8742); 9 = NA:refused (79).","automated double review against original files and documents, 2026-10-01 (codes/data + wording; adjudicated where they disagreed); not a human review",2026-10-01,"automated double review against original files and documents, 2026-10-01; not a human review",stable,4.4.0
qes2022,cps,income_cat,fn:amount_bands,cps_income,,"breaks=52200,95600;levels=low,middle,high;then=cps_income2:rx_income_cat_qes2022_cps_income2",-99=no_answer;0=no_answer,,,,FALSE,"What was your total household income, before taxes, for the year 2021? Be sure to include income from all sources, to the nearest thousand dollars.",Quel est le revenu total de votre ménage avant impôts en 2021? Cela doit inclure toutes les sources de revenus au millier de dollars près.,7449514:cps_income,"The amount (2021 income) in thirds of the 1,444 amounts given, unweighted: low under $52,200, high $95,600 or more. An amount of 0 or -99 (no amount) passes to the bracket question cps_income2, whose brackets go in by their midpoint against the same limits.","Le montant (revenu de 2021) en tiers des 1 444 montants donnés, non pondérés : faible sous 52 200 $, élevé 95 600 $ ou plus. Un montant de 0 ou de -99 (aucun montant) passe à la question par tranches cps_income2, dont les tranches sont classées selon leur point milieu, avec les mêmes seuils.","Rule fn:amount_bands on cps_income, cps_income2 (file 7449513); checked on the pinned file by data-raw/build_relaxed.R --expected, counts in expected/relaxed_marginals.csv.","automated double review against original files and documents, 2026-10-01 (codes/data + wording; adjudicated where they disagreed); not a human review",2026-10-01,"automated double review against original files and documents, 2026-10-01; not a human review",stable,4.4.0
qes2018,post,income_cat,map,q61,rx_income_cat_qes2018_q61,,,,,,FALSE,"Among the following categories, which one best reflects the total income, before taxes, of all the members of your household in 2017? That includes income from all sources such as savings, pensions, rent, as well as wages. Was it:","Parmi les catégories suivantes, laquelle reflète le mieux le revenu total avant impôt de tous les membres de votre foyer pour l'année 2017? Ceci inclut les revenus de toutes les sources telles l’épargne, les pensions, les loyers, en plus des salaires. Était-ce:",361049:Q61;361050:Q61,"Thirds by the midpoint rule on the unweighted counts of the brackets (OD-R11). Low is under $40,000, high $72,000 or more (2017 income).","Tiers selon la règle du point milieu sur les effectifs non pondérés des tranches (OD-R11). Faible est sous 40 000 $, élevé 72 000 $ ou plus (revenu de 2017).","Every code of q61 in the dictionary has an outcome (V-R9). Dictionary counts, all rows of file 425914: 1, 2, 3, 4 = low (774); 5, 6 = middle (807); 7, 8, 9 = high (895); 99 = NA:refused (326).","automated double review against original files and documents, 2026-10-01 (codes/data + wording; adjudicated where they disagreed); not a human review",2026-10-01,"automated double review against original files and documents, 2026-10-01; not a human review",stable,4.4.0
qes2014,post,income_cat,map,Q57,rx_income_cat_qes2014_q57,,,,,,FALSE,"Among the following categories, which one best reflects the total income, before taxes, of all the members of your household in 2013? That includes income from all sources such as savings, pensions, rent, as well as wages. Was it:","Parmi les catégories suivantes, laquelle reflète le mieux le revenu total avant impôt de tous les membres de votre foyer pour l'année 2013? 3. Ceci inclut les revenus de toutes les sources telles l’épargne, les pensions, les loyers, en plus des salaires. Était-ce:",352010:Q57;352009:Q57,"Thirds by the midpoint rule on the unweighted counts of the brackets (OD-R11). Low is under $40,000, high $72,000 or more (2013 income).","Tiers selon la règle du point milieu sur les effectifs non pondérés des tranches (OD-R11). Faible est sous 40 000 $, élevé 72 000 $ ou plus (revenu de 2013).","Every code of Q57 in the dictionary has an outcome (V-R9). Dictionary counts, all rows of file 425916: 1, 2, 3, 4 = low (404); 5, 6 = middle (410); 7, 8, 9 = high (514); 99 = NA:refused (189).","automated double review against original files and documents, 2026-10-01 (codes/data + wording; adjudicated where they disagreed); not a human review",2026-10-01,"automated double review against original files and documents, 2026-10-01; not a human review",stable,4.4.0
qes2012,post,income_cat,map,reven,rx_income_cat_qes2012_reven,,,,,,FALSE,"And now your total household income before taxes for 2011. That includes income from all sources such as savings, pensions, rent, as well as wages. Was it:","Et maintenant le revenu total de votre ménage avant impôts pour l’année 2011. Ceci inclut les revenus de toutes les sources telles l’épargne, les pensions, les loyers, en plus des salaires. Était-ce:",196367:Q100;196370:Q100,"Thirds by the midpoint rule on the unweighted counts of the brackets (OD-R11). Low is under $40,000, high $88,000 or more (2011 income).","Tiers selon la règle du point milieu sur les effectifs non pondérés des tranches (OD-R11). Faible est sous 40 000 $, élevé 88 000 $ ou plus (revenu de 2011).","Every code of reven in the dictionary has an outcome (V-R9). Dictionary counts, all rows of file 425918: 1, 2, 3, 4 = low (391); 5, 6, 7 = middle (555); 8, 9 = high (411); 98 = NA:dk (12); 99 = NA:refused (136).","automated double review against original files and documents, 2026-10-01 (codes/data + wording; adjudicated where they disagreed); not a human review",2026-10-01,"automated double review against original files and documents, 2026-10-01; not a human review",stable,4.4.0
qes2018_panel,pre,income_cat,map,d5,rx_income_cat_qes2018_panel_d5,,,,,,FALSE,,"d5. Laquelle des catégories suivantes décrit le mieux le revenu total de votre foyer, c’est-à-dire le total des revenus",333052:d5,"Thirds by the midpoint rule on the unweighted counts of the brackets (OD-R11). Low is under $40,000, high $80,000 or more.","Tiers selon la règle du point milieu sur les effectifs non pondérés des tranches (OD-R11). Faible est sous 40 000 $, élevé 80 000 $ ou plus.","Every code of d5 in the dictionary has an outcome (V-R9). Dictionary counts, all rows of file 333052: 1, 2 = low (313); 3, 4 = middle (383); 5, 6, 7 = high (404); 8 = NA:dk_refused (150).","automated double review against original files and documents, 2026-10-01 (codes/data + wording; adjudicated where they disagreed); not a human review",2026-10-01,"automated double review against original files and documents, 2026-10-01; not a human review",stable,4.4.0
qes2007_panel,*,income_cat,map,revenu,rx_income_cat_qes2007_panel_revenu,,,,,,FALSE,,"32. Dans laquelle des catégories suivantes se situe le revenu annuel total, avant impôts et déductions, de tous les membres de votre foyer, en vous incluant? Est-ce...",352415:revenu,"Thirds by the midpoint rule on the unweighted counts of the brackets (OD-R11). Low is under $40,000, high $60,000 or more.","Tiers selon la règle du point milieu sur les effectifs non pondérés des tranches (OD-R11). Faible est sous 40 000 $, élevé 60 000 $ ou plus.","Every code of revenu in the dictionary has an outcome (V-R9). Dictionary counts, all rows of file 352415: 1, 2 = low (746); 3 = middle (487); 4, 5 = high (800); 9 = NA:dk_refused (408).","automated double review against original files and documents, 2026-10-01 (codes/data + wording; adjudicated where they disagreed); not a human review",2026-10-01,"automated double review against original files and documents, 2026-10-01; not a human review",stable,4.4.0
qes2007,post,income_cat,map,q78,rx_income_cat_qes2007_q78,,,,,,FALSE,"And now your total household income before taxes for 2006. That includes income FROM ALL SOURCES such as savings, pensions, rent, as well as wages. Was it ...","Et maintenant le revenu total de votre ménage avant impôts en 2006. Ceci inclut les revenus de toutes les sources telles l'épargne, les pensions, les loyers, en plus des salaires. Est-ce...?",192423:Q78;192422:Q78,"Thirds by the midpoint rule on the unweighted counts of the brackets (OD-R11). Low is under $40,000, high $70,000 or more (2006 income).","Tiers selon la règle du point milieu sur les effectifs non pondérés des tranches (OD-R11). Faible est sous 40 000 $, élevé 70 000 $ ou plus (revenu de 2006).","Every code of q78 in the dictionary has an outcome (V-R9). Dictionary counts, all rows of file 425921: 1, 2, 3 = low (671); 4, 5, 6 = middle (575); 7, 8, 9, 10 = high (635); 98 = NA:dk (39); 99 = NA:refused (255).","automated double review against original files and documents, 2026-10-01 (codes/data + wording; adjudicated where they disagreed); not a human review",2026-10-01,"automated double review against original files and documents, 2026-10-01; not a human review",stable,4.4.0
qes2008,post,income_cat,map,q78,rx_income_cat_qes2008_q78,,,,,,FALSE,,"Quel était le revenu total de votre ménage avant impôts en 2007. Ceci inclut les revenus de toutes les sources telles l'épargne, les pensions, les loyers, en plus des salaires. Est-ce...?",196358:Q78,"Thirds by the midpoint rule on the unweighted counts of the brackets (OD-R11). Low is under $40,000, high $70,000 or more (2007 income).","Tiers selon la règle du point milieu sur les effectifs non pondérés des tranches (OD-R11). Faible est sous 40 000 $, élevé 70 000 $ ou plus (revenu de 2007).","Every code of q78 in the dictionary has an outcome (V-R9). Dictionary counts, all rows of file 425919: 1, 2, 3 = low (286); 4, 5, 6 = middle (316); 7, 8, 9, 10 = high (371); 98 = NA:dk (11); 99 = NA:refused (167).","automated double review against original files and documents, 2026-10-01 (codes/data + wording; adjudicated where they disagreed); not a human review",2026-10-01,"automated double review against original files and documents, 2026-10-01; not a human review",stable,4.4.0
qes_crop_2007_2010,*,income_cat,map,revenu,rx_income_cat_qes_crop_2007_2010_revenu,,,,,,FALSE,,Dans laquelle des catégories suivantes se situe le revenu,329990:revenu,"Thirds by the midpoint rule on the unweighted counts of the brackets (OD-R11). Low is under $40,000, high $80,000 or more; the thirds pool the 24 polls.","Tiers selon la règle du point milieu sur les effectifs non pondérés des tranches (OD-R11). Faible est sous 40 000 $, élevé 80 000 $ ou plus ; les tiers regroupent les 24 sondages.","Every code of revenu in the dictionary has an outcome (V-R9). Dictionary counts, all rows of file 329990: 1, 2 = low (6736); 3, 4 = middle (7578); 5 = high (5785); 9 = NA:dk_refused (3831).","automated double review against original files and documents, 2026-10-01 (codes/data + wording; adjudicated where they disagreed); not a human review",2026-10-01,"automated double review against original files and documents, 2026-10-01; not a human review",stable,4.4.0
qes2022,cps,language,fn:multiselect,cps_lang_2,,"select=cps_lang_2:french,cps_lang_1:english,cps_lang_3:other;selected=1;first=TRUE",,,,,TRUE,Which language(s) did you learn as a child and still understand today? (Select all that apply) [French],Quelle est la/les première(s) langue(s) que vous avez apprise(s) et que vous comprenez encore? (Sélectionnez toutes celles qui s' appliquent) [Français],7449514:cps_lang,"OD-R5: a respondent who reported two mother tongues is French when one is French, else English when one is English.","OD-R5 : une personne qui a déclaré deux langues maternelles est classée au français si l'une est le français, sinon à l'anglais si l'une est l'anglais.","Rule fn:multiselect on cps_lang_2 (file 7449513); checked on the pinned file by data-raw/build_relaxed.R --expected, counts in expected/relaxed_marginals.csv.","automated double review against original files and documents, 2026-10-01 (codes/data + wording; adjudicated where they disagreed); not a human review",2026-10-01,"automated double review against original files and documents, 2026-10-01; not a human review",stable,4.4.0
qes2014,post,language,map,QLANG,rx_language_qes2014_qlang,,,,,,TRUE,What is the language you first learned at home in your childhood and that you still understand?,Quelle est la langue que vous avez apprise en premier lieu à la maison dans votre enfance et que vous comprenez toujours?,352010:QLANG;352009:QLANG,"OD-R5: a respondent who reported two mother tongues is French when one is French, else English when one is English.","OD-R5 : une personne qui a déclaré deux langues maternelles est classée au français si l'une est le français, sinon à l'anglais si l'une est l'anglais.","Every code of QLANG in the dictionary has an outcome (V-R9). Dictionary counts, all rows of file 425916: 1, 4, 5 = french (1224); 2, 6 = english (226); 3 = other (67); 8 = NA:dk (0); 9 = NA:refused (0).","automated double review against original files and documents, 2026-10-01 (codes/data + wording; adjudicated where they disagreed); not a human review",2026-10-01,"automated double review against original files and documents, 2026-10-01; not a human review",stable,4.4.0
qes2007,post,language,map,langu,rx_language_qes2007_langu,,,,,,TRUE,What is the language you first learned at home in your childhood and that you still understand?,Quelle est la langue que vous avez apprise en premier lieu à la maison dans votre enfance et que vous comprenez toujours ?,192422:LANGU;192423:LANGU;425921:langu,"OD-R5: a respondent who reported two mother tongues is French when one is French, else English when one is English.","OD-R5 : une personne qui a déclaré deux langues maternelles est classée au français si l'une est le français, sinon à l'anglais si l'une est l'anglais.","Every code of langu in the dictionary has an outcome (V-R9). Dictionary counts, all rows of file 425921: 1, 4, 7 = french (1925); 2, 5 = english (175); 3, 6 = other (72); 9 = NA:dk_refused (3).","automated double review against original files and documents, 2026-10-01 (codes/data + wording; adjudicated where they disagreed); not a human review",2026-10-01,"automated double review against original files and documents, 2026-10-01; not a human review",stable,4.4.0
qes1998,pre,language,map,firme_post,rx_language_qes1998_firme_post,,,,,,FALSE,,firme de sondage,332050:Description de la base de données,OD-R3: the CREATEC sample (firme_post = 1) holds only respondents whose mother tongue is French (codebook of the CREATEC file); the CROP respondents were screened on another criterion and have no mother tongue.,OD-R3 : l'échantillon de CREATEC (firme_post = 1) ne compte que des personnes dont la langue maternelle est le français (livre de codes du fichier CREATEC) ; les répondants de CROP ont été choisis selon un autre critère et n'ont pas de langue maternelle.,"Every code of firme_post in the dictionary has an outcome (V-R9). Dictionary counts, all rows of file 329987: 1 = french (1057); 2 = NA:not_mappable (426).","automated double review against original files and documents, 2026-10-01 (codes/data + wording; adjudicated where they disagreed); not a human review",2026-10-01,"automated double review against original files and documents, 2026-10-01; not a human review",stable,4.4.0
qes2022,cps,language_fr,fn:multiselect,cps_lang_2,,"select=cps_lang_2:yes,cps_lang_1:no,cps_lang_3:no;selected=1;first=TRUE",,,,,TRUE,Which language(s) did you learn as a child and still understand today? (Select all that apply) [French],Quelle est la/les première(s) langue(s) que vous avez apprise(s) et que vous comprenez encore? (Sélectionnez toutes celles qui s' appliquent) [Français],7449514:cps_lang,Yes when this language is among the mother tongues reported.,Oui quand cette langue est parmi les langues maternelles déclarées.,"Rule fn:multiselect on cps_lang_2 (file 7449513); checked on the pinned file by data-raw/build_relaxed.R --expected, counts in expected/relaxed_marginals.csv.","automated double review against original files and documents, 2026-10-01 (codes/data + wording; adjudicated where they disagreed); not a human review",2026-10-01,"automated double review against original files and documents, 2026-10-01; not a human review",stable,4.4.0
qes2014,post,language_fr,map,QLANG,rx_language_fr_qes2014_qlang,,,,,,TRUE,What is the language you first learned at home in your childhood and that you still understand?,Quelle est la langue que vous avez apprise en premier lieu à la maison dans votre enfance et que vous comprenez toujours?,352010:QLANG;352009:QLANG,Yes when this language is among the mother tongues reported.,Oui quand cette langue est parmi les langues maternelles déclarées.,"Every code of QLANG in the dictionary has an outcome (V-R9). Dictionary counts, all rows of file 425916: 1, 4, 5 = yes (1224); 2, 3, 6 = no (293); 8 = NA:dk (0); 9 = NA:refused (0).","automated double review against original files and documents, 2026-10-01 (codes/data + wording; adjudicated where they disagreed); not a human review",2026-10-01,"automated double review against original files and documents, 2026-10-01; not a human review",stable,4.4.0
qes2007,post,language_fr,map,langu,rx_language_fr_qes2007_langu,,,,,,TRUE,What is the language you first learned at home in your childhood and that you still understand?,Quelle est la langue que vous avez apprise en premier lieu à la maison dans votre enfance et que vous comprenez toujours ?,192422:LANGU;192423:LANGU;425921:langu,Yes when this language is among the mother tongues reported.,Oui quand cette langue est parmi les langues maternelles déclarées.,"Every code of langu in the dictionary has an outcome (V-R9). Dictionary counts, all rows of file 425921: 1, 4, 7 = yes (1925); 2, 3, 5, 6 = no (247); 9 = NA:dk_refused (3).","automated double review against original files and documents, 2026-10-01 (codes/data + wording; adjudicated where they disagreed); not a human review",2026-10-01,"automated double review against original files and documents, 2026-10-01; not a human review",stable,4.4.0
qes2022,cps,language_eng,fn:multiselect,cps_lang_1,,"select=cps_lang_1:yes,cps_lang_2:no,cps_lang_3:no;selected=1;first=TRUE",,,,,TRUE,Which language(s) did you learn as a child and still understand today? (Select all that apply) [English],Quelle est la/les première(s) langue(s) que vous avez apprise(s) et que vous comprenez encore? (Sélectionnez toutes celles qui s' appliquent) [Anglais],7449514:cps_lang,Yes when this language is among the mother tongues reported.,Oui quand cette langue est parmi les langues maternelles déclarées.,"Rule fn:multiselect on cps_lang_1 (file 7449513); checked on the pinned file by data-raw/build_relaxed.R --expected, counts in expected/relaxed_marginals.csv.","automated double review against original files and documents, 2026-10-01 (codes/data + wording; adjudicated where they disagreed); not a human review",2026-10-01,"automated double review against original files and documents, 2026-10-01; not a human review",stable,4.4.0
qes2014,post,language_eng,map,QLANG,rx_language_eng_qes2014_qlang,,,,,,TRUE,What is the language you first learned at home in your childhood and that you still understand?,Quelle est la langue que vous avez apprise en premier lieu à la maison dans votre enfance et que vous comprenez toujours?,352010:QLANG;352009:QLANG,Yes when this language is among the mother tongues reported.,Oui quand cette langue est parmi les langues maternelles déclarées.,"Every code of QLANG in the dictionary has an outcome (V-R9). Dictionary counts, all rows of file 425916: 2, 4, 6 = yes (299); 1, 3, 5 = no (1218); 8 = NA:dk (0); 9 = NA:refused (0).","automated double review against original files and documents, 2026-10-01 (codes/data + wording; adjudicated where they disagreed); not a human review",2026-10-01,"automated double review against original files and documents, 2026-10-01; not a human review",stable,4.4.0
qes2007,post,language_eng,map,langu,rx_language_eng_qes2007_langu,,,,,,TRUE,What is the language you first learned at home in your childhood and that you still understand?,Quelle est la langue que vous avez apprise en premier lieu à la maison dans votre enfance et que vous comprenez toujours ?,192422:LANGU;192423:LANGU;425921:langu,Yes when this language is among the mother tongues reported.,Oui quand cette langue est parmi les langues maternelles déclarées.,"Every code of langu in the dictionary has an outcome (V-R9). Dictionary counts, all rows of file 425921: 2, 5, 7 = yes (208); 1, 3, 4, 6 = no (1964); 9 = NA:dk_refused (3).","automated double review against original files and documents, 2026-10-01 (codes/data + wording; adjudicated where they disagreed); not a human review",2026-10-01,"automated double review against original files and documents, 2026-10-01; not a human review",stable,4.4.0
qes2022,cps,religion,map,cps_religion,rx_religion_qes2022_cps_religion,,-99=no_answer,,,,FALSE,"Please tell me what is your religion, if you have one?","Quelle est votre religion, si vous en avez une?",7449514:cps_religion,"Those who belong to no religion are none; Jewish, Muslim and other non-Christian religions are other. Agnostic counts as none; the Orthodox churches, Jehovah's Witnesses and Mormons are other Christian; the other Christian denominations listed are Protestant.","Les personnes sans appartenance religieuse sont aucune ; les religions juive, musulmane et les autres religions non chrétiennes sont autre. L'agnosticisme compte comme aucune ; les Églises orthodoxes, les Témoins de Jéhovah et les mormons sont autre chrétienne ; les autres dénominations chrétiennes de la liste sont protestantes.","Every code of cps_religion in the dictionary has an outcome (V-R9). Dictionary counts, all rows of file 7449513: 1, 2 = none (656); 10 = catholic (705); 8, 9, 13, 15, 16, 17, 18, 19, 20, 21 = protestant (55); 11, 12, 14 = other_christian (21); 3, 4, 5, 6, 7, 22 = other (82).","automated double review against original files and documents, 2026-10-01 (codes/data + wording; adjudicated where they disagreed); not a human review",2026-10-01,"automated double review against original files and documents, 2026-10-01; not a human review",stable,4.4.0
qes2018,post,religion,map,q67,rx_religion_qes2018_q67,,,q66,2;9,2=none;9=refused,FALSE,Which religion do you belong to?,À quelle religion appartenez-vous?,361049:Q67;361050:Q67,"Those who belong to no religion are none; Jewish, Muslim and other non-Christian religions are other.","Les personnes sans appartenance religieuse sont aucune ; les religions juive, musulmane et les autres religions non chrétiennes sont autre.","Every code of q67 in the dictionary has an outcome (V-R9). Dictionary counts, all rows of file 425914: 1 = catholic (941); 2 = protestant (108); 3 = other_christian (59); 4, 5, 96 = other (115); 99 = NA:refused (22).","automated double review against original files and documents, 2026-10-01 (codes/data + wording; adjudicated where they disagreed); not a human review",2026-10-01,"automated double review against original files and documents, 2026-10-01; not a human review",stable,4.4.0
qes2014,post,religion,map,Q63,rx_religion_qes2014_q63,,,Q62,2;9,2=none;9=refused,FALSE,Which religion do you belong to?,À quelle religion appartenez-vous?,352010:Q63;352009:Q63,"Those who belong to no religion are none; Jewish, Muslim and other non-Christian religions are other.","Les personnes sans appartenance religieuse sont aucune ; les religions juive, musulmane et les autres religions non chrétiennes sont autre.","Every code of Q63 in the dictionary has an outcome (V-R9). Dictionary counts, all rows of file 425916: 1 = catholic (492); 2 = protestant (48); 3 = other_christian (29); 4, 5, 6 = other (50); 9 = NA:refused (9).","automated double review against original files and documents, 2026-10-01 (codes/data + wording; adjudicated where they disagreed); not a human review",2026-10-01,"automated double review against original files and documents, 2026-10-01; not a human review",stable,4.4.0
qes2012,post,religion,map,q103,rx_religion_qes2012_q103,,,q102,2;3,2=none;3=refused,FALSE,Which religion?,Quelle religion?,196367:Q103;196370:Q103,"Those who belong to no religion are none; Jewish, Muslim and other non-Christian religions are other.","Les personnes sans appartenance religieuse sont aucune ; les religions juive, musulmane et les autres religions non chrétiennes sont autre.","Every code of q103 in the dictionary has an outcome (V-R9). Dictionary counts, all rows of file 425918: 1 = catholic (519); 2 = protestant (38); 3 = other_christian (28); 4, 5, 6 = other (42); 9 = NA:refused (4).","automated double review against original files and documents, 2026-10-01 (codes/data + wording; adjudicated where they disagreed); not a human review",2026-10-01,"automated double review against original files and documents, 2026-10-01; not a human review",stable,4.4.0
qes2022,pes,marital,map,pes_married,rx_marital_qes2022_pes_married,,-99=no_answer,,,,FALSE,"Are you presently married, living with a partner, divorced, separated, widowed, or have you never been married?","Êtes-vous présentement marié(e), vivant avec un(e) conjoint(e), divorcé(e), séparé(e), veuf (veuve), ou n'avez-vous jamais été marié(e)?",7449514:pes_married,Asked after the election: the respondents of the campaign wave only are missing (not in this wave).,Posée après l'élection : les répondants de la seule vague de campagne sont manquants (absents de cette vague).,"Every code of pes_married in the dictionary has an outcome (V-R9). Dictionary counts, all rows of file 7449513: 1, 2 = married (767); 3, 4 = separated_divorced (126); 5 = widowed (23); 6 = never_married (304).","automated double review against original files and documents, 2026-10-01 (codes/data + wording; adjudicated where they disagreed); not a human review",2026-10-01,"automated double review against original files and documents, 2026-10-01; not a human review",stable,4.4.0
qes2018,post,marital,map,qstat,rx_marital_qes2018_qstat,,,,,,FALSE,What is your official civil status?,Quel est votre statut civil officiel?,361049:QSTAT;361050:QSTAT,Married or in a civil union (1) and common-law partner (6) are married.,Marié(e) ou en union civile (1) et conjoint(e) de fait (6) sont marié(e).,"Every code of qstat in the dictionary has an outcome (V-R9). Dictionary counts, all rows of file 425914: 1, 6 = married (1614); 2, 4 = separated_divorced (265); 5 = widowed (127); 3 = never_married (1037); 98 = NA:refused (29).","automated double review against original files and documents, 2026-10-01 (codes/data + wording; adjudicated where they disagreed); not a human review",2026-10-01,"automated double review against original files and documents, 2026-10-01; not a human review",stable,4.4.0
qes2014,post,marital,map,Q68,rx_marital_qes2014_q68,,,,,,FALSE,Which of these applies to you at present?,Quel est votre statut civil officiel?,352010:Q68;352009:Q68,"OD-R7: the question asks the official civil status and lists no common-law option. Civil union (6) is married. Code 6 holds 309 of the 1,501 substantive answers, far more than the share of formal civil unions in Quebec, so most respondents living common-law probably chose it; any who answered single instead are never married.","OD-R7 : la question demande l'état civil officiel et n'offre pas l'union de fait. L'union civile (6) est marié(e). Le code 6 regroupe 309 des 1 501 réponses valides, bien plus que la part des unions civiles au Québec : la plupart des conjoints de fait l'ont probablement choisie ; ceux qui ont répondu célibataire sont jamais marié(e)s.","Every code of Q68 in the dictionary has an outcome (V-R9). Dictionary counts, all rows of file 425916: 1, 6 = married (841); 2, 4 = separated_divorced (146); 5 = widowed (45); 3 = never_married (469); 9 = NA:refused (16).","automated double review against original files and documents, 2026-10-01 (codes/data + wording; adjudicated where they disagreed); not a human review",2026-10-01,"automated double review against original files and documents, 2026-10-01; not a human review",stable,4.4.0
qes2012,post,marital,map,q109,rx_marital_qes2012_q109,,,,,,FALSE,Which of these applies to you at present?,Quel est votre statut civil officiel?,196367:Q109;196370:Q109,"OD-R7: the question asks the official civil status, with no common-law option; civil partnership (6) is married. Partners who live together could answer Single or civil partnership: 360 respondents (24%) chose civil partnership, far more than the legal civil unions in Quebec, so common-law partners are split between married and never married.","OD-R7 : la question demande l'état civil officiel, sans union de fait ; l'union civile (6) est marié(e). Les conjoints de fait pouvaient répondre célibataire ou union civile : 360 répondants (24 %) ont choisi l'union civile, bien plus que les unions civiles légales au Québec, si bien que les conjoints de fait se répartissent entre marié(e) et jamais marié(e).","Every code of q109 in the dictionary has an outcome (V-R9). Dictionary counts, all rows of file 425918: 1, 6 = married (805); 2, 4 = separated_divorced (115); 5 = widowed (32); 3 = never_married (537); 9 = NA:refused (16).","automated double review against original files and documents, 2026-10-01 (codes/data + wording; adjudicated where they disagreed); not a human review",2026-10-01,"automated double review against original files and documents, 2026-10-01; not a human review",stable,4.4.0
qes2022,pes,employment,map,pes_employed,rx_employment_qes2022_pes_employed,,-99=no_answer,,,,FALSE,What is your employment status? Are you currently…,Quel est votre statut d'emploi actuel?,7449514:pes_employed,"OD-R9: a respondent who gave two statuses (student and working, retired and working, at home and working) takes the one that is not work; two jobs is working; at home, disabled and other statuses are other. Asked after the election: the respondents of the campaign wave only are missing (not in this wave).","OD-R9 : une personne qui a donné deux situations (étudiante et salariée, retraitée et salariée, au foyer et salariée) prend celle qui n'est pas l'emploi ; deux emplois est en emploi ; au foyer, handicapé et autres situations sont autre. Posée après l'élection : les répondants de la seule vague de campagne sont manquants (absents de cette vague).","Every code of pes_employed in the dictionary has an outcome (V-R9). Dictionary counts, all rows of file 7449513: 1, 2, 3 = working (681); 5 = unemployed (24); 4, 11 = retired (393); 6, 9 = student (57); 7, 8, 10, 12 = other (65).","automated double review against original files and documents, 2026-10-01 (codes/data + wording; adjudicated where they disagreed); not a human review",2026-10-01,"automated double review against original files and documents, 2026-10-01; not a human review",stable,4.4.0
qes2018,post,employment,map,qoccup,rx_employment_qes2018_qoccup,,,,,,FALSE,Which of the following best describes your occupation?,Quelle description ci-dessous correspond le mieux à votre occupation?,361049:QOCCUP;361050:QOCCUP,"OD-R9: a respondent who gave two statuses (student and working, retired and working, at home and working) takes the one that is not work; two jobs is working; at home, disabled and other statuses are other.","OD-R9 : une personne qui a donné deux situations (étudiante et salariée, retraitée et salariée, au foyer et salariée) prend celle qui n'est pas l'emploi ; deux emplois est en emploi ; au foyer, handicapé et autres situations sont autre.","Every code of qoccup in the dictionary has an outcome (V-R9). Dictionary counts, all rows of file 425914: 1, 2, 8 = working (1272); 4 = unemployed (66); 3, 11 = retired (1033); 5, 9 = student (537); 6, 7, 10, 96 = other (149); 99 = NA:refused (15).","automated double review against original files and documents, 2026-10-01 (codes/data + wording; adjudicated where they disagreed); not a human review",2026-10-01,"automated double review against original files and documents, 2026-10-01; not a human review",stable,4.4.0
qes2014,post,employment,map,Q58,rx_employment_qes2014_q58,,,,,,FALSE,"Are you currently self-employed, working for pay, retired, unemployed or looking for work, a student, caring for a family, or something else?","Travaillez-vous actuellement à votre compte, êtes-vous salarié(e), avez-vous pris votre retraite, êtes-vous au chômage ou cherchez-vous du travail, êtes-vous étudiant(e), ménager(ère), ou quelque chose d’autre?",352010:Q58;352009:Q58,"OD-R9: a respondent who gave two statuses (student and working, retired and working, at home and working) takes the one that is not work; two jobs is working; at home, disabled and other statuses are other.","OD-R9 : une personne qui a donné deux situations (étudiante et salariée, retraitée et salariée, au foyer et salariée) prend celle qui n'est pas l'emploi ; deux emplois est en emploi ; au foyer, handicapé et autres situations sont autre.","Every code of Q58 in the dictionary has an outcome (V-R9). Dictionary counts, all rows of file 425916: 1, 2, 8 = working (831); 4 = unemployed (48); 3, 11 = retired (354); 5, 9 = student (163); 6, 7, 10, 96 = other (98); 99 = NA:refused (23).","automated double review against original files and documents, 2026-10-01 (codes/data + wording; adjudicated where they disagreed); not a human review",2026-10-01,"automated double review against original files and documents, 2026-10-01; not a human review",stable,4.4.0
qes2012,post,employment,map,occup,rx_employment_qes2012_occup,,,,,,FALSE,"Are you currently self-employed, working for pay, retired, unemployed or looking for work, a student, caring for a family, or something else?","Travaillez-vous actuellement à votre compte, êtes-vous salarié(e), avez-vous pris votre retraite, êtes-vous au chômage ou cherchez-vous du travail, êtes-vous étudiant(e), ménager(ère), ou quelque chose d’autre?",196367:Q101;196370:Q101,"OD-R9: a respondent who gave two statuses (student and working, retired and working, at home and working) takes the one that is not work; two jobs is working; at home, disabled and other statuses are other.","OD-R9 : une personne qui a donné deux situations (étudiante et salariée, retraitée et salariée, au foyer et salariée) prend celle qui n'est pas l'emploi ; deux emplois est en emploi ; au foyer, handicapé et autres situations sont autre.","Every code of occup in the dictionary has an outcome (V-R9). Dictionary counts, all rows of file 425918: 1, 2, 8 = working (910); 4 = unemployed (63); 3, 11 = retired (227); 5, 9 = student (195); 6, 7, 10, 96 = other (93); 99 = NA:refused (17).","automated double review against original files and documents, 2026-10-01 (codes/data + wording; adjudicated where they disagreed); not a human review",2026-10-01,"automated double review against original files and documents, 2026-10-01; not a human review",stable,4.4.0
qes2018_panel,pre,employment,map,d4,rx_employment_qes2018_panel_d4,,,,,,FALSE,,d4. Laquelle des descriptions suivantes correspond le mieux à votre situation d’emploi actuelle ?,333052:d4,"Full time, part time and self-employed are working; outside the labour market (at home) and other are other. The item was asked of the 850 web respondents only: the file codes all 400 telephone respondents (method 1-2) as 9 (don't know), so 400 of the 406 missing values are not asked, not real don't-know answers (6 web respondents chose 9).","Temps plein, temps partiel et autonome sont en emploi ; à l'extérieur du marché du travail (au foyer) et autre sont autre. La question n'a été posée qu'aux 850 répondants web : le fichier code 9 (ne sait pas) pour les 400 répondants téléphoniques (method 1-2), si bien que 400 des 406 valeurs manquantes sont des questions non posées et non de vrais « ne sait pas » (6 répondants web ont choisi 9).","Every code of d4 in the dictionary has an outcome (V-R9). Dictionary counts, all rows of file 333052: 1, 2, 3 = working (479); 4 = unemployed (23); 6 = retired (247); 5 = student (30); 7, 8 = other (65); 9 = NA:dk_refused (406: method 1 = 210, method 2 = 190, method 3 = 6; the telephone rows were not asked).","automated double review against original files and documents, 2026-10-01 (codes/data + wording; adjudicated where they disagreed); not a human review",2026-10-01,"automated double review against original files and documents, 2026-10-01; not a human review",stable,4.4.0
qes2007_panel,*,employment,map,occup,rx_employment_qes2007_panel_occup,,,,,,FALSE,,30. occupation principale,352415:occup,Full time and part time are working; at home full time is other.,Temps plein et temps partiel sont en emploi ; à la maison à temps plein est autre.,"Every code of occup in the dictionary has an outcome (V-R9). Dictionary counts, all rows of file 352415: 1, 2 = working (1505); 3 = unemployed (59); 5 = retired (593); 6 = student (131); 4 = other (150); 9 = NA:refused (3).","automated double review against original files and documents, 2026-10-01 (codes/data + wording; adjudicated where they disagreed); not a human review",2026-10-01,"automated double review against original files and documents, 2026-10-01; not a human review",stable,4.4.0
qes2007,post,employment,map,q79,rx_employment_qes2007_q79,,,,,,FALSE,"Are you currently self employed, working for pay, retired, unemployed or looking for work, a student, caring for a family, or something else? Interviewer: if R gives 2 answers, ask for the category that describes them best, do NOT use other unless no other option.","Travaillez-vous actuellement à votre compte, êtes-vous salarié, avez-vous pris votre retraite, êtes-vous au chômage ou cherchez-vous du travail, êtes-vous étudiant, ménagère ou quelque chose d'autre ? Si la personne interrogée donne 2 réponses, demandez le code qui la décrit le mieux, N'utilisez PAS "" autre "" à moins que vous n'ayez pas de choix.",192423:Q79;192422:Q79,"OD-R9: a respondent who gave two statuses (student and working, retired and working, at home and working) takes the one that is not work; two jobs is working; at home, disabled and other statuses are other.","OD-R9 : une personne qui a donné deux situations (étudiante et salariée, retraitée et salariée, au foyer et salariée) prend celle qui n'est pas l'emploi ; deux emplois est en emploi ; au foyer, handicapé et autres situations sont autre.","Every code of q79 in the dictionary has an outcome (V-R9). Dictionary counts, all rows of file 425921: 1, 2, 8 = working (1249); 4 = unemployed (71); 3, 11 = retired (557); 5, 9 = student (157); 6, 7, 10, 96 = other (123); 99 = NA:refused (18).","automated double review against original files and documents, 2026-10-01 (codes/data + wording; adjudicated where they disagreed); not a human review",2026-10-01,"automated double review against original files and documents, 2026-10-01; not a human review",stable,4.4.0
qes2008,post,employment,map,q79,rx_employment_qes2008_q79,,,,,,FALSE,,"Travaillez-vous actuellement à votre compte, êtes-vous salarié, avez-vous pris votre retraite, êtes-vous au chômage ou cherchez-vous du travail, êtes-vous étudiant, ménagère ou quelque chose d'autre ?",196358:Q79,"One status per respondent (the 2008 questionnaire has no two-status codes): self-employed and working for pay are working; at home, disabled and other (specify) are other.","Une seule situation par personne (le questionnaire de 2008 n'a pas de codes de double situation) : à son compte et salarié sont en emploi ; au foyer, handicapé et autre (préciser) sont autre.","Every code of q79 in the dictionary has an outcome (V-R9). Dictionary counts, all rows of file 425919: 1, 2 = working (685); 4 = unemployed (38); 3 = retired (290); 5 = student (71); 6, 7, 96 = other (55); 99 = NA:refused (12).","automated double review against original files and documents, 2026-10-01 (codes/data + wording; adjudicated where they disagreed); not a human review",2026-10-01,"automated double review against original files and documents, 2026-10-01; not a human review",stable,4.4.0
qes1998,pre,employment,map,occup,rx_employment_qes1998_occup,,,,,,FALSE,,occupation,329987:occup,"OD-R2: the pooled file has full time, part time and not working; not working joins the unemployed, the retired, students and those at home, so the study is left out.","OD-R2 : le fichier regroupé a temps plein, temps partiel et ne travaille pas ; ne travaille pas réunit chômeurs, retraités, étudiants et personnes au foyer, si bien que l'étude est laissée de côté.","Every code of occup in the dictionary has an outcome (V-R9). Dictionary counts, all rows of file 329987: 1, 2, 3 = NA:not_mappable (1404).","automated double review against original files and documents, 2026-10-01 (codes/data + wording; adjudicated where they disagreed); not a human review",2026-10-01,"automated double review against original files and documents, 2026-10-01; not a human review",stable,4.4.0
qes_crop_2007_2010,*,employment,map,Occup,rx_employment_qes_crop_2007_2010_occup,,,,,,FALSE,,Laquelle des activités suivantes correspond le mieux à,329990:Occup,Full time and part time are working; at home full time is other.,Temps plein et temps partiel sont en emploi ; à la maison à temps plein est autre.,"Every code of Occup in the dictionary has an outcome (V-R9). Dictionary counts, all rows of file 329990: 1, 2 = working (14836); 3 = unemployed (702); 5 = retired (5795); 6 = student (1160); 4 = other (1475); 9 = NA:refused (59).","automated double review against original files and documents, 2026-10-01 (codes/data + wording; adjudicated where they disagreed); not a human review",2026-10-01,"automated double review against original files and documents, 2026-10-01; not a human review",stable,4.4.0
qes2007_panel,*,region,map,reg2,rx_region_qes2007_panel_reg2,,,,,,FALSE,,Sous-région,352415:reg2,"Sub-regions: the five parts of the Montreal CMA (in Lanaudière, Laurentides, Laval, Montérégie and Montréal) are the Montreal CMA, and the parts of the Quebec CMA in Capitale-Nationale and Chaudière-Appalaches are the Quebec CMA.","Sous-régions : les cinq parties de la RMR de Montréal (dans Lanaudière, les Laurentides, Laval, la Montérégie et Montréal) sont la RMR de Montréal, et les parties de la RMR de Québec dans la Capitale-Nationale et Chaudière-Appalaches sont la RMR de Québec.","Every code of reg2 in the dictionary has an outcome (V-R9). Dictionary counts, all rows of file 352415: 12, 13, 14, 15, 16 = mtl_cma (1251); 4, 20 = quebec_cma (213); 1, 2, 3, 5, 6, 7, 8, 9, 10, 11, 17, 18, 19, 21, 22 = rest (978).","automated double review against original files and documents, 2026-10-01 (codes/data + wording; adjudicated where they disagreed); not a human review",2026-10-01,"automated double review against original files and documents, 2026-10-01; not a human review",stable,4.4.0
qes2018,post,region_admin,map,q0qc,rx_region_admin_qes2018_q0qc,,,,,,FALSE,,Dans quelle région du Québec demeurez-vous ?,367181:Q0QC;425914:q0qc,,,"Every code of q0qc in the dictionary has an outcome (V-R9). Dictionary counts, all rows of file 425914: 1 = bas_saint_laurent (88); 2 = saguenay_lac_saint_jean (112); 3 = capitale_nationale (288); 4 = mauricie (108); 5 = estrie (162); 6 = montreal (846); 7 = outaouais (143); 8 = abitibi_temiscamingue (47); 9 = cote_nord (33); 10 = nord_du_quebec (5); 11 = gaspesie_iles (25); 12 = chaudiere_appalaches (149); 13 = laval (138); 14 = lanaudiere (162); 15 = laurentides (200); 16 = monteregie (472); 17 = centre_du_quebec (94).","automated double review against original files and documents, 2026-10-01 (codes/data + wording; adjudicated where they disagreed); not a human review",2026-10-01,"automated double review against original files and documents, 2026-10-01; not a human review",stable,4.4.0
qes2014,post,region_admin,map,QREGION,rx_region_admin_qes2014_qregion,,,,,,FALSE,In what region in Quebec do you live?,Dans quelle région du Québec habitez-vous?,352010:QREGION;352009:QREGION,,,"Every code of QREGION in the dictionary has an outcome (V-R9). Dictionary counts, all rows of file 425916: 1 = bas_saint_laurent (33); 2 = saguenay_lac_saint_jean (46); 3 = capitale_nationale (123); 4 = mauricie (58); 5 = estrie (74); 6 = montreal (473); 7 = outaouais (58); 8 = abitibi_temiscamingue (25); 9 = cote_nord (19); 10 = nord_du_quebec (1); 11 = gaspesie_iles (12); 12 = chaudiere_appalaches (82); 13 = laval (79); 14 = lanaudiere (76); 15 = laurentides (68); 16 = monteregie (238); 17 = centre_du_quebec (52).","automated double review against original files and documents, 2026-10-01 (codes/data + wording; adjudicated where they disagreed); not a human review",2026-10-01,"automated double review against original files and documents, 2026-10-01; not a human review",stable,4.4.0
qes2012,post,region_admin,map,q0qc,rx_region_admin_qes2012_q0qc,,,,,,FALSE,In what region in Quebec do you live?,Dans quelle région du Québec habitez-vous?,425918:q0qc;196367:Q110;196370:Q110,,,"Every code of q0qc in the dictionary has an outcome (V-R9). Dictionary counts, all rows of file 425918: 1 = bas_saint_laurent (35); 2 = saguenay_lac_saint_jean (61); 3 = capitale_nationale (123); 4 = mauricie (48); 5 = estrie (62); 6 = montreal (407); 7 = outaouais (54); 8 = abitibi_temiscamingue (30); 9 = cote_nord (21); 10 = nord_du_quebec (4); 11 = gaspesie_iles (19); 12 = chaudiere_appalaches (93); 13 = laval (72); 14 = lanaudiere (91); 15 = laurentides (76); 16 = monteregie (258); 17 = centre_du_quebec (51).","automated double review against original files and documents, 2026-10-01 (codes/data + wording; adjudicated where they disagreed); not a human review",2026-10-01,"automated double review against original files and documents, 2026-10-01; not a human review",stable,4.4.0
qes2007_panel,*,region_admin,map,reg2,rx_region_admin_qes2007_panel_reg2,,,,,,FALSE,,Sous-région,352415:reg2,Sub-regions that split a region (its part in a CMA and the rest) are joined.,Les sous-régions qui divisent une région (sa partie dans une RMR et le reste) sont réunies.,"Every code of reg2 in the dictionary has an outcome (V-R9). Dictionary counts, all rows of file 352415: 2 = bas_saint_laurent (61); 21 = saguenay_lac_saint_jean (95); 19, 20 = capitale_nationale (196); 10 = mauricie (71); 6 = estrie (109); 16 = montreal (670); 18 = outaouais (93); 1 = abitibi_temiscamingue (46); 5 = cote_nord (15); 17 = nord_du_quebec (5); 7 = gaspesie_iles (33); 3, 4 = chaudiere_appalaches (136); 14 = laval (103); 8, 12 = lanaudiere (148); 9, 13 = laurentides (182); 11, 15 = monteregie (415); 22 = centre_du_quebec (64).","automated double review against original files and documents, 2026-10-01 (codes/data + wording; adjudicated where they disagreed); not a human review",2026-10-01,"automated double review against original files and documents, 2026-10-01; not a human review",stable,4.4.0
qes2007,post,region_admin,map,nomx,rx_region_admin_qes2007_nomx,,,,,,FALSE,,NOM. REGIONS ADMINISTRATIVES DU QUÉBEC: 21 SOUS-GROUPES,425921:nomx,Sub-regions that split a region (its part in a CMA and the rest) are joined; Nord-du-Québec has no code.,Les sous-régions qui divisent une région (sa partie dans une RMR et le reste) sont réunies ; le Nord-du-Québec n'a pas de code.,"Every code of nomx in the dictionary has an outcome (V-R9). Dictionary counts, all rows of file 425921: 1 = bas_saint_laurent (35); 2 = saguenay_lac_saint_jean (71); 3, 33 = capitale_nationale (522); 4 = mauricie (77); 5 = estrie (78); 6 = montreal (419); 7 = outaouais (55); 8 = abitibi_temiscamingue (27); 9 = cote_nord (21); 11 = gaspesie_iles (26); 12, 32 = chaudiere_appalaches (142); 13 = laval (88); 14, 24 = lanaudiere (107); 15, 25 = laurentides (99); 16, 26 = monteregie (359); 17 = centre_du_quebec (49).","automated double review against original files and documents, 2026-10-01 (codes/data + wording; adjudicated where they disagreed); not a human review",2026-10-01,"automated double review against original files and documents, 2026-10-01; not a human review",stable,4.4.0
qes2007_panel,pre,vote_prev,map,voteprec,rx_vote_prev_qes2007_panel_voteprec,,,,,,FALSE,,15a. Pour quel parti avez-vous voté aux dernières élections provinciales d'avril 2003? LIRE,352415:voteprec,"The election of April 2003 (QC2003); asked in the second pre-election poll only, so the other respondents are system missing.","L'élection d'avril 2003 (QC2003) ; posée au deuxième sondage préélectoral seulement, si bien que les autres répondants sont des valeurs manquantes système.","Every code of voteprec in the dictionary has an outcome (V-R9). Dictionary counts, all rows of file 352415: 1 = ADQ (86); 2 = PLQ (331); 3 = PQ (360); 4 = other (37); 6 = NA:not_voted (132); 8 = NA:dk (71); 9 = NA:refused (34).","automated double review against original files and documents, 2026-10-01 (codes/data + wording; adjudicated where they disagreed); not a human review",2026-10-01,"automated double review against original files and documents, 2026-10-01; not a human review",stable,4.4.0
qes1998,pre,vote_prev,map,vote94,rx_vote_prev_qes1998_vote94,,,,,,FALSE,,Vote en 1994,329987:vote94,"The election of 1994 (QC1994). The pooled file names only the PLQ and the PQ; the unlabelled code 9 holds the other parties (the ADQ among them) and unknown answers, so 1994 ADQ voters are missing.","L'élection de 1994 (QC1994). Le fichier regroupé ne nomme que le PLQ et le PQ ; le code 9, sans étiquette, réunit les autres partis (dont l'ADQ) et des réponses inconnues, si bien que les électeurs de l'ADQ en 1994 sont manquants.","Every code of vote94 in the dictionary has an outcome (V-R9). Dictionary counts, all rows of file 329987: 1 = PLQ (270); 2 = PQ (479); 3 = NA:not_voted (152); 4 = NA:dk_refused (0); 9 = NA:not_mappable (242).","automated double review against original files and documents, 2026-10-01 (codes/data + wording; adjudicated where they disagreed); not a human review",2026-10-01,"automated double review against original files and documents, 2026-10-01; not a human review",stable,4.4.0
qes_crop_2007_2010,*,vote_prev,map,QP4,rx_vote_prev_qes_crop_2007_2010_qp4,,,,,,FALSE,,Pour quel parti avez-vous voté aux dernières élections (Original),329990:QP4,"The last Quebec election before each poll: QC2007 for the polls of June 2007 to November 2008, QC2008 from January 2009. The original question (QP4); code 7 joins not voted and spoiled.","La dernière élection québécoise avant chaque sondage : QC2007 pour les sondages de juin 2007 à novembre 2008, QC2008 à partir de janvier 2009. La question originale (QP4) ; le code 7 réunit n'a pas voté et a annulé.","Every code of QP4 in the dictionary has an outcome (V-R9). Dictionary counts, all rows of file 329990: 1 = ADQ (4150); 2 = PLQ (6190); 3 = PQ (6354); 4 = QS (816); 5 = PVQ (849); 6 = other (40); 7 = NA:not_voted (3312); 9 = NA:dk_refused (2316).","automated double review against original files and documents, 2026-10-01 (codes/data + wording; adjudicated where they disagreed); not a human review",2026-10-01,"automated double review against original files and documents, 2026-10-01; not a human review",stable,4.4.0
qes_crop_2007_2010,*,sovereignty,coalesce,intvoterefa,rx_sovereignty_qes_crop_2007_2010_intvoterefa,then=intvoterefb:rx_sovereignty_qes_crop_2007_2010_intvoterefb;fallthrough=dk,,,,,FALSE,,Si un référendum avait lieu aujourd'hui vous demandant,329990:intvoterefa,"OD-R8: the referendum question of the CROP polls. Its label is cut off in the file and the deposited codebook gives no more. CROP's reports give the wording for 19 of the 24 polls: whether Quebec should become a sovereign country (« devienne un pays souverain »). It is not documented for the other five; in April 2009 CROP asked both a sovereign-country and a sovereignty-partnership question, and for May 2009 the press does not say which one gave the published result. For those who did not know, the push (intvoterefb) is used. The push was also asked of those who would not vote or refused, whose first answer is kept. Would not vote is missing.","OD-R8 : la question référendaire des sondages CROP. Le fichier tronque son étiquette et le livre de codes déposé n'en dit pas plus. Les rapports de CROP donnent le libellé pour 19 des 24 sondages : un Québec qui « devienne un pays souverain ». Il n'est pas documenté pour les cinq autres ; en avril 2009, CROP a posé une question sur le pays souverain et une autre sur la souveraineté-partenariat, et pour mai 2009 la presse ne dit pas laquelle a donné le résultat publié. Pour ceux qui ne savaient pas, la relance (intvoterefb) est utilisée. Elle a aussi été posée à ceux qui ne voteraient pas ou refusaient, dont la première réponse est gardée. Ne voterait pas est manquant.","Rule coalesce on intvoterefa, intvoterefb (file 329990); checked on the pinned file by data-raw/build_relaxed.R --expected, counts in expected/relaxed_marginals.csv.","automated double review against original files and documents, 2026-10-01 (codes/data + wording; adjudicated where they disagreed); not a human review",2026-10-01,"automated double review against original files and documents, 2026-10-01; not a human review",stable,4.4.0
qes_crop_2007_2010,*,sovereignty_type,constant,intvoterefa,,value=crop_undocumented,,,,,FALSE,,Si un référendum avait lieu aujourd'hui vous demandant,329990:intvoterefa,OD-R8: every CROP poll respondent; sovereignty says whether they answered.,OD-R8 : chaque répondant des sondages CROP ; sovereignty dit s'il a répondu.,"Rule constant on intvoterefa (file 329990); checked on the pinned file by data-raw/build_relaxed.R --expected, counts in expected/relaxed_marginals.csv.","automated double review against original files and documents, 2026-10-01 (codes/data + wording; adjudicated where they disagreed); not a human review",2026-10-01,"automated double review against original files and documents, 2026-10-01; not a human review",stable,4.4.0
qes1998,pre,gov_satisfaction,map,satisf,rx_gov_satisfaction_qes1998_satisf,,,,,,FALSE,,Satisfaction face au gouvernement,329987:satisf,"Satisfaction with the Bouchard (PQ) government, in the pooled file's words: very satisfied, rather satisfied, rather dissatisfied, very dissatisfied; code 9 is unlabelled and read as don't know or refused.","La satisfaction envers le gouvernement Bouchard (PQ), dans les mots du fichier regroupé : très satisfait, plutôt satisfait, plutôt insatisfait, très insatisfait ; le code 9, sans étiquette, est lu comme ne sait pas ou refus.","Every code of satisf in the dictionary has an outcome (V-R9). Dictionary counts, all rows of file 329987: 1 = very (134); 2 = fairly (653); 3 = not_very (387); 4 = not_at_all (170); 9 = NA:dk_refused (60).","automated double review against original files and documents, 2026-10-01 (codes/data + wording; adjudicated where they disagreed); not a human review",2026-10-01,"automated double review against original files and documents, 2026-10-01; not a human review",stable,4.4.0
