target,family,block,type,target_timing,jurisdiction,election_ref_rule,levels_id,valid_min,valid_max,anchor_row,derive_rule,derive_from,allow_constant,label_en,label_fr,description_en,description_fr,sets,status,replaced_by,added_in
vote_prov_recall,vote_prov,vote,categorical,post,QC,study,party_qc,,,qes2012:post:q25,,,FALSE,Provincial vote (recall),Vote provincial (rappel),"Party the respondent reports having voted for in the Quebec general election of the study, asked after that election. Nonvoters, spoiled ballots and respondents not eligible or not registered are missing values with a reason, never a party.","Parti pour lequel la personne dit avoir voté à l'élection générale québécoise de l'étude, question posée après cette élection. Les abstentionnistes, les bulletins annulés et les personnes non admissibles ou non inscrites sont des valeurs manquantes avec un motif, jamais un parti.",core;vote,experimental,,0.1.0
vote_prov_intent,vote_prov,vote,categorical,pre,QC,study,party_qc_intent,,,qes2007_panel:pre:intvote1,,,FALSE,Provincial vote intention,Intention de vote provinciale,"Party the respondent intends to vote for in the coming Quebec general election, asked before it, at the first question, without the push question for the undecided. Would not vote, none or would spoil is an answer (level no_party), not a missing value.","Parti pour lequel la personne compte voter à la prochaine élection générale québécoise, question posée avant cette élection, à la première question, sans la relance des indécis. Ne voterait pas, aucun ou annulerait est une réponse (niveau no_party), pas une valeur manquante.",core;vote,experimental,,0.1.0
vote_prov_intent_push,vote_prov,vote,categorical,pre,QC,study,party_qc_intent,,,qes2007_panel:pre:intvote,,,FALSE,"Provincial vote intention, undecided pushed","Intention de vote provinciale, indécis relancés","Vote intention in which respondents undecided at the first question were asked which party they lean toward (a push question), combined into one variable. A different stimulus from vote_prov_intent: never pooled with it.","Intention de vote où les personnes indécises à la première question ont été relancées sur le parti vers lequel elles penchent, les deux réponses étant combinées. Stimulus différent de vote_prov_intent : jamais regroupé avec elle.",core;vote,experimental,,0.1.0
turnout_prov_recall,turnout_prov,vote,categorical,post,QC,study,yes_no,,,qes2012:post:q21,,,FALSE,Voted in the provincial election (recall),A voté à l'élection provinciale (rappel),"Whether the respondent reports having voted in the Quebec general election of the study, asked after that election. Respondents not eligible or not registered are missing values with a reason.","Si la personne dit avoir voté à l'élection générale québécoise de l'étude, question posée après cette élection. Les personnes non admissibles ou non inscrites sont des valeurs manquantes avec un motif.",core;vote,experimental,,0.1.0
sov_indep,sovereignty,attitudes,categorical,any,QC,none,referendum,,,qes2012:post:q52,,,FALSE,Referendum vote: independent country,Vote référendaire : pays indépendant,How the respondent would vote in a referendum on whether Quebec should become an independent country.,Comment la personne voterait à un référendum demandant si le Québec doit devenir un pays indépendant.,core,experimental,,0.1.0
sov_sovereign_country,sovereignty,attitudes,categorical,any,QC,none,referendum,,,qes2012_panel:pre:intvoteref,,,FALSE,Referendum vote: sovereign country,Vote référendaire : pays souverain,"How the respondent would vote in a referendum on whether Quebec should become a sovereign country. A different stimulus from sov_indep (sovereign, not independent): never pooled with it.",Comment la personne voterait à un référendum demandant si le Québec doit devenir un pays souverain. Stimulus différent de sov_indep (souverain et non indépendant) : jamais regroupé avec elle.,core,experimental,,0.1.0
sov_favour,sovereignty,attitudes,ordinal,any,QC,none,favour4,,,qes2018_panel:post:rts_q7,,,FALSE,Favour Quebec independence (4 points),Appui à l'indépendance du Québec (4 points),"How favourable or opposed the respondent is to Quebec independence, on a four-point scale. Not a referendum vote.","Degré d'appui ou d'opposition de la personne à l'indépendance du Québec, sur une échelle à quatre points. Ce n'est pas un vote référendaire.",core,experimental,,0.1.0
lr_self,left_right,attitudes,numeric,any,,none,,0,10,qes2012:post:q71,,,FALSE,Left-right self-placement (0-10),Autopositionnement gauche-droite (0-10),Where the respondent places their own views on a scale from 0 (left) to 10 (right).,Position que la personne se donne sur une échelle de 0 (gauche) à 10 (droite).,core,experimental,,0.1.0
pid_prov,party_id,party,categorical,any,QC,none,pid_qc,,,qes2012:post:q92,,,FALSE,Provincial party identification,Identification partisane provinciale,The provincial party the respondent usually thinks of themselves as close to; none is an answer.,Parti provincial auquel la personne s'identifie habituellement ; aucun est une réponse.,core,experimental,,0.1.0
interest_4pt,interest,attitudes,ordinal,any,,none,interest4,,,qes2012:post:q67,,,FALSE,Interest in politics (4 points),Intérêt pour la politique (4 points),"How interested the respondent is in politics, on a four-point verbal scale. Never rescaled to or pooled with 0-10 interest items.","Intérêt de la personne pour la politique, sur une échelle verbale à quatre points. Jamais converti en ni regroupé avec les échelles d'intérêt de 0 à 10.",core,experimental,,0.1.0
birth_year,birth,socio,numeric,static,,none,,1900,2010,qes2022:cps:cps_yob,,,FALSE,Year of birth,Année de naissance,Year the respondent was born.,Année de naissance de la personne.,core,experimental,,0.1.0
