map_id,source_code,source_label,source_label_hash,source_label_origin,target_code,na_reason,alias_exception,note
vote_qes2012_q25,1,Quebec Liberal Party,,label_donor,1,,,
vote_qes2012_q25,2,Parti Québécois,,label_donor,2,,,
vote_qes2012_q25,3,Coalition avenir Québec,,label_donor,3,,,
vote_qes2012_q25,4,Québec Solidaire,,label_donor,4,,,
vote_qes2012_q25,5,Parti Vert du Québec,,label_donor,5,,,
vote_qes2012_q25,6,Option Nationale,,label_donor,7,,,
vote_qes2012_q25,96,Another party,,label_donor,90,,,
vote_qes2012_q25,98,I don't know,,label_donor,,dk,,
vote_qes2012_q25,99,I prefer not to answer,,label_donor,,refused,,
turnout_qes2012_q21,1,Yes,,label_donor,1,,,
turnout_qes2012_q21,2,No,,label_donor,2,,,
turnout_qes2012_q21,8,I don't know,,label_donor,,dk,,
turnout_qes2012_q21,9,I prefer not to answer,,label_donor,,refused,,
sov_qes2012_q52,1,Yes,,label_donor,1,,,
sov_qes2012_q52,2,No,,label_donor,2,,,
sov_qes2012_q52,8,I don't know,,label_donor,,dk,,
sov_qes2012_q52,9,I prefer not to answer,,label_donor,,refused,,
interest4_qes2012_q67,1,Very interested,,label_donor,1,,,
interest4_qes2012_q67,2,Quite interested,,label_donor,2,,,
interest4_qes2012_q67,3,Hardly interested,,label_donor,3,,,
interest4_qes2012_q67,4,Not at all interested,,label_donor,4,,,
interest4_qes2012_q67,8,I don't know,,label_donor,,dk,,
interest4_qes2012_q67,9,I prefer not to answer,,label_donor,,refused,,
pid_qes2012_q92,1,Liberal,,label_donor,1,,,
pid_qes2012_q92,2,Péquist,,label_donor,2,,,
pid_qes2012_q92,3,Caquist,,label_donor,3,,,
pid_qes2012_q92,4,Solidaire,,label_donor,4,,,
pid_qes2012_q92,5,Onist,,label_donor,7,,,
pid_qes2012_q92,6,Green,,label_donor,5,,,
pid_qes2012_q92,97,None of these,,label_donor,97,,,
pid_qes2012_q92,98,I don't know,,label_donor,,dk,,
pid_qes2012_q92,99,I prefer not to answer,,label_donor,,refused,,
vote_qes2014_q3,1,Parti libéral du Québec,,file,1,,,
vote_qes2014_q3,2,Parti québécois,,file,2,,,
vote_qes2014_q3,3,Coalition avenir Québec,,file,3,,,
vote_qes2014_q3,4,Québec solidaire,,file,4,,,
vote_qes2014_q3,5,Parti vert du Québec,,file,5,,,
vote_qes2014_q3,6,Option nationale,,file,7,,,
vote_qes2014_q3,96,Un autre parti,,file,90,,,
vote_qes2014_q3,99,Je préfère ne pas répondre,,file,,refused,,
turnout_qes2014_q2,1,Oui,,file,1,,,
turnout_qes2014_q2,2,Non,,file,2,,,
turnout_qes2014_q2,9,Je préfère ne pas répondre,,file,,refused,,
sov_qes2014_q19,1,Oui,,file,1,,,
sov_qes2014_q19,2,Non,,file,2,,,
sov_qes2014_q19,8,Je ne sais pas,,file,,dk,,
sov_qes2014_q19,9,Je préfère ne pas répondre,,file,,refused,,
interest4_qes2014_q28,1,Très intéressé(e),,file,1,,,
interest4_qes2014_q28,2,Plutôt intéressé(e),,file,2,,,
interest4_qes2014_q28,3,Pas très intéressé(e),,file,3,,,
interest4_qes2014_q28,4,Pas du tout intéressé(e),,file,4,,,
interest4_qes2014_q28,8,Je ne sais pas,,file,,dk,,
interest4_qes2014_q28,9,Je préfère ne pas répondre,,file,,refused,,
pid_qes2014_q55,1,Libéral,,file,1,,,
pid_qes2014_q55,2,Péquiste,,file,2,,,
pid_qes2014_q55,3,Caquiste,,file,3,,,
pid_qes2014_q55,4,Solidaire,,file,4,,,
pid_qes2014_q55,5,Oniste,,file,7,,,
pid_qes2014_q55,6,Vert,,file,5,,,
pid_qes2014_q55,97,Rien de cela,,file,97,,,
pid_qes2014_q55,98,Je ne sais pas,,file,,dk,,
pid_qes2014_q55,99,Je préfère ne pas répondre,,file,,refused,,
vote_qes2018_q6,1,Parti libéral du Québec,,supplement,1,,,
vote_qes2018_q6,2,Parti québécois,,supplement,2,,,
vote_qes2018_q6,3,Coalition avenir Québec,,supplement,3,,,
vote_qes2018_q6,4,Québec solidaire,,supplement,4,,,
vote_qes2018_q6,95,J’ai annulé mon vote,,supplement,,spoiled,,"spoiled ballot: a voter, not a nonvoter"
vote_qes2018_q6,96,Un autre parti,,supplement,90,,,
vote_qes2018_q6,99,Je préfère ne pas répondre,,supplement,,refused,,
turnout_qes2018_q5,1,Je n’ai pas voté à l’élection provinciale du 1er octobre,,supplement,2,,,
turnout_qes2018_q5,2,Je voulais voter mais ne suis pas allé voter,,supplement,2,,,wanted to vote but did not
turnout_qes2018_q5,3,Je vote généralement mais ne suis pas allé cette fois-ci,,supplement,2,,,usually votes but did not this time
turnout_qes2018_q5,4,Je suis certain d’avoir voté à cette élection,,supplement,1,,,
turnout_qes2018_q5,5,Je n’étais pas éligible pour voter,,supplement,,ineligible,,
turnout_qes2018_q5,99,Je préfère ne pas répondre,,supplement,,refused,,
sov_qes2018_q26,1,Oui,,supplement,1,,,
sov_qes2018_q26,2,Non,,supplement,2,,,
sov_qes2018_q26,8,Je ne sais pas,,supplement,,dk,,
sov_qes2018_q26,9,Je préfère ne pas répondre,,supplement,,refused,,
interest4_qes2018_q27,1,Très intéressé(e),,supplement,1,,,same code direction as 2012 q67 and 2014 Q28
interest4_qes2018_q27,2,Assez intéressé(e),,supplement,2,,,
interest4_qes2018_q27,3,Peu intéressé(e),,supplement,3,,,
interest4_qes2018_q27,4,Pas du tout intéressé(e),,supplement,4,,,
interest4_qes2018_q27,98,Je ne sais pas,,supplement,,dk,,
interest4_qes2018_q27,99,Je préfère ne pas répondre,,supplement,,refused,,
pid_qes2018_q56,1,Libéral,,supplement,1,,,
pid_qes2018_q56,2,Péquiste,,supplement,2,,,
pid_qes2018_q56,3,Caquiste,,supplement,3,,,
pid_qes2018_q56,4,Solidaire,,supplement,4,,,
pid_qes2018_q56,97,Rien de cela,,supplement,97,,,
pid_qes2018_q56,98,Je ne sais pas,,supplement,,dk,,
pid_qes2018_q56,99,Je préfère ne pas répondre,,supplement,,refused,,
vote_qes2022_pes,1,,efca7c6a0a804cb3314179961a4a7837,file,1,,,
vote_qes2022_pes,2,,83d63ca9d74444b6b703b53b355d8a5f,file,2,,,
vote_qes2022_pes,3,,993ac46dff8fba8b5bfb525f4156fe38,file,3,,,
vote_qes2022_pes,4,,edd9bc3e344810721746df356f171ab5,file,4,,,
vote_qes2022_pes,5,,314d9b284b0395a9d42da30046beefb2,file,90,,,
vote_qes2022_pes,6,,d813198a60dfa5e65282aae72893819e,file,,spoiled,,
vote_qes2022_pes,7,,c13233be77f1eca8b73432d69a5dd291,file,6,,,PCQ is code 5 in cps_votechoice1: never share this map
turnout_qes2022_pes,1,,a6105c0a611b41b08f1209506350279e,file,1,,,
turnout_qes2022_pes,2,,7fa3b767c460b54a2be4d49030b349c7,file,2,,,
turnout_qes2022_pes,3,,a0a666901bcce49588cba3879f536cd1,file,2,,,
turnout_qes2022_pes,4,,3390384f05f08cdd9e133419d401f8f5,file,2,,,
turnout_qes2022_pes,5,,5e1a5fa3e931487e217ec595a56ee320,file,,not_registered,,eligible but not registered (OD12)
turnout_qes2022_pes,6,,02d8ac2c16e199480af3e56590821cd3,file,,dk,,does not remember (OD12)
vote_qes2022_cps,1,,efca7c6a0a804cb3314179961a4a7837,file,1,,,
vote_qes2022_cps,2,,83d63ca9d74444b6b703b53b355d8a5f,file,2,,,
vote_qes2022_cps,3,,993ac46dff8fba8b5bfb525f4156fe38,file,3,,,
vote_qes2022_cps,4,,edd9bc3e344810721746df356f171ab5,file,4,,,
vote_qes2022_cps,5,,c13233be77f1eca8b73432d69a5dd291,file,6,,,PCQ is code 7 in pes_votechoice
vote_qes2022_cps,8,,f056a4e46899b46b5df37c7c285f5fee,file,90,,,
vote_qes2022_cps,9,,c51f4753e9d6b3eb96d0da46f8bb078c,file,,refused,,cps_votelean has 9 = don't know: never share this map
vote_qes2022_cps,10,,53a389b3ee87145e930313f547d4610a,file,,dk,,
sov_qes2022_cps,1,,a6105c0a611b41b08f1209506350279e,file,1,,,
sov_qes2022_cps,2,,7fa3b767c460b54a2be4d49030b349c7,file,2,,,
sov_qes2022_cps,3,,53a389b3ee87145e930313f547d4610a,file,,dk,,
pid_qes2022_cps,1,,17e876b687424b747a51731ddf26d322,file,1,,,
pid_qes2022_cps,2,,76ff6f59c7bb57372191372b14a6983e,file,2,,,
pid_qes2022_cps,3,,2369a8089c0266342d12ad4efeb8519b,file,3,,,
pid_qes2022_cps,4,,47b6768b1d18bfb12a94ed18511ebb50,file,4,,,
pid_qes2022_cps,5,,2ffe0ddf366646865df0135ad5a9b388,file,90,,,
pid_qes2022_cps,6,,f75913de26540c4d4b620314443a8464,file,97,,,
pid_qes2022_cps,7,,ad9db52901623496213fe9d05e587256,file,6,,,
vote_qes2018p_rv1a,1,Le Parti libéral du Québec (PLQ),,file,1,,,
vote_qes2018p_rv1a,2,Le Parti Québécois (PQ),,file,2,,,
vote_qes2018p_rv1a,3,La Coalition Avenir Québec (CAQ),,file,3,,,
vote_qes2018p_rv1a,4,Québec solidaire (QS),,file,4,,,
vote_qes2018p_rv1a,5,Un autre parti,,file,90,,,
vote_qes2018p_rv1a,6,Ne voterais pas/Aucun/Gâterais mon bulletin de vote,,file,95,,,
vote_qes2018p_rv1a,7,Ne sais pas/Pas certain(e),,file,,dk_refused,,
vote_qes2018p_rv1ab,1,Le Parti libéral du Québec (PLQ),,file,1,,,
vote_qes2018p_rv1ab,2,Le Parti Québécois (PQ),,file,2,,,
vote_qes2018p_rv1ab,3,La Coalition Avenir Québec (CAQ),,file,3,,,
vote_qes2018p_rv1ab,4,Québec solidaire (QS),,file,4,,,
vote_qes2018p_rv1ab,5,Un autre parti,,file,90,,,
vote_qes2018p_rv1ab,6,Ne voterais pas/Aucun/Gâterais mon bulletin de vote,,file,95,,,
vote_qes2018p_rv1ab,7,Ne sais pas/Pas certain(e),,file,,dk_refused,,"rv1a 7 still undecided after rv1b, or not asked rv1b (telephone)"
turnout_qes2018p_rtsq1,1,Vous vouliez voter mais vous n’avez pas pu,,file,2,,,
turnout_qes2018p_rtsq1,2,Vous avez décidé de ne pas aller voter,,file,2,,,
turnout_qes2018p_rtsq1,3,Ou vous êtes allé voter?,,file,1,,,
turnout_qes2018p_rtsq1,4,Ne sais pas/Pas certain(e),,file,,dk_refused,,
vote_qes2018p_rtsq2,1,Le Parti Libéral du Québec dirigé par Philippe Couillard,,file,1,,,
vote_qes2018p_rtsq2,2,Le Parti Québécois dirigé par Jean-François Lisée,,file,2,,,
vote_qes2018p_rtsq2,3,La Coalition Avenir Québec dirigée par François Legault,,file,3,,,
vote_qes2018p_rtsq2,4,Québec Solidaire dirigé par Manon Massé et Gabriel Nadeau-Du,,file,4,,,
vote_qes2018p_rtsq2,5,Un autre parti?,,file,90,,,
vote_qes2018p_rtsq2,6,Ou avez-vous annulé votre vote?,,file,,spoiled,,declared user-missing in the file; a voter who spoiled the ballot
vote_qes2018p_rtsq2,7,Ne sais pas/Pas certain(e),,file,,dk_refused,,
sov_qes2018p_rtsq7,1,Très favorable,,file,1,,,
sov_qes2018p_rtsq7,2,Assez favorable,,file,2,,,
sov_qes2018p_rtsq7,3,Assez opposé,,file,3,,,
sov_qes2018p_rtsq7,4,Très opposé,,file,4,,,
sov_qes2018p_rtsq7,5,Ne sais pas/Pas certain(e),,file,,dk_refused,,
vote_qes2007p_intvote1,1,...l'Action Démocratique du Québec,,file,8,,,
vote_qes2007p_intvote1,2,...le Parti Libéral du Québec,,file,1,,,
vote_qes2007p_intvote1,3,...le Parti Québécois,,file,2,,,
vote_qes2007p_intvote1,4,...le Parti Québec Solidaire,,file,4,,,
vote_qes2007p_intvote1,5,...le Parti Vert du Québec,,file,5,,,
vote_qes2007p_intvote1,6,...OU un autre parti? (précisez) :,,file,90,,,
vote_qes2007p_intvote1,7,* annulerait/ne voterait pas/aucun,,file,95,,,volunteered (not read)
vote_qes2007p_intvote1,9,* NSP/Refus,,file,,dk_refused,,volunteered (not read); one code for don't know and refusal
vote_qes2007p_intvote,1,ADQ,,file,8,,,
vote_qes2007p_intvote,2,PLQ,,file,1,,,
vote_qes2007p_intvote,3,PQ,,file,2,,,
vote_qes2007p_intvote,4,QS,,file,4,,,
vote_qes2007p_intvote,5,PV,,file,5,,,
vote_qes2007p_intvote,7,"annule, aucun, nvp",,file,,not_mappable,the producer merged intvote1 code 6 (other party) into this code,49 no-party answers of intvote2 plus the 4 other-party answers of intvote1 (code 6): straddles no_party and other
vote_qes2007p_intvote,9,NSP/refus,,file,,dk_refused,,
vote_qes2007p_vote,0,n'a pas voté,,file,,not_voted,,
vote_qes2007p_vote,1,L'Action Démocratique du Québec/ADQ,,file,8,,,
vote_qes2007p_vote,2,Le Parti libéral du Québec,,file,1,,,
vote_qes2007p_vote,3,Le Parti Québecois,,file,2,,,
vote_qes2007p_vote,4,Québec Solidaire,,file,4,,,
vote_qes2007p_vote,5,Le Parti Vert,,file,5,,,
vote_qes2007p_vote,6,Un autre parti,,file,90,,,declared user-missing (range 6..10) but a real answer
vote_qes2007p_vote,7,A annulé son vote,,file,,spoiled,,
vote_qes2007p_vote,9,Refus,,file,,refused,,
vote_qes2007p_vote,10,non rejoint,,file,,not_in_wave,,not reached in the post wave; outside wave membership (resultat_pst == CO)
sov_qes2012p_intvoteref,1,Oui,,file,1,,,
sov_qes2012p_intvoteref,2,Non,,file,2,,,
sov_qes2012p_intvoteref,97,Je n'irais pas voter/J'annulerais mon vote,,file,95,,,declared user-missing (range 97..99) but a substantive answer
sov_qes2012p_intvoteref,98,Je préfère ne pas répondre,,file,,refused,,"reversed convention: 98 = refused, 99 = don't know"
sov_qes2012p_intvoteref,99,Je ne sais pas,,file,,dk,,
