study,aliases,family,title_deposit,title_en,title_fr,authors,year,year_end,election_id,study_design,default_member,target_population_en,target_population_fr,server,doi,dataset_version,data_file_id,label_file_id,source_lang,licence,licence_url,metadata_shipped,publisher,citation_year,dataset_unf,notes_en,notes_fr
qes2022,,qes,2022 Quebec Election Study,Quebec Election Study 2022,Étude électorale québécoise 2022,"Mahéo, Valérie-Anne;Bélanger, Éric;Stephenson, Laura B;Harell, Allison",2022,2022,QC2022,pre_post,TRUE,Canadian citizens aged 18+ residing in Quebec (online panel),Citoyens canadiens de 18 ans et plus résidant au Québec (panel en ligne),https://dataverse.harvard.edu,10.7910/DVN/PAQBDR,1.1,7449513,,en,CC BY-NC 4.0,http://creativecommons.org/licenses/by-nc/4.0,FALSE,Harvard Dataverse,2023,UNF:6:I/DFDdqJv7wNEoyyRdxaIw==,"Two waves: campaign period (1,521 valid) and post-election recontact (1,220 kept), per the codebook's methodological note. Licensed CC BY-NC 4.0.","Deux vagues : période de campagne (1 521 réponses valides) et recontact postélectoral (1 220 conservées), selon la note méthodologique du livre de codes. Licence CC BY-NC 4.0."
qes2018,,qes,Étude électorale québécoise 2018,Quebec Election Study 2018,Étude électorale québécoise 2018,"Bélanger, Éric;Nadeau, Richard;Mahéo, Valérie-Anne;Daoust, Jean-François",2018,2018,QC2018,post,TRUE,Quebec population aged 16 and over,Population québécoise de 16 ans et plus,https://borealisdata.ca,10.5683/SP3/NWTGWS,1.0,425914,,fr,CC0 1.0,http://creativecommons.org/publicdomain/zero/1.0,TRUE,Borealis,2023,UNF:6:luhys2QSLNTONPOXO4LYpg==,Online post-election survey. Includes 251 respondents aged 16-17 (deposit note).,Sondage postélectoral en ligne. Comprend 251 répondants de 16 ou 17 ans (note du dépôt).
qes2018_panel,,durand_panel,Sondage panel sur l'élection québécoise de 2018,Panel Survey on the 2018 Quebec Election,Sondage panel sur l'élection québécoise de 2018,"Durand, Claire;Blais, André",2018,2018,QC2018,panel,FALSE,Quebec adult population,Population adulte du Québec,https://borealisdata.ca,10.5683/SP3/XDDMMR,1.0,333052,,fr,CC0 1.0,http://creativecommons.org/publicdomain/zero/1.0,TRUE,Borealis,2023,UNF:6:ECsYwSg8SlYcGPle+8FjWw==,"Ipsos panel, two waves, telephone and web (deposit metadata). Not a Quebec Election Study.","Panel Ipsos, deux vagues, téléphone et Web (métadonnées du dépôt). Ne fait pas partie des Études électorales québécoises."
qes2014,,qes,Étude électorale québécoise 2014,Quebec Election Study 2014,Étude électorale québécoise 2014,"Bélanger, Éric;Nadeau, Richard",2014,2014,QC2014,post,TRUE,Quebec adult population,Population adulte du Québec,https://borealisdata.ca,10.5683/SP3/64F7WR,1.0,425916,,fr,CC0 1.0,http://creativecommons.org/publicdomain/zero/1.0,TRUE,Borealis,2023,UNF:6:OoiAJ3ShbycsxmWCefqrjw==,Online post-election survey. The SPSS and Stata files hold the same data; the SPSS file is pinned.,Sondage postélectoral en ligne. Les fichiers SPSS et Stata contiennent les mêmes données ; le fichier SPSS est retenu.
qes2012,,qes,Étude électorale québécoise 2012,Quebec Election Study 2012,Étude électorale québécoise 2012,"Bélanger, Éric;Nadeau, Richard;Henderson, Ailsa;Hepburn, Eve",2012,2012,QC2012,post,TRUE,Quebec adult population,Population adulte du Québec,https://borealisdata.ca,10.5683/SP2/WXUPXT,1.0,425918,425917,en,CC0 1.0,http://creativecommons.org/publicdomain/zero/1.0,TRUE,Borealis,2023,UNF:6:nG192rAWV0IlYSpRg4WBaQ==,"Online post-election survey, run with the Scotland Opinion Survey 2012 (deposit description). The Stata file is read; the SPSS file with the same UNF supplies labels.","Sondage postélectoral en ligne, mené avec le Scotland Opinion Survey 2012 (description du dépôt). Le fichier Stata est lu ; le fichier SPSS de même UNF fournit les étiquettes."
qes2012_panel,,durand_panel,Sondage panel sur l'élection québécoise de 2012,Panel Survey on the 2012 Quebec Election,Sondage panel sur l'élection québécoise de 2012,"Durand, Claire;Goyder, John",2012,2012,QC2012,panel,FALSE,Quebec adult population,Population adulte du Québec,https://borealisdata.ca,10.5683/SP3/RKHPVL,1.0,361043,,fr,CC0 1.0,http://creativecommons.org/publicdomain/zero/1.0,TRUE,Borealis,2023,UNF:6:/ACwE8qVPCB013O9cweCqQ==,"CROP telephone panel, two waves (deposit metadata). The file holds respondents who completed both waves. Not a Quebec Election Study.","Panel téléphonique CROP, deux vagues (métadonnées du dépôt). Le fichier contient les répondants des deux vagues. Ne fait pas partie des Études électorales québécoises."
qes_crop_2007_2010,,crop_polls,Sondages CROP sur les intentions de vote provinciales québécoises 2007-2010,"CROP Polls on Quebec Provincial Vote Intentions, 2007-2010",Sondages CROP sur les intentions de vote provinciales québécoises 2007-2010,"Durand, Claire",2007,2010,,pooled_polls,FALSE,Quebec adult population,Population adulte du Québec,https://borealisdata.ca,10.5683/SP3/IRZ1PF,1.0,329990,,fr,CC0 1.0,http://creativecommons.org/publicdomain/zero/1.0,TRUE,Borealis,2023,UNF:6:Yaloq+G6EVBknLlAk44JoQ==,"Monthly CROP telephone polls pooled in one file, about 1,000 respondents each (deposit metadata). Not a Quebec Election Study.","Sondages téléphoniques mensuels CROP réunis dans un fichier, environ 1 000 répondants chacun (métadonnées du dépôt). Ne fait pas partie des Études électorales québécoises."
qes2008,,qes,Étude électorale québécoise 2008,Quebec Election Study 2008,Étude électorale québécoise 2008,"Bélanger, Éric;Nadeau, Richard",2008,2008,QC2008,post,TRUE,Quebec adult population,Population adulte du Québec,https://borealisdata.ca,10.5683/SP2/8KEYU3,1.0,425919,,fr,CC0 1.0,http://creativecommons.org/publicdomain/zero/1.0,TRUE,Borealis,2023,UNF:6:6wfopjsb0foTuDDWQPDfXg==,Telephone post-election survey (deposit metadata). The SPSS and Stata files differ in UNF; the SPSS file read by qesR 0.4.4 is pinned.,Sondage postélectoral téléphonique (métadonnées du dépôt). Les fichiers SPSS et Stata ont des UNF différents ; le fichier SPSS lu par qesR 0.4.4 est retenu.
qes2007,,qes,Étude électorale québécoise 2007,Quebec Election Study 2007,Étude électorale québécoise 2007,"Bélanger, Éric;Nadeau, Richard;Crête, Jean;Stephenson, Laura;Tanguay, Brian",2007,2007,QC2007,post,TRUE,Quebec adult population,Population adulte du Québec,https://borealisdata.ca,10.5683/SP2/6XGOKA,1.0,425922,,fr,CC0 1.0,http://creativecommons.org/publicdomain/zero/1.0,TRUE,Borealis,2023,UNF:6:fNjQ+LF7dCVuIrjEyQuOyg==,"Post-election survey, telephone and web (deposit metadata). The SPSS and Stata files differ in UNF; the Stata file read by qesR 0.4.4 is pinned.","Sondage postélectoral, téléphone et Web (métadonnées du dépôt). Les fichiers SPSS et Stata ont des UNF différents ; le fichier Stata lu par qesR 0.4.4 est retenu."
qes2007_panel,,durand_panel,Sondage panel sur l'élection québécoise de 2007,Panel Survey on the 2007 Quebec Election,Sondage panel sur l'élection québécoise de 2007,"Durand, Claire;Goyder, John",2007,2007,QC2007,panel,FALSE,Quebec adult population,Population adulte du Québec,https://borealisdata.ca,10.5683/SP3/NDS6VT,1.0,352415,,fr,CC0 1.0,http://creativecommons.org/publicdomain/zero/1.0,TRUE,Borealis,2023,UNF:6:ASjoqrxxkLm0vvSA6lc9Fw==,"CROP telephone panel: two pre-election surveys, then a post-election recontact (deposit metadata). Rows are keyed by project and questionnaire number. Not a Quebec Election Study.","Panel téléphonique CROP : deux sondages préélectoraux, puis un recontact postélectoral (métadonnées du dépôt). Les lignes sont identifiées par le projet et le numéro de questionnaire. Ne fait pas partie des Études électorales québécoises."
qes1998,,polls_1998,Sondages électoraux sur les élections générales québécoises de 1998,1998 Quebec General Election Polls: CROP-CREATEC Panel,Sondages électoraux sur les élections générales québécoises de 1998 : panel CROP-CREATEC,"Durand, Claire",1998,1998,QC1998,panel,FALSE,Francophone adult population of Quebec,Population adulte francophone du Québec,https://borealisdata.ca,10.5683/SP2/QFUAWG,1.0,329987,,fr,CC0 1.0,http://creativecommons.org/publicdomain/zero/1.0,TRUE,Borealis,2023,UNF:6:zeXNn+A0b1j0DtgUq2cYjg==,"The panel file combining the CROP and CREATEC polls (1,483 valid questionnaires), each with a pre- and a post-election wave by telephone. Francophones only: the codebook says it was decided to keep only francophones (« retenir uniquement les francophones »); the exact definition used for the pooled file is pending. Not a Quebec Election Study.","Fichier panel réunissant les sondages CROP et CREATEC (1 483 questionnaires valides), chacun avec une vague préélectorale et une vague postélectorale par téléphone. Francophones seulement : le livre de codes indique qu'il a été décidé de « retenir uniquement les francophones » ; la définition exacte retenue pour le fichier combiné reste à préciser. Ne fait pas partie des Études électorales québécoises."
qes1998_crop,,polls_1998,Sondages électoraux sur les élections générales québécoises de 1998,1998 Quebec General Election Polls: CROP,Sondages électoraux sur les élections générales québécoises de 1998 : CROP,"Durand, Claire",1998,1998,QC1998,panel,FALSE,Quebec adults interviewed in French,Adultes du Québec interviewés en français,https://borealisdata.ca,10.5683/SP2/QFUAWG,1.0,286331,,fr,CC0 1.0,http://creativecommons.org/publicdomain/zero/1.0,TRUE,Borealis,2023,UNF:6:zeXNn+A0b1j0DtgUq2cYjg==,"CROP file: pre-election poll of 450 respondents interviewed in French and its post-election wave, which kept only respondents whose language of use is French (N=426), per the codebook description. Undecided respondents, those who said they would spoil their ballot and those who refused to reveal their vote were oversampled.","Fichier CROP : sondage préélectoral de 450 répondants interviewés en français et sa vague postélectorale, qui ne retient que les personnes dont la langue d'usage est le français (N=426), selon la description du livre de codes. Les indécis, les personnes qui disaient vouloir annuler leur vote et celles qui refusaient de révéler leur vote ont été sur-sélectionnés."
qes1998_createc,,polls_1998,Sondages électoraux sur les élections générales québécoises de 1998,1998 Quebec General Election Polls: CREATEC,Sondages électoraux sur les élections générales québécoises de 1998 : CREATEC,"Durand, Claire",1998,1998,QC1998,panel,FALSE,Quebec adults whose mother tongue is French,Adultes du Québec de langue maternelle française,https://borealisdata.ca,10.5683/SP2/QFUAWG,1.0,316121,,fr,CC0 1.0,http://creativecommons.org/publicdomain/zero/1.0,TRUE,Borealis,2023,UNF:6:zeXNn+A0b1j0DtgUq2cYjg==,"CREATEC file: telephone pre-election poll of 1,057 respondents whose mother tongue is French and its post-election wave; undecided and refusing respondents were oversampled. The deposit recommends the weight ponderc (codebook and file descriptions).",Fichier CREATEC : sondage téléphonique préélectoral de 1 057 répondants de langue maternelle française et sa vague postélectorale ; les indécis et les refus ont été suréchantillonnés. Le dépôt recommande la pondération ponderc (descriptions du livre de codes et du fichier).
