"study","label","missing_type","notes"
"qes_crop_2007_2010","NSP","dk",""
"qes_crop_2007_2010","NSP/refus","dk_refused",""
"qes_crop_2007_2010","NSP/Refus","dk_refused",""
"qes_crop_2007_2010","* refus","refused",""
"qes_crop_2007_2010","refus","refused",""
"qes1998","* NSP","dk",""
"qes1998","Ne sait pas","dk",""
"qes1998","nsp","dk",""
"qes1998","NSP","dk",""
"qes1998","Nsp/Nrp","dk_refused",""
"qes1998","NSP/NRP","dk_refused",""
"qes1998","n'a pas voté","not_voted","declared missing in the file; a known answer (q2post)"
"qes1998","* Refus","refused",""
"qes1998","refus","refused",""
"qes1998","Refus","refused",""
"qes1998","Refus de repondre","refused",""
"qes1998_createc","Ne sait pas","dk",""
"qes1998_createc","NSP","dk",""
"qes1998_createc","NE SAIT PAS / REFUS","dk_refused",""
"qes1998_createc","Nsp/Nrp","dk_refused",""
"qes1998_createc","NSP/NRP","dk_refused",""
"qes1998_createc","PAS DE REPONSE","no_answer",""
"qes1998_createc","* Refus","refused",""
"qes1998_createc","Refus","refused",""
"qes1998_createc","REFUS","refused",""
"qes1998_createc","REFUS / PAS DE REPONSE","refused",""
"qes1998_createc","Refus de repondre","refused",""
"qes1998_createc","REFUS/PAS DE REPONSE","refused",""
"qes1998_crop","* NSP","dk",""
"qes1998_crop","* NSP/pas au courant","dk",""
"qes1998_crop","NSP","dk",""
"qes1998_crop","* nsp/Refus","dk_refused",""
"qes1998_crop","* NSP/Refus","dk_refused",""
"qes1998_crop","* Refus","refused",""
"qes1998_crop","Refus","refused",""
"qes2007","Je ne sais pas / pas d'opinion","dk",""
"qes2007","ne sais pas","dk",""
"qes2007","Ne sais pas","dk",""
"qes2007","Ne sais pas / pas d'opinion","dk",""
"qes2007","Ne sais pas/N'a pas d'opnion sur le sujet","dk",""
"qes2007","Ne sait pas","dk",""
"qes2007","Ne se souvient pas","dk",""
"qes2007","Nsp/Refus","dk_refused",""
"qes2007","Je préfère ne pas répondre","refused",""
"qes2007","refus","refused",""
"qes2007","Refus","refused",""
"qes2007","refuse de répondre","refused",""
"qes2007_panel","* NSP","dk",""
"qes2007_panel","* NSP/ne se souvient pas","dk","declared missing in the file (voteprec)"
"qes2007_panel","nsp","dk",""
"qes2007_panel","NSP","dk",""
"qes2007_panel","* NSP/refus","dk_refused",""
"qes2007_panel","* NSP/Refus","dk_refused",""
"qes2007_panel","nsp-refus","dk_refused",""
"qes2007_panel","NSP/refus","dk_refused",""
"qes2007_panel","NSP/Refus","dk_refused",""
"qes2007_panel","ech suppl.","inapplicable","declared missing in the file: supplementary sample, not asked"
"qes2007_panel","N/A","inapplicable","declared missing in the file (radio station attributes)"
"qes2007_panel","Non disponible","inapplicable","declared missing in the file (radio station attributes)"
"qes2007_panel","non rejoint","not_in_wave","declared missing in the file: not reached in the post-election wave"
"qes2007_panel","pas voté","not_voted","declared missing in the file (voter)"
"qes2007_panel","* refus","refused",""
"qes2007_panel","* Refus","refused",""
"qes2007_panel","refus","refused",""
"qes2007_panel","Refus","refused",""
"qes2007_panel","A annulé son vote","spoiled","declared missing in the file (vote); post-election questionnaire Q3 = 7"
"qes2007_panel","annulé","spoiled","declared missing in the file (voter, voter2)"
"qes2008","Je ne sais pas","dk",""
"qes2008","Je ne sais pas / Je ne sais pas comment l'évaluer","dk",""
"qes2008","Je ne sais pas/N'a pas d'opinion sur le sujet","dk",""
"qes2008","ne connais aucun chef","dk","declared missing in the file: cannot rate the leader (q39-q43)"
"qes2008","ne le connais pas","dk","declared missing in the file: cannot rate the leader (q39-q43)"
"qes2008","Ne sait pas","dk",""
"qes2008","Nsp/Je préfère ne pas répondre","dk_refused",""
"qes2008","Je préfère ne pas répondre","refused",""
"qes2012","I don't know","dk",""
"qes2012","I don't know / I don't know how to rate her","dk",""
"qes2012","I don't know / I don't know how to rate him","dk",""
"qes2012","I don't know / I don't know how to rate them","dk",""
"qes2012","I don't know who he is","dk",""
"qes2012","I don't know who she is","dk",""
"qes2012","I prefer not answer","refused",""
"qes2012","I prefer not to answer","refused",""
"qes2012","I prefer not to answer this question","refused",""
"qes2012_panel","Je ne sais pas","dk",""
"qes2012_panel","Ne sait pas","dk",""
"qes2012_panel","indécis/refus","dk_refused",""
"qes2012_panel","Ne sait pas / Refus de répondre","dk_refused",""
"qes2012_panel","NSP/Refus","dk_refused",""
"qes2012_panel","NSP/Refus de répondre","dk_refused",""
"qes2012_panel","refus/nsp","dk_refused",""
"qes2012_panel","N'a pas voté","not_voted","declared missing in the file (voteprov)"
"qes2012_panel","Je préfère ne pas répondre","refused",""
"qes2012_panel","A annulé son vote","spoiled","declared missing in the file (voteprov)"
"qes2014","Je ne sais pas","dk",""
"qes2014","Je ne sais pas / Je ne sais pas comment l'évaluer","dk",""
"qes2014","Je ne sais pas / Je ne sais pas comment les évaluer","dk",""
"qes2014","Je préfère ne pas répondre","refused",""
"qes2018","Je ne sais pas","dk","labels of the programmed questionnaire (file 367181)"
"qes2018","Je préfère ne pas répondre","refused","labels of the programmed questionnaire (file 367181)"
"qes2018_panel","Ne sais pas","dk",""
"qes2018_panel","Ne sais pas/Pas certain(e)","dk_refused",""
"qes2018_panel","No answer","no_answer",""
"qes2018_panel","Ou avez-vous annulé votre vote?","spoiled","declared missing in the file (rts_q2); a spoiled ballot, design.md section 5.5"
