"variable","value","label","label_lang","label_en","label_fr","missing_type","label_flag","notes"
"intvote2","1","","","","","","shifted_in_source","value labels shifted in the source: counts match vpl with labels one party off (PLQ 277 = vpl ADQ, ADQ 325 = vpl PLQ, LE PARTI EGALITE 446 = vpl PQ); design.md sections 5.2 and 5.7"
"intvote2","2","","","","","","shifted_in_source","value labels shifted in the source: counts match vpl with labels one party off (PLQ 277 = vpl ADQ, ADQ 325 = vpl PLQ, LE PARTI EGALITE 446 = vpl PQ); design.md sections 5.2 and 5.7"
"intvote2","3","","","","","","shifted_in_source","value labels shifted in the source: counts match vpl with labels one party off (PLQ 277 = vpl ADQ, ADQ 325 = vpl PLQ, LE PARTI EGALITE 446 = vpl PQ); design.md sections 5.2 and 5.7"
"intvote2","4","","","","","","shifted_in_source","value labels shifted in the source: counts match vpl with labels one party off (PLQ 277 = vpl ADQ, ADQ 325 = vpl PLQ, LE PARTI EGALITE 446 = vpl PQ); design.md sections 5.2 and 5.7"
"intvote2","5","","","","","","shifted_in_source","value labels shifted in the source: counts match vpl with labels one party off (PLQ 277 = vpl ADQ, ADQ 325 = vpl PLQ, LE PARTI EGALITE 446 = vpl PQ); design.md sections 5.2 and 5.7"
"intvote2","6","","","","","","shifted_in_source","value labels shifted in the source: counts match vpl with labels one party off (PLQ 277 = vpl ADQ, ADQ 325 = vpl PLQ, LE PARTI EGALITE 446 = vpl PQ); design.md sections 5.2 and 5.7"
"intvote2","7","","","","","","shifted_in_source","value labels shifted in the source: counts match vpl with labels one party off (PLQ 277 = vpl ADQ, ADQ 325 = vpl PLQ, LE PARTI EGALITE 446 = vpl PQ); design.md sections 5.2 and 5.7"
"intvote2","8","","","","","","shifted_in_source","value labels shifted in the source: counts match vpl with labels one party off (PLQ 277 = vpl ADQ, ADQ 325 = vpl PLQ, LE PARTI EGALITE 446 = vpl PQ); design.md sections 5.2 and 5.7"
"intvote2","9","","","","","","shifted_in_source","value labels shifted in the source: counts match vpl with labels one party off (PLQ 277 = vpl ADQ, ADQ 325 = vpl PLQ, LE PARTI EGALITE 446 = vpl PQ); design.md sections 5.2 and 5.7"
