"variable","label","question_en","question_fr","question_truncated","universe_en","universe_fr","question_source","doc_ref","measure","var_timing","derived_from","reviewed","notes"
"qsexe","","What is your gender?","Quel est votre sexe?","","","","questionnaire","361049:QSEXE;361050:QSEXE","","","","TRUE","wording checked by hand against the questionnaire(s) in doc_ref"
"qparents","","Do you live with your parents?","Demeurez-vous toujours chez vos parents?","","","","questionnaire","361049:QPARENTS;361050:QPARENTS","","","","FALSE","drafted by data-raw/extract_questions.R"
"qlangue","","What is the principal language you first learned at home in your childhood and that you still understand?","Quelle est la langue principale que vous avez apprise en premier lieu à la maison dans votre enfance et que vous comprenez toujours?","","","","questionnaire","361049:QLANGUE;361050:QLANGUE","","","","TRUE","wording checked by hand against the questionnaire(s) in doc_ref"
"qstat","","What is your official civil status?","Quel est votre statut civil officiel?","","","","questionnaire","361049:QSTAT;361050:QSTAT","","","","FALSE","drafted by data-raw/extract_questions.R"
"qenfan","","","Y a-t-il des enfants de moins de 18 ans vivant dans votre famille?","","","Si AGE<2000","questionnaire","361050:QENFAN","","","","FALSE","drafted by data-raw/extract_questions.R"
"qenfan2","","","Avez-vous des enfants? (incluant les enfants de votre conjoint(e)","","","Si QENFAN=1","questionnaire","361050:QENFAN2","","","","FALSE","drafted by data-raw/extract_questions.R"
"qscol","","What is the highest level of education that you have completed?","À quel niveau se situe la dernière année de scolarité que vous avez complétée?","","","Si QAGE<2001","questionnaire","361049:QSCOL;361050:QSCOL","","","","TRUE","wording checked by hand against the questionnaire(s) in doc_ref"
"qoccup","","Which of the following best describes your occupation?","Quelle description ci-dessous correspond le mieux à votre occupation?","","","","questionnaire","361049:QOCCUP;361050:QOCCUP","","","","FALSE","drafted by data-raw/extract_questions.R"
"q1","","On the whole, how satisfied are you with the way democracy works in Quebec? Are you:","Dans l’ensemble, à quel point êtes-vous satisfait(e) de la façon dont la démocratie fonctionne au Québec? Êtes-vous:","","","","questionnaire","361049:Q1;361050:Q1","","","","FALSE","drafted by data-raw/extract_questions.R"
"q2","","Of the following issues, which was, for you personally, the most important in the provincial election held on October 1st?","Parmi les enjeux suivants, lequel était, pour vous personnellement, le plus important lors de l’élection provinciale du 1er octobre dernier?","","","","questionnaire","361049:Q2;361050:Q2","","","","FALSE","drafted by data-raw/extract_questions.R"
"q3","","If 16 and 17-year-old citizens would have had the right to vote in that election, would you have gone to vote?","Si, lors de cette élection, les citoyens âgés de 16 et 17 ans avaient eu le droit de vote, est-ce que vous seriez allé voter?","","","Si QAGE>=2001","questionnaire","361049:Q3;361050:Q3","","","","FALSE","drafted by data-raw/extract_questions.R"
"q4","","If 16 and 17-year-old citizens would have had the right to vote in that election, which party would you have voted for?","Si, lors de cette élection, les citoyens âgés de 16 et 17 ans avaient eu le droit de vote, pour quel parti auriez-vous voté?","","","Si QAGE>=2001","questionnaire","361049:Q4;361050:Q4","","","","FALSE","drafted by data-raw/extract_questions.R"
"q5","","In each election we find that a lot of people were not able to vote because they were not registered, they were sick, or they did not have time. Which of the following statements best describes you?","À chaque élection, plusieurs personnes sont incapables de voter parce qu’elles ne sont pas inscrites sur la liste électorale, elles sont malades ou elles n’ont pas le temps. Laquelle des situations suivantes correspond le mieux à votre cas?","","","Si QAGE<=2000","questionnaire","361049:Q5;361050:Q5","","","","TRUE","wording checked by hand against the questionnaire(s) in doc_ref"
"q5a","","If you had been voting on the day of this election, which party would you have voted for?","Si vous aviez été voter le jour de cette élection, pour quel parti auriez-vous voté?","","","Si Q5!=certain d’avoir voté","questionnaire","361049:Q5A;361050:Q5A","","","","TRUE","wording checked by hand against the questionnaire(s) in doc_ref"
"q6","","Which party did you vote for?","Pour quel parti avez-vous voté?","","","Si Q5=certain d’avoir voté","questionnaire","361049:Q6;361050:Q6","","","","TRUE","wording checked by hand against the questionnaire(s) in doc_ref"
"q6a","","When did you decide to vote for [parti choisi en Q6]?","Quand avez-vous arrêté vote choix pour [parti choisi en Q6]?","","","Si Q6=1,2,3,4,5","questionnaire","361049:Q6A;361050:Q6A","","","","FALSE","drafted by data-raw/extract_questions.R"
"q7","","Was this party your first choice?","Est-ce que ce parti était votre premier choix?","","","Si Q6=1, 2, 3, 4 ou 96","questionnaire","361049:Q7;361050:Q7","","","","FALSE","drafted by data-raw/extract_questions.R"
"q8","","Which party was your first choice?","Quel parti était votre premier choix?","","","Si Q7=NON","questionnaire","361049:Q8;361050:Q8","","","","FALSE","drafted by data-raw/extract_questions.R"
"q9","","Which party did you vote for 4 years ago in the previous provincial election, held on April 7, 2014?","Pour quel parti aviez-vous voté il y a 4 ans lors de l’élection provinciale précédente, tenue le 7 avril 2014?","","","Si QAGE<=2000","questionnaire","361049:Q9;361050:Q9","","","","FALSE","drafted by data-raw/extract_questions.R"
"q10","","Overall, what is your level of satisfaction with the performance of Philippe Couillard’s liberal government?","Quel est votre niveau global de satisfaction envers la performance du gouvernement libéral de Philippe Couillard?","","","","questionnaire","361049:Q10;361050:Q10","","","","FALSE","drafted by data-raw/extract_questions.R"
"q13","","How many representatives there are in the National Assembly of Quebec?","Combien y a-t-il de député(e)s à l’Assemblée nationale du Québec?","","","","questionnaire","361049:Q13;361050:Q13","","","","FALSE","drafted by data-raw/extract_questions.R"
"q18","","How attached do you feel to Quebec?","Quel est votre degré d’attachement au Québec?","","","","questionnaire","361049:Q18;361050:Q18","","","","FALSE","drafted by data-raw/extract_questions.R"
"q19","","And how attached do you feel to Canada?","Et quel est votre degré d’attachement au Canada?","","","","questionnaire","361049:Q19;361050:Q19","","","","FALSE","drafted by data-raw/extract_questions.R"
"q23","","Did you vote in the 1995 referendum on Quebec’s sovereignty?","Avez-vous voté lors du référendum de 1995 sur la souveraineté du Québec?","","IF QAGE < 1977","si QAGE < 1977","questionnaire","361049:Q23;361050:Q23","","","","FALSE","drafted by data-raw/extract_questions.R"
"q24","","For which option did you vote?","Pour quelle option aviez-vous voté?","","","Si OUI À Q23","questionnaire","361049:Q24;361050:Q24","","","","FALSE","drafted by data-raw/extract_questions.R"
"q25","","How important to you personally is the issue of Quebec’s political independence?","À quel point l’enjeu de l’indépendance politique du Québec est-il important pour vous, personnellement?","","","","questionnaire","361049:Q25;361050:Q25","","","","FALSE","drafted by data-raw/extract_questions.R"
"q26","","If there were today a referendum on independence that asked whether Quebec should be an independent country, would you vote YES or NO?","Si un référendum sur l’indépendance avait lieu aujourd’hui vous demandant si vous voulez que le Québec devienne un pays indépendant, voteriez-vous OUI ou voteriez-vous NON?","","","","questionnaire","361049:Q26;361050:Q26","","","","TRUE","wording checked by hand against the questionnaire(s) in doc_ref"
"q27","","How interested would you say you are in politics and public issues? Are you:","Quel est votre intérêt pour la politique et les enjeux publics en général? Êtes-vous:","","","","questionnaire","361049:Q27;361050:Q27","","","","TRUE","wording checked by hand against the questionnaire(s) in doc_ref"
"q28","","How often do you follow political news on the web, TV, radio, or the newspaper?","À quelle fréquence suivez-vous l’actualité politique sur internet, à la télévision, à la radio ou dans les journaux?","","","","questionnaire","361049:Q28;361050:Q28","","","","FALSE","drafted by data-raw/extract_questions.R"
"q42","","Do you think that getting an abortion is...","Selon vous, est-ce qu’obtenir un avortement est…","","","","questionnaire","361049:Q42;361050:Q42","","","","FALSE","drafted by data-raw/extract_questions.R"
"q43","","Are you for or against the adoption of children by same-sex partners?","Êtes-vous pour ou contre l’adoption d’enfants par des conjoints de même sexe?","","","","questionnaire","361049:Q43;361050:Q43","","","","FALSE","drafted by data-raw/extract_questions.R"
"q44","","In your opinion, should we ban employees of the public sector in Quebec to wear visible religious symbols?","Selon vous, devrait-on interdire le port de signes religieux visibles pour les employés de la fonction publique au Québec?","","","","questionnaire","361049:Q44;361050:Q44","","","","FALSE","drafted by data-raw/extract_questions.R"
"q45","","Are you for or against death penalty?","Êtes-vous pour ou contre la peine de mort?","","","","questionnaire","361049:Q45;361050:Q45","","","","FALSE","drafted by data-raw/extract_questions.R"
"q46","","Are you for or against the legalization of cannabis (marijuana)?","Êtes-vous pour ou contre la légalisation du cannabis (marijuana)?","","","","questionnaire","361049:Q46;361050:Q46","","","","FALSE","drafted by data-raw/extract_questions.R"
"q48","","Some people think that the crucifix in the National Assembly must be left in place to reflect the history of Quebec. Others think it should be removed to illustrate that Quebec is a secular society. What is your own opinion about this?","Certaines personnes pensent que le crucifix à l’Assemblée nationale doit être laissé en place pour refléter l’histoire du Québec. D’autres pensent qu’il devrait être retiré pour affirmer que le Québec est une société laïque. Quelle est votre propre opinion à ce sujet?","","","","questionnaire","361049:Q48;361050:Q48","","","","FALSE","drafted by data-raw/extract_questions.R"
"q49","","There are different views about those who come from outside Quebec, who often have their own customs, religion and traditions. Do you think it is best if such newcomers try to adapt and blend into the local culture? Or is it best if they stay different and add to the variety of customs and traditions in the locality?","Il existe des opinions différentes à propos de ceux qui viennent de l’extérieur du Québec, qui ont différentes coutumes, religions et traditions. Croyez-vous qu’il vaut mieux que ces nouveaux arrivants essaient de s’adapter et de s’intégrer à la culture locale? Ou vaut-il mieux qu’ils restent différents et qu’ils contribuent à la diversité des coutumes et traditions locales?","","","","questionnaire","361049:Q49;361050:Q49","","","","FALSE","drafted by data-raw/extract_questions.R"
"q53","","Over the past year, has Quebec’s economy: gotten better, gotten worse, or stayed about the same?","Selon vous, l’économie du Québec s’est-elle améliorée, détériorée ou est-elle restée à peu près la même depuis un an?","","","","questionnaire","361049:Q53;361050:Q53","","","","FALSE","drafted by data-raw/extract_questions.R"
"q54","","If Quebec were to become an independent country, do you think that the economic situation in Quebec would get better, get worse or stay about the same?","Si le Québec devenait un pays indépendant, croyez-vous que la situation économique au Québec s’améliorerait, se détériorerait ou resterait à peu près la même?","","","","questionnaire","361049:Q54;361050:Q54","","","","FALSE","drafted by data-raw/extract_questions.R"
"q55a","","Here are several goals for Quebec. Can you tell me which you think is most important?","Voici quelques objectifs pour le Québec. Pourriez-vous me dire lequel d’après vous est le plus important?","","","","questionnaire","361049:Q55a;361050:Q55a","","","","FALSE","drafted by data-raw/extract_questions.R"
"q55b","","And which objective is second most important?","Et lequel est le deuxième objectif plus important?","","","","questionnaire","361049:Q55b;361050:Q55b","","","","FALSE","drafted by data-raw/extract_questions.R"
"q56","","In provincial politics, do you usually think of yourself as a:","En politique provinciale, vous considérez-vous habituellement comme un…?","","","","questionnaire","361049:Q56;361050:Q56","","","","TRUE","wording checked by hand against the questionnaire(s) in doc_ref"
"q57","","How strongly [insert answer from Q56] do you feel?","Vous sentez-vous très fortement [insérer réponse de Q56], assez fortement, ou pas très fortement?","","","Si Q56=1,2,3 ou 4","questionnaire","361049:Q57;361050:Q57","","","","FALSE","drafted by data-raw/extract_questions.R"
"q58","","In general, how easy or difficult is it for you to accept taking risks?","En général, à quel point est-il facile ou difficile pour vous d’accepter de prendre des risques?","","","","questionnaire","361049:Q58;361050:Q58","","","","FALSE","drafted by data-raw/extract_questions.R"
"q60","","Finally, do you think that Quebec will be an independent country one day?","Finalement, croyez-vous que le Québec sera un pays indépendant un jour?","","","","questionnaire","361049:Q60;361050:Q60","","","","FALSE","drafted by data-raw/extract_questions.R"
"q61","","Among the following categories, which one best reflects the total income, before taxes, of all the members of your household in 2017? That includes income from all sources such as savings, pensions, rent, as well as wages. Was it:","Parmi les catégories suivantes, laquelle reflète le mieux le revenu total avant impôt de tous les membres de votre foyer pour l'année 2017? Ceci inclut les revenus de toutes les sources telles l’épargne, les pensions, les loyers, en plus des salaires. Était-ce:","","","Si QAGE<2001","questionnaire","361049:Q61;361050:Q61","","","","TRUE","wording checked by hand against the questionnaire(s) in doc_ref"
"q62a","","What is the highest level of education that your mother has completed?","À quel niveau se situe la dernière année de scolarité que votre mère a complétée?","","","","questionnaire","361049:Q62a;361050:Q62a","","","","FALSE","drafted by data-raw/extract_questions.R"
"q62b","","What is the highest level of education that your father has completed?","À quel niveau se situe la dernière année de scolarité que votre père a complétée?","","","","questionnaire","361049:Q62b;361050:Q62b","","","","FALSE","drafted by data-raw/extract_questions.R"
"q66","","Do you consider yourself as belonging to any particular religion or denomination?","Considérez-vous appartenir à une religion ou à une dénomination particulière?","","","","questionnaire","361049:Q66;361050:Q66","","","","FALSE","drafted by data-raw/extract_questions.R"
"q67","","Which religion do you belong to?","À quelle religion appartenez-vous?","","","Si Q66=OUI","questionnaire","361049:Q67;361050:Q67","","","","TRUE","wording checked by hand against the questionnaire(s) in doc_ref"
"q68","","Not counting weddings and funerals, how often do you attend services at your place of worship?","Sans compter les mariages et les funérailles, combien de fois assistez-vous aux messes à votre lieu de culte?","","","Si Q66=OUI","questionnaire","361049:Q68;361050:Q68","","","","FALSE","drafted by data-raw/extract_questions.R"
"q69","","Where were you born?","Où êtes-vous né(e)?","","","","questionnaire","361049:Q69;361050:Q69","","","","TRUE","wording checked by hand against the questionnaire(s) in doc_ref"
"q70","","Which language do you speak most often at home?","Quelle langue parlez-vous le plus souvent à la maison?","","","","questionnaire","361049:Q70;361050:Q70","","","","TRUE","wording checked by hand against the questionnaire(s) in doc_ref"
"q36_1","","And on the same scale, where would you place your own views, generally speaking?","Et sur la même échelle, où vous placeriez-vous, de manière générale?","","","","questionnaire","361049:Q36;361050:Q36","interval","","","TRUE","one-item grid Q36 (column q36_1); wording and codes checked by hand against files 361049, 361050 and 367181"
"ageyear_1","","In what year were you born?","En quelle année êtes-vous né(e)?","","","","questionnaire","361049:QAGE;361050:QAGE","","","","TRUE","year of birth (QAGE asks for year and month); wording checked by hand against the questionnaires in doc_ref"
"agemonth_1","","In what year were you born?","En quelle année êtes-vous né(e)?","","","","questionnaire","361049:QAGE;361050:QAGE","","","","TRUE","month of birth (QAGE asks for year and month); wording checked by hand against the questionnaires in doc_ref"
"agenum","","How old are you?","Quel âge avez-vous?","","Respondents who refused QAGE","Répondants qui ont refusé de répondre à QAGE","questionnaire","361049:QAGE;361050:QAGE2","","","","TRUE","QAGE2 (the English questionnaire labels it QAGE); wording checked by hand against the questionnaires in doc_ref"
"agecalc","","In what year were you born?","En quelle année êtes-vous né(e)?","","","","questionnaire","361049:QAGE;361050:QAGE","","","ageyear_1;agemonth_1;agenum","TRUE","age computed from QAGE (and QAGE2 for those who refused QAGE); wording checked by hand against the questionnaires in doc_ref"
