"profile","column","study","codes","cause","basis"
"master","party_best","*","","A:H2","Each study's source is another question (importance of voting, best campaign, best party on an issue, first choice); design 5.12."
"master","party_lean","*","","A:H4","A different construct in each study (second choice, hypothetical vote, the vote intention itself); design 5.12."
"master","political_interest","qes2018","","A:H3","Raw 1-4 codes of q27 on the 0-10 column, in the reverse direction; design 5.12 (filled with the corrected conversion in 0.7.0, OD7)."
"master","political_interest","qes2012_panel","","A:H3","interetrec is a 0-3 index derived from debate viewing, not an interest question, left on its raw 0-3 codes; design 5.2 (not comparable)."
"master","ideology","qes2014","","A:H3","The answers at 0 and 10 were lost (French endpoint labels), so the column is truncated; design 5.12."
"master","born_canada","qes2018","","A:H4","q69 (Quebec / elsewhere in Canada / outside Canada) was coded with Canadian-born people outside Quebec as No and raw codes 3, 98 and 99 left in; design 5.12."
"master","born_canada","qes2014","8;9","A:H4","Don't know and no-answer labels left as values of a Yes/No column; design 5.12."
"master","born_canada","qes2012","8;9","A:H4","Don't know and no-answer labels left as values of a Yes/No column (as in qes2014)."
"master","language","qes2014","","OD8","LANG is the language of the interview, not the mother tongue; design 5.12."
"master","language","qes2022","","OD8","cps_UserLanguage is the language of the web interface, not the mother tongue; design 5.12."
"master","language","qes2018_panel","4","A:H4","Don't know label left as a value of the language column."
"master","education","qes1998","","A:H4","scol code 2 (10-15 years of schooling) mixes secondary and college and was coded College; the study has no Secondary category; design 5.7 (not mappable)."
"master","education","qes2007","98","A:H4","Don't know label left as a value of the education column."
"master","education","qes2018_panel","9","A:H4","Don't know label left as a value of the education column."
"master","income","qes2018","","A:H4","Raw codes of q61 (the data file has no labels); design 5.12."
"master","income","qes2022","-99","A:H4","-99 item nonresponse left as an income; design 5.12."
"master","income","qes2014","99","A:H4","Refusal label (Je préfère ne pas répondre) left as an income."
"master","income","qes2018_panel","8","A:H4","Don't know label (Ne sais pas/Pas certain(e)) left as an income."
"master","income","qes_crop_2007_2010","9","A:H4","Don't know or refusal label (NSP/refus) left as an income."
"master","income","qes2008","98;99","A:H4","Don't know and refusal labels left as an income."
"master","income","qes2007","98;99","A:H4","Don't know and refusal labels left as an income."
"master","income","qes2007_panel","9","A:H4","Don't know or refusal label (NSP/refus) left as an income."
"master","religion","qes2018","","A:H4","Raw codes of q67 (the data file has no labels); design 5.12."
"master","religion","qes2022","-99","A:H4","-99 item nonresponse left as a religion; design 5.12."
"master","religion","qes2014","9","A:H4","Refusal label (Je préfère ne pas répondre) left as a religion."
"master","religion","qes2012","9","A:H4","Refusal label (I prefer not to answer) left as a religion."
"master","turnout","qes2022","","OD4","cps_turnout is the campaign-period likelihood of voting, not reported turnout; design 5.12."
"master","vote_choice","qes2022","","OD4","cps_votechoice1 is the campaign-period vote intention, not the reported vote; design 5.12."
"master","vote_choice","qes_crop_2007_2010","","OD4","intvoteprov is a vote intention (with a follow-up push); design 5.12."
"master","vote_choice","qes1998","","OD4","intvote is a vote intention; design 5.12 (the reported vote q3post is used from 0.7.0)."
"master","vote_choice","qes2007_panel","10","A:H4","Code 10 means the respondent was not reached in the post-election wave, and was coded as did not vote."
"master","vote_choice_text","qes2018","","A:H7","q2_96_other is the typed answer to the most important issue, not to the vote question; design 5.12."
"master","vote_choice_text","qes2022","","OD4","The typed answer to the vote intention item, whose vote_choice is blanked (OD4)."
"master","sovereignty_support","qes2007","","OD5","q19 asks about sovereignty with an offer of partnership (the 1995 question); design 5.12."
"master","sovereignty_support","qes2008","","OD5","q19 asks about sovereignty with an offer of partnership (the 1995 question); design 5.12."
"master","sovereignty_support","qes1998","","OD5","voteref asks the 1995 partnership question; design 5.12."
"master","sovereignty_support","qes2012_panel","","OD5","souv_rec recodes a question about a sovereign country (pays souverain); design 5.12."
"master","sovereignty_support","qes2007_panel","","OD5","intref pushes undecided answers to intref1, the 1995 partnership question; design 5.7 (push instruments are never sovereignty targets)."
"master","sovereignty_support","qes2018_panel","","OD5","independance recodes rts_q7, a favourable/opposed scale, not a referendum vote; design 5.7 (not comparable)."
"master","sovereignty_support","qes_crop_2007_2010","","OD5","intvoteref pushes undecided answers to intvoterefa, whose full wording is not deposited; design 5.7 (push instruments are never sovereignty targets)."
"master","sovereignty","qes2007","","OD5","q19 asks about sovereignty with an offer of partnership (the 1995 question); design 5.12."
"master","sovereignty","qes2008","","OD5","q19 asks about sovereignty with an offer of partnership (the 1995 question); design 5.12."
"master","sovereignty","qes1998","","OD5","voteref asks the 1995 partnership question; design 5.12."
"master","sovereignty","qes2012_panel","","OD5","souv_rec recodes a question about a sovereign country (pays souverain); design 5.12."
"master","sovereignty","qes2007_panel","","OD5","intref pushes undecided answers to intref1, the 1995 partnership question; design 5.7 (push instruments are never sovereignty targets)."
"master","sovereignty","qes2018_panel","","OD5","independance recodes rts_q7, a favourable/opposed scale, not a referendum vote; design 5.7 (not comparable)."
"master","sovereignty","qes_crop_2007_2010","","OD5","intvoteref pushes undecided answers to intvoterefa, whose full wording is not deposited; design 5.7 (push instruments are never sovereignty targets)."
"decon","party_best","*","","A:H2","A different question in each study; design 2.3."
"decon","partylean","*","","A:H4","A different construct in each study; design 2.3."
"decon","turnout","qes2018","","A:H6","q1 is satisfaction with democracy; design 2.3 (q5 is used from 0.7.0)."
"decon","votechoice","qes2018","","A:H6","q2 is the most important issue; design 2.3 (q6 is used from 0.7.0)."
"decon","turnout","qes2018_panel","","A:H6","q1 asks which party leader would make the best premier."
"decon","votechoice","qes2018_panel","","A:H6","q2 asks whether the government should be kept or changed."
"decon","turnout","qes2014","","A:H6","Q1 is the most important issue."
"decon","votechoice","qes2014","","A:H6","Q2 is the turnout question, not the vote."
"decon","turnout","qes2012","","A:H6","q1 is attachment to Quebec."
"decon","votechoice","qes2012","","A:H6","q2 is attachment to Canada."
"decon","turnout","qes2008","","A:H6","q1 is the most important issue."
"decon","turnout","qes2007","","A:H6","q1 is the most important issue."
"decon","votechoice","qes2007","","A:H6","q2 asks whether health was an important issue."
"decon","*","qes2022","-99","A:H6","-99 item nonresponse left as a value (for example an ideology of -99); design 2.3."
