profile,column,study,cause
master,interview_start,qes2022,0.5.0
master,interview_end,qes2022,0.5.0
master,interview_recorded,qes2022,0.5.0
master,language,qes2022,0.5.0
master,year_of_birth,qes2022,harmonization_engine
master,income,qes2022,"0.5.0;harmonization_engine"
master,religion,qes2022,0.5.0
master,turnout,qes2022,"0.5.0;reported_vote_only"
master,vote_choice,qes2022,"0.5.0;reported_vote_only"
master,vote_choice_text,qes2022,0.5.0
master,party_best,qes2022,0.5.0
master,party_lean,qes2022,0.5.0
master,federal_pid,qes2022,coding_error_fixed
master,age,qes2018,harmonization_engine
master,age_group,qes2018,harmonization_engine
master,income,qes2018,0.5.0
master,religion,qes2018,0.5.0
master,born_canada,qes2018,"0.5.0;coding_error_fixed"
master,political_interest,qes2018,"0.5.0;interest_on_0_10"
master,ideology,qes2018,scale_corrected
master,turnout,qes2018,0.5.0
master,vote_choice,qes2018,reported_vote_only
master,party_best,qes2018,0.5.0
master,party_lean,qes2018,0.5.0
master,provincial_pid,qes2018,harmonization_engine
master,qes_name_en,qes2018_panel,0.5.0
master,respondent_id,qes2018_panel,harmonization_engine
master,language,qes2018_panel,0.5.0
master,province_territory,qes2018_panel,coding_error_fixed
master,education,qes2018_panel,"0.5.0;coding_error_fixed"
master,income,qes2018_panel,0.5.0
master,turnout,qes2018_panel,harmonization_engine
master,vote_choice,qes2018_panel,reported_vote_only
master,party_lean,qes2018_panel,0.5.0
master,sovereignty_support,qes2018_panel,0.5.0
master,sovereignty,qes2018_panel,0.5.0
master,language,qes2014,"0.5.0;two_first_languages"
master,income,qes2014,0.5.0
master,religion,qes2014,0.5.0
master,born_canada,qes2014,0.5.0
master,ideology,qes2014,"0.5.0;scale_corrected"
master,vote_choice,qes2014,reported_vote_only
master,party_best,qes2014,0.5.0
master,party_lean,qes2014,0.5.0
master,provincial_pid,qes2014,harmonization_engine
master,education,qes2012,harmonization_engine
master,income,qes2012,harmonization_engine
master,religion,qes2012,0.5.0
master,born_canada,qes2012,0.5.0
master,vote_choice,qes2012,reported_vote_only
master,party_best,qes2012,0.5.0
master,party_lean,qes2012,0.5.0
master,provincial_pid,qes2012,harmonization_engine
master,qes_name_en,qes2012_panel,0.5.0
master,age_group,qes2012_panel,harmonization_engine
master,political_interest,qes2012_panel,0.5.0
master,vote_choice,qes2012_panel,reported_vote_only
master,party_lean,qes2012_panel,0.5.0
master,sovereignty_support,qes2012_panel,0.5.0
master,sovereignty,qes2012_panel,0.5.0
master,qes_name_en,qes_crop_2007_2010,0.5.0
master,province_territory,qes_crop_2007_2010,0.5.0
master,income,qes_crop_2007_2010,0.5.0
master,vote_choice,qes_crop_2007_2010,0.5.0
master,party_lean,qes_crop_2007_2010,0.5.0
master,sovereignty_support,qes_crop_2007_2010,0.5.0
master,sovereignty,qes_crop_2007_2010,0.5.0
master,age_group,qes2008,harmonization_engine
master,education,qes2008,coding_error_fixed
master,income,qes2008,0.5.0
master,vote_choice,qes2008,reported_vote_only
master,party_lean,qes2008,0.5.0
master,sovereignty_support,qes2008,0.5.0
master,sovereignty,qes2008,0.5.0
master,provincial_pid,qes2008,harmonization_engine
master,language,qes2007,two_first_languages
master,education,qes2007,"0.5.0;coding_error_fixed"
master,income,qes2007,0.5.0
master,vote_choice,qes2007,reported_vote_only
master,party_best,qes2007,0.5.0
master,party_lean,qes2007,0.5.0
master,sovereignty_support,qes2007,0.5.0
master,sovereignty,qes2007,0.5.0
master,provincial_pid,qes2007,harmonization_engine
master,qes_name_en,qes2007_panel,0.5.0
master,respondent_id,qes2007_panel,harmonization_engine
master,language,qes2007_panel,all_rows_kept
master,age_group,qes2007_panel,"all_rows_kept;harmonization_engine"
master,gender,qes2007_panel,all_rows_kept
master,education,qes2007_panel,all_rows_kept
master,income,qes2007_panel,"0.5.0;all_rows_kept"
master,turnout,qes2007_panel,all_rows_kept
master,vote_choice,qes2007_panel,"0.5.0;all_rows_kept"
master,party_lean,qes2007_panel,0.5.0
master,sovereignty_support,qes2007_panel,0.5.0
master,sovereignty,qes2007_panel,0.5.0
master,qes_name_en,qes1998,0.5.0
master,education,qes1998,0.5.0
master,vote_choice,qes1998,"0.5.0;reported_vote_only"
master,sovereignty_support,qes1998,0.5.0
master,sovereignty,qes1998,0.5.0
decon,citizenship,qes2022,harmonization_engine
decon,yob,qes2022,0.5.0
decon,gender,qes2022,harmonization_engine
decon,education,qes2022,harmonization_engine
decon,political_interest,qes2022,0.5.0
decon,turnout,qes2022,campaign_period_vote
decon,votechoice,qes2022,campaign_period_vote
decon,votechoice_text,qes2022,"0.5.0;campaign_period_vote"
decon,party_best,qes2022,0.5.0
decon,partylean,qes2022,0.5.0
decon,fed_pid,qes2022,"0.5.0;harmonization_engine"
decon,prov_pid,qes2022,harmonization_engine
decon,ideology,qes2022,0.5.0
decon,income,qes2022,0.5.0
decon,religion,qes2022,0.5.0
decon,age,qes2018,harmonization_engine
decon,gender,qes2018,harmonization_engine
decon,province_territory,qes2018,harmonization_engine
decon,education,qes2018,"coding_error_fixed;harmonization_engine"
decon,political_interest,qes2018,interest_on_0_10
decon,turnout,qes2018,"0.5.0;other_question_fixed"
decon,votechoice,qes2018,"0.5.0;other_question_fixed"
decon,prov_pid,qes2018,harmonization_engine
decon,ideology,qes2018,scale_corrected
decon,born_canada,qes2018,coding_error_fixed
decon,gender,qes2018_panel,harmonization_engine
decon,province_territory,qes2018_panel,harmonization_engine
decon,education,qes2018_panel,harmonization_engine
decon,turnout,qes2018_panel,"0.5.0;other_question_fixed"
decon,votechoice,qes2018_panel,"0.5.0;other_question_fixed"
decon,ideology,qes2018_panel,scale_corrected
decon,income,qes2018_panel,harmonization_engine
decon,yob,qes2014,harmonization_engine
decon,age,qes2014,harmonization_engine
decon,gender,qes2014,harmonization_engine
decon,province_territory,qes2014,harmonization_engine
decon,education,qes2014,"coding_error_fixed;harmonization_engine"
decon,political_interest,qes2014,interest_on_0_10
decon,turnout,qes2014,"0.5.0;other_question_fixed"
decon,votechoice,qes2014,"0.5.0;other_question_fixed"
decon,prov_pid,qes2014,harmonization_engine
decon,ideology,qes2014,scale_corrected
decon,income,qes2014,harmonization_engine
decon,religion,qes2014,harmonization_engine
decon,born_canada,qes2014,coding_error_fixed
decon,yob,qes2012,harmonization_engine
decon,gender,qes2012,harmonization_engine
decon,province_territory,qes2012,"0.5.0;harmonization_engine"
decon,education,qes2012,harmonization_engine
decon,political_interest,qes2012,interest_on_0_10
decon,turnout,qes2012,"0.5.0;other_question_fixed"
decon,votechoice,qes2012,"0.5.0;other_question_fixed"
decon,prov_pid,qes2012,harmonization_engine
decon,ideology,qes2012,scale_corrected
decon,income,qes2012,harmonization_engine
decon,religion,qes2012,harmonization_engine
decon,born_canada,qes2012,coding_error_fixed
decon,gender,qes2012_panel,harmonization_engine
decon,province_territory,qes2012_panel,harmonization_engine
decon,turnout,qes2012_panel,other_question_fixed
decon,votechoice,qes2012_panel,other_question_fixed
decon,gender,qes_crop_2007_2010,harmonization_engine
decon,province_territory,qes_crop_2007_2010,harmonization_engine
decon,education,qes_crop_2007_2010,harmonization_engine
decon,income,qes_crop_2007_2010,harmonization_engine
decon,yob,qes2008,harmonization_engine
decon,age,qes2008,harmonization_engine
decon,gender,qes2008,harmonization_engine
decon,province_territory,qes2008,harmonization_engine
decon,education,qes2008,harmonization_engine
decon,political_interest,qes2008,interest_on_0_10
decon,turnout,qes2008,"0.5.0;other_question_fixed"
decon,votechoice,qes2008,other_question_fixed
decon,prov_pid,qes2008,harmonization_engine
decon,income,qes2008,harmonization_engine
decon,yob,qes2007,harmonization_engine
decon,age,qes2007,harmonization_engine
decon,gender,qes2007,harmonization_engine
decon,province_territory,qes2007,harmonization_engine
decon,education,qes2007,harmonization_engine
decon,political_interest,qes2007,interest_on_0_10
decon,turnout,qes2007,"0.5.0;other_question_fixed"
decon,votechoice,qes2007,"0.5.0;other_question_fixed"
decon,prov_pid,qes2007,harmonization_engine
decon,income,qes2007,harmonization_engine
decon,age,qes2007_panel,"all_rows_kept;harmonization_engine"
decon,gender,qes2007_panel,harmonization_engine
decon,province_territory,qes2007_panel,harmonization_engine
decon,education,qes2007_panel,harmonization_engine
decon,political_interest,qes2007_panel,interest_on_0_10
decon,turnout,qes2007_panel,other_question_fixed
decon,votechoice,qes2007_panel,other_question_fixed
decon,income,qes2007_panel,harmonization_engine
decon,age,qes1998,"0.5.0;harmonization_engine"
decon,gender,qes1998,harmonization_engine
decon,province_territory,qes1998,harmonization_engine
decon,turnout,qes1998,other_question_fixed
decon,votechoice,qes1998,other_question_fixed
