"column","studies","source_variables"
"definibin","qes2012_panel;qes2007_panel","definibin"
"ethn1","qes2008;qes2007","ethn1"
"influperso","qes2012_panel;qes2007_panel","influperso"
"luentend","qes2012_panel;qes2007_panel","luentend"
"occup","qes2012;qes2007_panel;qes1998","occup"
"patron","qes2018_panel;qes2012_panel","patron"
"pondam1","qes2012_panel;qes2007_panel","pondam1"
"issue_family_support","qes2018;qes2012;qes2007","q10"
"info_source_primary","qes2012;qes2007","q16"
"info_source_secondary","qes2012;qes2007","q17"
"party_best_health","qes2018;qes2012","q18"
"identity_self_1","qes2008;qes2007","q18a"
"identity_self_2","qes2008;qes2007","q18b"
"referendum_intent","qes2012;qes2008;qes2007","q20"
"party_best_anticorruption","qes2018;qes2012","q20b"
"elites_out_of_touch","qes2012;qes2008;qes2007","q22"
"trust_government","qes2018;qes2012;qes2008;qes2007","q23"
"gov_tax_waste","qes2018;qes2012;qes2008;qes2007","q24"
"issue_education","qes2018;qes2012;qes2007","q3"
"feeling_qs_0_100","qes2012;qes2007","q31"
"election_timing_eval","qes2008;qes2007","q33"
"pr_reform_support","qes2012;qes2007","q35"
"democracy_needs_parties","qes2012;qes2007","q37"
"parties_all_same","qes2012;qes2007","q38"
"feeling_charest_0_100","qes2008;qes2007","q39"
"qc_difference_view","qes2018;qes2012;qes2007","q4"
"feeling_boisclair_0_100","qes2008;qes2007","q40"
"feeling_dumont_0_100","qes2012;qes2008;qes2007","q41"
"feeling_david_0_100","qes2018;qes2012;qes2008;qes2007","q42"
"feeling_mckay_0_100","qes2018;qes2012;qes2008;qes2007","q43"
"leader_most_competent","qes2018;qes2012;qes2008;qes2007","q44"
"fed_gov_too_interventionist","qes2018;qes2012;qes2008;qes2007","q45"
"leader_closest_people","qes2018;qes2008;qes2007","q46"
"qc_economy_change","qes2012;qes2008;qes2007","q47"
"federalist_sovereignist_self","qes2018;qes2012;qes2008;qes2007","q48"
"future_outlook","qes2018;qes2008;qes2007","q49"
"privatize_hydro_support","qes2012;qes2008;qes2007","q50"
"private_healthcare_support","qes2012;qes2008;qes2007","q51"
"gov_role_environment","qes2018;qes2012;qes2008;qes2007","q53"
"profits_help_poor","qes2018;qes2012;qes2007","q54"
"party_best_health_alt","qes2012;qes2008;qes2007","q55"
"powers_for_quebec","qes2018;qes2012;qes2007","q56"
"party_best_environment","qes2018;qes2012;qes2007","q58"
"party_best_poverty","qes2012;qes2007","q59"
"qc_voice_federal","qes2018;qes2012;qes2007","q60"
"party_best_qc_identity","qes2008;qes2007","q61b"
"party_best_caisse_depot","qes2008;qes2007","q61d"
"decision_level_a","qes2018;qes2012","q62a"
"decision_level_b","qes2018;qes2012","q62b"
"feeling_unions_0_100","qes2012;qes2008;qes2007","q64"
"feeling_business_0_100","qes2012;qes2008;qes2007","q65"
"same_sex_marriage","qes2018;qes2012;qes2008;qes2007","q66"
"family_values_priority","qes2018;qes2012;qes2008;qes2007","q68"
"issue_tax_cuts","qes2018;qes2012;qes2007","q7"
"provincial_pid_item","qes2018;qes2008;qes2007","q70"
"provincial_party_lean","qes2012;qes2008;qes2007","q72"
"party_named","qes2008;qes2007","q73"
"vote_federal_2006","qes2012;qes2008;qes2007","q74"
"employment_status","qes2012;qes2008;qes2007","q79"
"issue_qc_status","qes2018;qes2012;qes2007","q8"
"home_language","qes2012;qes2008;qes2007","q80"
"gov_role_jobs_income","qes2012;qes2008;qes2007","q81"
"issue_poverty","qes2018;qes2012;qes2007","q9"
"vote_reason_1","qes2018_panel;qes1998","raison1"
"vote_reason_2","qes2018_panel;qes1998","raison2"
"interview_weekday","qes2007_panel;qes1998","s_jse"
"gov_satisfaction","qes2007_panel;qes1998","satisf"
"polling_trust","qes2012_panel;qes2007_panel","sefie"
"polls_eval","qes2012_panel;qes2007_panel","sondbons"
"previous_vote_2003","qes_crop_2007_2010;qes2007_panel","voteprec"
