"profile","column","study","source_variable"
"master","respondent_id","qes2022","ResponseId"
"master","respondent_id","qes2018","responseid"
"master","respondent_id","qes2018_panel","(synthetic_rowid)"
"master","respondent_id","qes2014","(synthetic_rowid)"
"master","respondent_id","qes2012","quest"
"master","respondent_id","qes2012_panel","quest"
"master","respondent_id","qes_crop_2007_2010","QUEST"
"master","respondent_id","qes2008","seq"
"master","respondent_id","qes2007","quest"
"master","respondent_id","qes2007_panel","quest"
"master","respondent_id","qes1998","quetr"
"master","interview_start","qes2022","cps_StartDate"
"master","interview_start","qes2018",
"master","interview_start","qes2018_panel",
"master","interview_start","qes2014","SDAT"
"master","interview_start","qes2012",
"master","interview_start","qes2012_panel",
"master","interview_start","qes_crop_2007_2010",
"master","interview_start","qes2008",
"master","interview_start","qes2007",
"master","interview_start","qes2007_panel",
"master","interview_start","qes1998",
"master","interview_end","qes2022","cps_EndDate"
"master","interview_end","qes2018",
"master","interview_end","qes2018_panel",
"master","interview_end","qes2014",
"master","interview_end","qes2012",
"master","interview_end","qes2012_panel",
"master","interview_end","qes_crop_2007_2010",
"master","interview_end","qes2008",
"master","interview_end","qes2007",
"master","interview_end","qes2007_panel",
"master","interview_end","qes1998",
"master","interview_recorded","qes2022","cps_RecordedDate"
"master","interview_recorded","qes2018",
"master","interview_recorded","qes2018_panel",
"master","interview_recorded","qes2014",
"master","interview_recorded","qes2012",
"master","interview_recorded","qes2012_panel",
"master","interview_recorded","qes_crop_2007_2010",
"master","interview_recorded","qes2008",
"master","interview_recorded","qes2007",
"master","interview_recorded","qes2007_panel",
"master","interview_recorded","qes1998",
"master","language","qes2022","cps_UserLanguage"
"master","language","qes2018","qlangue"
"master","language","qes2018_panel","s1"
"master","language","qes2014","LANG"
"master","language","qes2012","langu"
"master","language","qes2012_panel","lmat"
"master","language","qes_crop_2007_2010","lmat"
"master","language","qes2008","langu"
"master","language","qes2007","langu"
"master","language","qes2007_panel","lmat"
"master","language","qes1998",
"master","citizenship","qes2022","cps_citizen"
"master","citizenship","qes2018",
"master","citizenship","qes2018_panel",
"master","citizenship","qes2014",
"master","citizenship","qes2012",
"master","citizenship","qes2012_panel",
"master","citizenship","qes_crop_2007_2010",
"master","citizenship","qes2008",
"master","citizenship","qes2007",
"master","citizenship","qes2007_panel",
"master","citizenship","qes1998",
"master","year_of_birth","qes2022","cps_yob"
"master","year_of_birth","qes2018","ageyear_1"
"master","year_of_birth","qes2018_panel",
"master","year_of_birth","qes2014","QAGE"
"master","year_of_birth","qes2012","agex"
"master","year_of_birth","qes2012_panel",
"master","year_of_birth","qes_crop_2007_2010","QAGE"
"master","year_of_birth","qes2008","q75"
"master","year_of_birth","qes2007","q75"
"master","year_of_birth","qes2007_panel",
"master","year_of_birth","qes1998",
"master","age","qes2022","cps_age_in_years"
"master","age","qes2018","age"
"master","age","qes2018_panel","age"
"master","age","qes2014","SMAGE"
"master","age","qes2012","age"
"master","age","qes2012_panel","age"
"master","age","qes_crop_2007_2010",
"master","age","qes2008","q0age"
"master","age","qes2007",
"master","age","qes2007_panel","age"
"master","age","qes1998","age"
"master","age_group","qes2022",
"master","age_group","qes2018","age"
"master","age_group","qes2018_panel","age"
"master","age_group","qes2014","CLAGE"
"master","age_group","qes2012","age"
"master","age_group","qes2012_panel","age_3gr"
"master","age_group","qes_crop_2007_2010","QAGE"
"master","age_group","qes2008",
"master","age_group","qes2007",
"master","age_group","qes2007_panel","age3"
"master","age_group","qes1998","age"
"master","gender","qes2022","cps_genderid"
"master","gender","qes2018","qsexe"
"master","gender","qes2018_panel","sexfix"
"master","gender","qes2014","QSEXE"
"master","gender","qes2012","sexe"
"master","gender","qes2012_panel","sexe"
"master","gender","qes_crop_2007_2010","SEXE"
"master","gender","qes2008","q76"
"master","gender","qes2007","q76"
"master","gender","qes2007_panel","sexe"
"master","gender","qes1998","sexe_post"
"master","province_territory","qes2022","cps_province"
"master","province_territory","qes2018","q0qc"
"master","province_territory","qes2018_panel","region"
"master","province_territory","qes2014","QREGION"
"master","province_territory","qes2012","q0qc"
"master","province_territory","qes2012_panel","reg"
"master","province_territory","qes_crop_2007_2010","REG"
"master","province_territory","qes2008","regio"
"master","province_territory","qes2007",
"master","province_territory","qes2007_panel","reg"
"master","province_territory","qes1998",
"master","education","qes2022","cps_edu"
"master","education","qes2018","qscol"
"master","education","qes2018_panel","d3"
"master","education","qes2014","QSCOL"
"master","education","qes2012","scol"
"master","education","qes2012_panel",
"master","education","qes_crop_2007_2010","scol"
"master","education","qes2008","q77"
"master","education","qes2007","q77"
"master","education","qes2007_panel","scol"
"master","education","qes1998","scol"
"master","income","qes2022","cps_income"
"master","income","qes2018","q61"
"master","income","qes2018_panel","d5"
"master","income","qes2014","Q57"
"master","income","qes2012",
"master","income","qes2012_panel",
"master","income","qes_crop_2007_2010","revenu"
"master","income","qes2008","q78"
"master","income","qes2007","q78"
"master","income","qes2007_panel","revenu"
"master","income","qes1998",
"master","religion","qes2022","cps_religion"
"master","religion","qes2018","q67"
"master","religion","qes2018_panel",
"master","religion","qes2014","Q63"
"master","religion","qes2012","q103"
"master","religion","qes2012_panel",
"master","religion","qes_crop_2007_2010",
"master","religion","qes2008",
"master","religion","qes2007",
"master","religion","qes2007_panel",
"master","religion","qes1998",
"master","born_canada","qes2022","cps_borncda"
"master","born_canada","qes2018","q69"
"master","born_canada","qes2018_panel",
"master","born_canada","qes2014","Q65"
"master","born_canada","qes2012","q105"
"master","born_canada","qes2012_panel",
"master","born_canada","qes_crop_2007_2010",
"master","born_canada","qes2008",
"master","born_canada","qes2007",
"master","born_canada","qes2007_panel",
"master","born_canada","qes1998",
"master","political_interest","qes2022","cps_interest_1"
"master","political_interest","qes2018","q27"
"master","political_interest","qes2018_panel",
"master","political_interest","qes2014","Q28"
"master","political_interest","qes2012","q67"
"master","political_interest","qes2012_panel","interetrec"
"master","political_interest","qes_crop_2007_2010",
"master","political_interest","qes2008","q14"
"master","political_interest","qes2007","q15"
"master","political_interest","qes2007_panel","interet"
"master","political_interest","qes1998",
"master","ideology","qes2022","cps_ideoself_1"
"master","ideology","qes2018",
"master","ideology","qes2018_panel","rts_q8"
"master","ideology","qes2014","Q32"
"master","ideology","qes2012","q71"
"master","ideology","qes2012_panel",
"master","ideology","qes_crop_2007_2010",
"master","ideology","qes2008",
"master","ideology","qes2007",
"master","ideology","qes2007_panel",
"master","ideology","qes1998",
"master","turnout","qes2022","cps_turnout"
"master","turnout","qes2018","q5"
"master","turnout","qes2018_panel","vote"
"master","turnout","qes2014","Q2"
"master","turnout","qes2012","q21"
"master","turnout","qes2012_panel","participation"
"master","turnout","qes_crop_2007_2010",
"master","turnout","qes2008","q11"
"master","turnout","qes2007","q11"
"master","turnout","qes2007_panel","avote"
"master","turnout","qes1998","q1post"
"master","vote_choice","qes2022","cps_votechoice1"
"master","vote_choice","qes2018","q6"
"master","vote_choice","qes2018_panel","vote"
"master","vote_choice","qes2014","Q3"
"master","vote_choice","qes2012","q25"
"master","vote_choice","qes2012_panel","voteprov"
"master","vote_choice","qes_crop_2007_2010","intvoteprov"
"master","vote_choice","qes2008","q12a"
"master","vote_choice","qes2007","q12"
"master","vote_choice","qes2007_panel","vote"
"master","vote_choice","qes1998","intvote"
"master","vote_choice_text","qes2022","cps_votechoice1_8_TEXT"
"master","vote_choice_text","qes2018","q2_96_other"
"master","vote_choice_text","qes2018_panel",
"master","vote_choice_text","qes2014",
"master","vote_choice_text","qes2012",
"master","vote_choice_text","qes2012_panel",
"master","vote_choice_text","qes_crop_2007_2010",
"master","vote_choice_text","qes2008",
"master","vote_choice_text","qes2007",
"master","vote_choice_text","qes2007_panel",
"master","vote_choice_text","qes1998",
"master","party_best","qes2022","cps_partybest"
"master","party_best","qes2018","q8"
"master","party_best","qes2018_panel",
"master","party_best","qes2014","Q8"
"master","party_best","qes2012","q8"
"master","party_best","qes2012_panel",
"master","party_best","qes_crop_2007_2010",
"master","party_best","qes2008",
"master","party_best","qes2007","q8"
"master","party_best","qes2007_panel",
"master","party_best","qes1998",
"master","party_lean","qes2022","cps_votelean"
"master","party_lean","qes2018","q5a"
"master","party_lean","qes2018_panel","rv1b"
"master","party_lean","qes2014","Q5"
"master","party_lean","qes2012","q13"
"master","party_lean","qes2012_panel","intvoteprov"
"master","party_lean","qes_crop_2007_2010","intvoteprov"
"master","party_lean","qes2008","q12b"
"master","party_lean","qes2007","q13"
"master","party_lean","qes2007_panel","intvote"
"master","party_lean","qes1998",
"master","sovereignty_support","qes2022","cps_qc_referendum"
"master","sovereignty_support","qes2018","q26"
"master","sovereignty_support","qes2018_panel","independance"
"master","sovereignty_support","qes2014","Q19"
"master","sovereignty_support","qes2012","q52"
"master","sovereignty_support","qes2012_panel","souv_rec"
"master","sovereignty_support","qes_crop_2007_2010","intvoteref"
"master","sovereignty_support","qes2008","q19"
"master","sovereignty_support","qes2007","q19"
"master","sovereignty_support","qes2007_panel","intref"
"master","sovereignty_support","qes1998","voteref"
"master","sovereignty","qes2022","cps_qc_referendum"
"master","sovereignty","qes2018","q26"
"master","sovereignty","qes2018_panel","independance"
"master","sovereignty","qes2014","Q19"
"master","sovereignty","qes2012","q52"
"master","sovereignty","qes2012_panel","souv_rec"
"master","sovereignty","qes_crop_2007_2010","intvoteref"
"master","sovereignty","qes2008","q19"
"master","sovereignty","qes2007","q19"
"master","sovereignty","qes2007_panel","intref"
"master","sovereignty","qes1998","voteref"
"master","federal_pid","qes2022","cps_fedpid"
"master","federal_pid","qes2018",
"master","federal_pid","qes2018_panel",
"master","federal_pid","qes2014",
"master","federal_pid","qes2012",
"master","federal_pid","qes2012_panel",
"master","federal_pid","qes_crop_2007_2010",
"master","federal_pid","qes2008",
"master","federal_pid","qes2007",
"master","federal_pid","qes2007_panel",
"master","federal_pid","qes1998",
"master","provincial_pid","qes2022","cps_provpid"
"master","provincial_pid","qes2018",
"master","provincial_pid","qes2018_panel",
"master","provincial_pid","qes2014",
"master","provincial_pid","qes2012",
"master","provincial_pid","qes2012_panel",
"master","provincial_pid","qes_crop_2007_2010",
"master","provincial_pid","qes2008",
"master","provincial_pid","qes2007",
"master","provincial_pid","qes2007_panel",
"master","provincial_pid","qes1998",
"master","survey_weight","qes2022","cps_weight_general"
"master","survey_weight","qes2018","pond"
"master","survey_weight","qes2018_panel","weight"
"master","survey_weight","qes2014","POND"
"master","survey_weight","qes2012","pond"
"master","survey_weight","qes2012_panel","pond"
"master","survey_weight","qes_crop_2007_2010","XPOND"
"master","survey_weight","qes2008","pond"
"master","survey_weight","qes2007","pond"
"master","survey_weight","qes2007_panel","pond"
"master","survey_weight","qes1998","ponderc"
"master","respondent_id","qes_demo","(synthetic_rowid)"
"master","interview_start","qes_demo",
"master","interview_end","qes_demo",
"master","interview_recorded","qes_demo",
"master","language","qes_demo","LANG"
"master","citizenship","qes_demo",
"master","year_of_birth","qes_demo","QAGE"
"master","age","qes_demo",
"master","age_group","qes_demo",
"master","gender","qes_demo","QSEXE"
"master","province_territory","qes_demo","QREGION"
"master","education","qes_demo",
"master","income","qes_demo",
"master","religion","qes_demo",
"master","born_canada","qes_demo",
"master","political_interest","qes_demo","Q28"
"master","ideology","qes_demo","Q32"
"master","turnout","qes_demo","Q2"
"master","vote_choice","qes_demo","Q3"
"master","vote_choice_text","qes_demo",
"master","party_best","qes_demo",
"master","party_lean","qes_demo",
"master","sovereignty_support","qes_demo","Q19"
"master","sovereignty","qes_demo","Q19"
"master","federal_pid","qes_demo",
"master","provincial_pid","qes_demo",
"master","survey_weight","qes_demo","POND"
"decon","citizenship","qes2022","cps_citizen"
"decon","citizenship","qes2018",
"decon","citizenship","qes2018_panel",
"decon","citizenship","qes2014",
"decon","citizenship","qes2012",
"decon","citizenship","qes2012_panel",
"decon","citizenship","qes_crop_2007_2010",
"decon","citizenship","qes2008",
"decon","citizenship","qes2007",
"decon","citizenship","qes2007_panel",
"decon","citizenship","qes1998",
"decon","yob","qes2022","cps_yob"
"decon","yob","qes2018","ageyear_1"
"decon","yob","qes2018_panel",
"decon","yob","qes2014",
"decon","yob","qes2012",
"decon","yob","qes2012_panel",
"decon","yob","qes_crop_2007_2010",
"decon","yob","qes2008",
"decon","yob","qes2007",
"decon","yob","qes2007_panel",
"decon","yob","qes1998",
"decon","age","qes2022","cps_age_in_years"
"decon","age","qes2018","age"
"decon","age","qes2018_panel","age"
"decon","age","qes2014",
"decon","age","qes2012","age"
"decon","age","qes2012_panel","age"
"decon","age","qes_crop_2007_2010",
"decon","age","qes2008",
"decon","age","qes2007",
"decon","age","qes2007_panel","age"
"decon","age","qes1998","age"
"decon","gender","qes2022","cps_genderid"
"decon","gender","qes2018","qsexe"
"decon","gender","qes2018_panel",
"decon","gender","qes2014","QSEXE"
"decon","gender","qes2012",
"decon","gender","qes2012_panel",
"decon","gender","qes_crop_2007_2010",
"decon","gender","qes2008",
"decon","gender","qes2007",
"decon","gender","qes2007_panel",
"decon","gender","qes1998",
"decon","province_territory","qes2022","cps_province"
"decon","province_territory","qes2018","regio"
"decon","province_territory","qes2018_panel",
"decon","province_territory","qes2014","REGIO"
"decon","province_territory","qes2012","regio"
"decon","province_territory","qes2012_panel",
"decon","province_territory","qes_crop_2007_2010",
"decon","province_territory","qes2008","regio"
"decon","province_territory","qes2007",
"decon","province_territory","qes2007_panel",
"decon","province_territory","qes1998",
"decon","education","qes2022","cps_edu"
"decon","education","qes2018","qscol"
"decon","education","qes2018_panel",
"decon","education","qes2014","QSCOL"
"decon","education","qes2012",
"decon","education","qes2012_panel",
"decon","education","qes_crop_2007_2010",
"decon","education","qes2008",
"decon","education","qes2007",
"decon","education","qes2007_panel",
"decon","education","qes1998",
"decon","political_interest","qes2022","cps_interest_1"
"decon","political_interest","qes2018",
"decon","political_interest","qes2018_panel",
"decon","political_interest","qes2014",
"decon","political_interest","qes2012",
"decon","political_interest","qes2012_panel",
"decon","political_interest","qes_crop_2007_2010",
"decon","political_interest","qes2008",
"decon","political_interest","qes2007",
"decon","political_interest","qes2007_panel",
"decon","political_interest","qes1998",
"decon","turnout","qes2022","cps_turnout"
"decon","turnout","qes2018","q1"
"decon","turnout","qes2018_panel","q1"
"decon","turnout","qes2014","Q1"
"decon","turnout","qes2012","q1"
"decon","turnout","qes2012_panel",
"decon","turnout","qes_crop_2007_2010",
"decon","turnout","qes2008","q1"
"decon","turnout","qes2007","q1"
"decon","turnout","qes2007_panel",
"decon","turnout","qes1998",
"decon","votechoice","qes2022","cps_votechoice1"
"decon","votechoice","qes2018","q2"
"decon","votechoice","qes2018_panel","q2"
"decon","votechoice","qes2014","Q2"
"decon","votechoice","qes2012","q2"
"decon","votechoice","qes2012_panel",
"decon","votechoice","qes_crop_2007_2010",
"decon","votechoice","qes2008",
"decon","votechoice","qes2007","q2"
"decon","votechoice","qes2007_panel",
"decon","votechoice","qes1998",
"decon","votechoice_text","qes2022","cps_votechoice1_8_TEXT"
"decon","votechoice_text","qes2018",
"decon","votechoice_text","qes2018_panel",
"decon","votechoice_text","qes2014",
"decon","votechoice_text","qes2012",
"decon","votechoice_text","qes2012_panel",
"decon","votechoice_text","qes_crop_2007_2010",
"decon","votechoice_text","qes2008",
"decon","votechoice_text","qes2007",
"decon","votechoice_text","qes2007_panel",
"decon","votechoice_text","qes1998",
"decon","party_best","qes2022","cps_partybest"
"decon","party_best","qes2018",
"decon","party_best","qes2018_panel",
"decon","party_best","qes2014",
"decon","party_best","qes2012",
"decon","party_best","qes2012_panel",
"decon","party_best","qes_crop_2007_2010",
"decon","party_best","qes2008",
"decon","party_best","qes2007",
"decon","party_best","qes2007_panel",
"decon","party_best","qes1998",
"decon","partylean","qes2022","cps_votelean"
"decon","partylean","qes2018",
"decon","partylean","qes2018_panel",
"decon","partylean","qes2014",
"decon","partylean","qes2012",
"decon","partylean","qes2012_panel",
"decon","partylean","qes_crop_2007_2010",
"decon","partylean","qes2008",
"decon","partylean","qes2007",
"decon","partylean","qes2007_panel",
"decon","partylean","qes1998",
"decon","fed_pid","qes2022","cps_fedpid"
"decon","fed_pid","qes2018",
"decon","fed_pid","qes2018_panel",
"decon","fed_pid","qes2014",
"decon","fed_pid","qes2012",
"decon","fed_pid","qes2012_panel",
"decon","fed_pid","qes_crop_2007_2010",
"decon","fed_pid","qes2008",
"decon","fed_pid","qes2007",
"decon","fed_pid","qes2007_panel",
"decon","fed_pid","qes1998",
"decon","prov_pid","qes2022","cps_provpid"
"decon","prov_pid","qes2018",
"decon","prov_pid","qes2018_panel",
"decon","prov_pid","qes2014",
"decon","prov_pid","qes2012",
"decon","prov_pid","qes2012_panel",
"decon","prov_pid","qes_crop_2007_2010",
"decon","prov_pid","qes2008",
"decon","prov_pid","qes2007",
"decon","prov_pid","qes2007_panel",
"decon","prov_pid","qes1998",
"decon","ideology","qes2022","cps_ideoself_1"
"decon","ideology","qes2018",
"decon","ideology","qes2018_panel",
"decon","ideology","qes2014",
"decon","ideology","qes2012",
"decon","ideology","qes2012_panel",
"decon","ideology","qes_crop_2007_2010",
"decon","ideology","qes2008",
"decon","ideology","qes2007",
"decon","ideology","qes2007_panel",
"decon","ideology","qes1998",
"decon","income","qes2022","cps_income"
"decon","income","qes2018",
"decon","income","qes2018_panel",
"decon","income","qes2014",
"decon","income","qes2012",
"decon","income","qes2012_panel",
"decon","income","qes_crop_2007_2010",
"decon","income","qes2008",
"decon","income","qes2007",
"decon","income","qes2007_panel",
"decon","income","qes1998",
"decon","religion","qes2022","cps_religion"
"decon","religion","qes2018",
"decon","religion","qes2018_panel",
"decon","religion","qes2014",
"decon","religion","qes2012",
"decon","religion","qes2012_panel",
"decon","religion","qes_crop_2007_2010",
"decon","religion","qes2008",
"decon","religion","qes2007",
"decon","religion","qes2007_panel",
"decon","religion","qes1998",
"decon","born_canada","qes2022","cps_borncda"
"decon","born_canada","qes2018",
"decon","born_canada","qes2018_panel",
"decon","born_canada","qes2014",
"decon","born_canada","qes2012",
"decon","born_canada","qes2012_panel",
"decon","born_canada","qes_crop_2007_2010",
"decon","born_canada","qes2008",
"decon","born_canada","qes2007",
"decon","born_canada","qes2007_panel",
"decon","born_canada","qes1998",
"decon","citizenship","qes_demo",
"decon","yob","qes_demo",
"decon","age","qes_demo",
"decon","gender","qes_demo","QSEXE"
"decon","province_territory","qes_demo",
"decon","education","qes_demo",
"decon","political_interest","qes_demo",
"decon","turnout","qes_demo",
"decon","votechoice","qes_demo","Q2"
"decon","votechoice_text","qes_demo",
"decon","party_best","qes_demo",
"decon","partylean","qes_demo",
"decon","fed_pid","qes_demo",
"decon","prov_pid","qes_demo",
"decon","ideology","qes_demo",
"decon","income","qes_demo",
"decon","religion","qes_demo",
"decon","born_canada","qes_demo",
