"file","doi","server","dataset_version","publisher","persistent_url","url","licence","fetched_on","md5","edits"
"10.5683_SP2_6XGOKA.json","10.5683/SP2/6XGOKA","https://borealisdata.ca","1.0","Borealis","https://doi.org/10.5683/SP2/6XGOKA","https://borealisdata.ca/api/datasets/:persistentId/versions/1.0?persistentId=doi:10.5683/SP2/6XGOKA","CC0 1.0","2026-10-05","34bb1a8f2ba03fbf73366e72abd3240d",""
"10.5683_SP2_8KEYU3.json","10.5683/SP2/8KEYU3","https://borealisdata.ca","1.0","Borealis","https://doi.org/10.5683/SP2/8KEYU3","https://borealisdata.ca/api/datasets/:persistentId/versions/1.0?persistentId=doi:10.5683/SP2/8KEYU3","CC0 1.0","2026-10-05","814ec7e0a97af7c03834780525633ea0",""
"10.5683_SP2_QFUAWG.json","10.5683/SP2/QFUAWG","https://borealisdata.ca","1.0","Borealis","https://doi.org/10.5683/SP2/QFUAWG","https://borealisdata.ca/api/datasets/:persistentId/versions/1.0?persistentId=doi:10.5683/SP2/QFUAWG","CC0 1.0","2026-10-05","0bffb0c393d6032c39d7c59aa42c0793",""
"10.5683_SP2_WXUPXT.json","10.5683/SP2/WXUPXT","https://borealisdata.ca","1.0","Borealis","https://doi.org/10.5683/SP2/WXUPXT","https://borealisdata.ca/api/datasets/:persistentId/versions/1.0?persistentId=doi:10.5683/SP2/WXUPXT","CC0 1.0","2026-10-05","07b23dddaaa77c975ec95e8124a1f29c",""
"10.5683_SP3_64F7WR.json","10.5683/SP3/64F7WR","https://borealisdata.ca","1.0","Borealis","https://doi.org/10.5683/SP3/64F7WR","https://borealisdata.ca/api/datasets/:persistentId/versions/1.0?persistentId=doi:10.5683/SP3/64F7WR","CC0 1.0","2026-10-05","ff0b8a1d5b4540209a2990864b1506c3",""
"10.5683_SP3_IRZ1PF.json","10.5683/SP3/IRZ1PF","https://borealisdata.ca","1.0","Borealis","https://doi.org/10.5683/SP3/IRZ1PF","https://borealisdata.ca/api/datasets/:persistentId/versions/1.0?persistentId=doi:10.5683/SP3/IRZ1PF","CC0 1.0","2026-10-05","ba4d824f4899a8068cacb9cf7579bbc2",""
"10.5683_SP3_NDS6VT.json","10.5683/SP3/NDS6VT","https://borealisdata.ca","1.0","Borealis","https://doi.org/10.5683/SP3/NDS6VT","https://borealisdata.ca/api/datasets/:persistentId/versions/1.0?persistentId=doi:10.5683/SP3/NDS6VT","CC0 1.0","2026-10-05","8ae87a8314ea53013f913cf4de8bcfb9",""
"10.5683_SP3_NWTGWS.json","10.5683/SP3/NWTGWS","https://borealisdata.ca","1.0","Borealis","https://doi.org/10.5683/SP3/NWTGWS","https://borealisdata.ca/api/datasets/:persistentId/versions/1.0?persistentId=doi:10.5683/SP3/NWTGWS","CC0 1.0","2026-10-05","a642ce6e874aec031111db0dd57dfe7f",""
"10.5683_SP3_RKHPVL.json","10.5683/SP3/RKHPVL","https://borealisdata.ca","1.0","Borealis","https://doi.org/10.5683/SP3/RKHPVL","https://borealisdata.ca/api/datasets/:persistentId/versions/1.0?persistentId=doi:10.5683/SP3/RKHPVL","CC0 1.0","2026-10-05","3c6a92914c824cc25f6374b48475c315",""
"10.5683_SP3_XDDMMR.json","10.5683/SP3/XDDMMR","https://borealisdata.ca","1.0","Borealis","https://doi.org/10.5683/SP3/XDDMMR","https://borealisdata.ca/api/datasets/:persistentId/versions/1.0?persistentId=doi:10.5683/SP3/XDDMMR","CC0 1.0","2026-10-05","1b427d022eb524cf3711ed162e752258",""
"10.7910_DVN_PAQBDR.json","10.7910/DVN/PAQBDR","https://dataverse.harvard.edu","1.1","Harvard Dataverse","https://doi.org/10.7910/DVN/PAQBDR","https://dataverse.harvard.edu/api/datasets/:persistentId/versions/1.1?persistentId=doi:10.7910/DVN/PAQBDR","CC BY-NC 4.0","2026-10-05","ce7a028969968e21eb349973305fe9e7","datasetContactEmail field removed"
